{"ADP":{"name":"Andorransk peseta","pluralName":{"one":"Andorransk peseta","other":"Andorranske pesetas"}},"AED":{"name":"Dirham fra de Forenede Arabiske Emirater","pluralName":{"one":"FAE-dirham","other":"FAE-dirham"}},"AFA":{"name":"Afghansk afghani (1927–2002)","pluralName":{"one":"Afghansk afghani (1927–2002)","other":"Afghanske afghani (1927–2002)"}},"AFN":{"name":"Afghansk afghani","pluralName":{"one":"Afghansk afghani","other":"Afghanske afghani"}},"ALL":{"name":"Albansk lek","pluralName":{"one":"Albansk lek","other":"Albanske lek"}},"AMD":{"name":"Armensk dram","pluralName":{"one":"Armensk dram","other":"Armenske dram"}},"ANG":{"name":"Nederlandske Antiller-gylden","pluralName":{"one":"Nederlandske Antiller-gylden","other":"Nederlandske Antiller-gylden"}},"AOA":{"name":"Angolansk kwanza","pluralName":{"one":"Angolansk kwanza","other":"Angolanske kwanza"},"symbolNarrow":"Kz"},"AOK":{"name":"Angolansk kwanza (1977–1990)","pluralName":{"one":"Angolansk kwanza (1977–1990)","other":"Angolanske kwanza (1977–1990)"}},"AON":{"name":"Angolansk nye kwanza (1990–2000)","pluralName":{"one":"Angolansk nye kwanza (1990–2000)","other":"Angolanske nye kwanza (1990–2000)"}},"AOR":{"name":"Angolansk kwanza (1995–1999)","pluralName":{"one":"Angolansk kwanza (1995–1999)","other":"Angolanske kwanza (1995–1999)"}},"ARA":{"name":"Argentinsk austral","pluralName":{"one":"Argentinsk austral","other":"Argentinske austral"}},"ARL":{"name":"ARL"},"ARM":{"name":"ARM"},"ARP":{"name":"Argentinsk peso (1983–1985)","pluralName":{"one":"Argentinsk pesos (1983–1985)","other":"Argentinske pesos (1983–1985)"}},"ARS":{"name":"Argentinsk peso","pluralName":{"one":"Argentinsk pesos","other":"Argentinske pesos"},"symbolNarrow":"$"},"ATS":{"name":"Østrigsk schilling","pluralName":{"one":"Østrigsk schilling","other":"Østrigske schilling"}},"AUD":{"symbol":"AU$","name":"Australsk dollar","pluralName":{"one":"Australsk dollar","other":"Australske dollar"},"symbolNarrow":"$"},"AWG":{"name":"Arubansk florin","pluralName":{"one":"Arubansk florin","other":"Arubanske floriner"}},"AZM":{"name":"Aserbajdsjansk manat (1993–2006)","pluralName":{"one":"Aserbajdsjansk manat (1993–2006)","other":"Aserbajdsjanske manat (1993–2006)"}},"AZN":{"name":"Aserbajdsjansk manat","pluralName":{"one":"Aserbajdsjansk manat","other":"Aserbajdsjanske manat"}},"BAD":{"name":"Bosnien-Hercegovinsk dinar","pluralName":{"one":"Bosnien-Hercegovinsk dinar","other":"Bosnien-Hercegovinske dinarer"}},"BAM":{"name":"Bosnien-Hercegovinsk konvertibel mark","pluralName":{"one":"Bosnien-Hercegovinsk konvertibel mark","other":"Bosnien-Hercegovinske konvertible mark"},"symbolNarrow":"KM"},"BAN":{"name":"BAN"},"BBD":{"name":"Barbadisk dollar","pluralName":{"one":"Barbadisk dollar","other":"Barbadiske dollar"},"symbolNarrow":"$"},"BDT":{"name":"Bangladeshisk taka","pluralName":{"one":"Bangladeshisk taka","other":"Bangladeshiske taka"},"symbolNarrow":"৳"},"BEC":{"name":"Belgisk franc (konvertibel)","pluralName":{"one":"Belgisk franc (konvertibel)","other":"Belgiske franc (konvertible)"}},"BEF":{"name":"Belgisk franc","pluralName":{"one":"Belgisk franc","other":"Belgiske franc"}},"BEL":{"name":"Belgisk franc (financial)","pluralName":{"one":"Belgisk franc (financial)","other":"Belgiske franc (financial)"}},"BGL":{"name":"Bulgarsk hard lev","pluralName":{"one":"Bulgarsk hard lev","other":"Bulgarske hard lev"}},"BGM":{"name":"BGM"},"BGN":{"name":"Bulgarsk lev","pluralName":{"one":"Bulgarsk lev","other":"Bulgarske lev"}},"BGO":{"name":"BGO"},"BHD":{"name":"Bahrainsk dinar","pluralName":{"one":"Bahrainsk dinar","other":"Bahrainske dinarer"}},"BIF":{"name":"Burundisk franc","pluralName":{"one":"Burundisk franc","other":"Burundiske franc"}},"BMD":{"name":"Bermudansk dollar","pluralName":{"one":"Bermudansk dollar","other":"Bermudanske dollar"},"symbolNarrow":"$"},"BND":{"name":"Bruneisk dollar","pluralName":{"one":"Bruneisk dollar","other":"Bruneiske dollar"},"symbolNarrow":"$"},"BOB":{"name":"Boliviansk boliviano","pluralName":{"one":"Boliviansk boliviano","other":"Bolivianske boliviano"},"symbolNarrow":"Bs"},"BOL":{"name":"BOL"},"BOP":{"name":"Boliviansk peso","pluralName":{"one":"Boliviansk peso","other":"Bolivianske pesos"}},"BOV":{"name":"Boliviansk mvdol","pluralName":{"one":"Boliviansk mvdol","other":"Bolivianske mvdol"}},"BRB":{"name":"Brasiliansk cruzeiro novo (1967–1986)","pluralName":{"one":"Brasiliansk cruzeiro novo (1967–1986)","other":"Brasilianske cruzeiro novo (1967–1986)"}},"BRC":{"name":"Brasiliansk cruzado (1986–1989)","pluralName":{"one":"Brasiliansk cruzado (1986–1989)","other":"Brasilianske cruzado (1986–1989)"}},"BRE":{"name":"Brasiliansk cruzeiro (1990–1993)","pluralName":{"one":"Brasiliansk cruzeiro (1990–1993)","other":"Brasilianske cruzeiro (1990–1993)"}},"BRL":{"symbol":"R$","name":"Brasiliansk real","pluralName":{"one":"Brasiliansk real","other":"Brasilianske real"},"symbolNarrow":"R$"},"BRN":{"name":"Brasiliansk cruzado novo (1989–1990)","pluralName":{"one":"Brasiliansk cruzado novo (1989–1990)","other":"Brasilianske cruzado novo (1989–1990)"}},"BRR":{"name":"Brasiliansk cruzeiro (1993–1994)","pluralName":{"one":"Brasiliansk cruzeiro (1993–1994)","other":"Brasilianske cruzeiro (1993–1994)"}},"BRZ":{"name":"BRZ"},"BSD":{"name":"Bahamansk dollar","pluralName":{"one":"Bahamansk dollar","other":"Bahamanske dollar"},"symbolNarrow":"$"},"BTN":{"name":"Bhutansk ngultrum","pluralName":{"one":"Bhutansk ngultrum","other":"Bhutanske ngultrum"}},"BUK":{"name":"Burmesisk kyat","pluralName":{"one":"Burmesisk kyat","other":"Burmesiske kyat"}},"BWP":{"name":"Botswansk pula","pluralName":{"one":"Botswansk pula","other":"Botswanske pula"},"symbolNarrow":"P"},"BYB":{"name":"Hviderussisk rubel (1994–1999)","pluralName":{"one":"Hviderussisk rubel (1994–1999)","other":"Hviderussiske rubler (1994–1999)"}},"BYR":{"name":"Hviderussisk rubel","pluralName":{"one":"Hviderussisk rubel","other":"Hviderussiske rubler"},"symbolNarrow":"р."},"BZD":{"name":"Belizisk dollar","pluralName":{"one":"Belizisk dollar","other":"Beliziske dollar"},"symbolNarrow":"$"},"CAD":{"symbol":"CA$","name":"Canadisk dollar","pluralName":{"one":"Canadisk dollar","other":"Canadiske dollar"},"symbolNarrow":"$"},"CDF":{"name":"Congolesisk franc","pluralName":{"one":"Congolesisk franc","other":"Congolesiske franc"}},"CHE":{"name":"WIR euro","pluralName":{"one":"WIR euro","other":"WIR euro"}},"CHF":{"name":"Schweizisk franc","pluralName":{"one":"Schweizisk franc","other":"Schweiziske franc"}},"CHW":{"name":"WIR franc","pluralName":{"one":"WIR franc","other":"WIR franc"}},"CLE":{"name":"CLE"},"CLF":{"name":"CLF"},"CLP":{"name":"Chilensk peso","pluralName":{"one":"Chilensk pesos","other":"Chilenske pesos"},"symbolNarrow":"$"},"CNY":{"symbol":"CN¥","name":"Kinesisk yuan renminbi","pluralName":{"one":"Kinesisk yuan","other":"Kinesiske yuan"},"symbolNarrow":"¥"},"COP":{"name":"Colombiansk peso","pluralName":{"one":"Colombiansk pesos","other":"Colombianske pesos"},"symbolNarrow":"$"},"COU":{"name":"COU"},"CRC":{"name":"Costaricansk colón","pluralName":{"one":"Costaricansk colón","other":"Costaricanske colón"},"symbolNarrow":"₡"},"CSD":{"name":"Serbisk dinar (2002–2006)","pluralName":{"one":"Serbisk dinar (2002–2006)","other":"Serbiske dinar (2002–2006)"}},"CSK":{"name":"Tjekkoslovakisk hard koruna","pluralName":{"one":"Tjekkoslovakisk hard koruna","other":"Tjekkoslovakiske hard koruna"}},"CUC":{"name":"Cubansk konvertibel peso","pluralName":{"one":"Cubansk konvertible pesos","other":"Cubanske konvertible pesos"},"symbolNarrow":"$"},"CUP":{"name":"Cubansk peso","pluralName":{"one":"Cubansk pesos","other":"Cubanske pesos"},"symbolNarrow":"$"},"CVE":{"name":"Kapverdisk escudo","pluralName":{"one":"Kapverdisk escudo","other":"Kapverdiske escudos"}},"CYP":{"name":"Cypriotisk pund","pluralName":{"one":"Cypriotisk pund","other":"Cypriotiske pund"}},"CZK":{"name":"Tjekkisk koruna","pluralName":{"one":"Tjekkisk koruna","other":"Tjekkiske koruna"},"symbolNarrow":"Kč"},"DDM":{"name":"Østtysk mark","pluralName":{"one":"Østtysk mark","other":"Østtyske mark"}},"DEM":{"name":"Tysk mark","pluralName":{"one":"Tysk mark","other":"Tyske mark"}},"DJF":{"name":"Djiboutisk franc","pluralName":{"one":"Djiboutisk franc","other":"Djiboutiske franc"}},"DKK":{"symbol":"kr.","name":"Dansk krone","pluralName":{"one":"Dansk krone","other":"Danske kroner"},"symbolNarrow":"kr"},"DOP":{"name":"Dominikansk peso","pluralName":{"one":"Dominikansk peso","other":"Dominikanske pesos"},"symbolNarrow":"$"},"DZD":{"name":"Algerisk dinar","pluralName":{"one":"Algerisk dinar","other":"Algeriske dinarer"}},"ECS":{"name":"Ecuadoriansk sucre","pluralName":{"one":"Ecuadoriansk sucre","other":"Ecuadorianske sucre"}},"ECV":{"name":"ECV"},"EEK":{"name":"Estisk kroon","pluralName":{"one":"Estisk kroon","other":"Estiske kroon"}},"EGP":{"name":"Egyptisk pund","pluralName":{"one":"Egyptisk pund","other":"Egyptiske pund"},"symbolNarrow":"E£"},"ERN":{"name":"Eritreisk nakfa","pluralName":{"one":"Eritreisk nakfa","other":"Eritreiske nakfa"}},"ESA":{"name":"Spansk peseta (A–konto)","pluralName":{"one":"Spansk peseta (A–konto)","other":"Spanske peseta (A–konto)"}},"ESB":{"name":"Spansk peseta (konvertibel konto)","pluralName":{"one":"Spansk peseta (konvertibel konto)","other":"Spanske peseta (konvertibel konto)"}},"ESP":{"name":"Spansk peseta","pluralName":{"one":"Spansk pesetas","other":"Spanske pesetas"},"symbolNarrow":"₧"},"ETB":{"name":"Etiopisk birr","pluralName":{"one":"Etiopisk birr","other":"Etiopiske birr"}},"EUR":{"symbol":"€","name":"Euro","pluralName":{"one":"Euro","other":"Euro"},"symbolNarrow":"€"},"FIM":{"name":"Finsk mark","pluralName":{"one":"Finsk mark","other":"Finske mark"}},"FJD":{"name":"Fijiansk dollar","pluralName":{"one":"Fijiansk dollar","other":"Fijianske dollar"},"symbolNarrow":"$"},"FKP":{"name":"Pund fra Falklandsøerne","pluralName":{"one":"Pund fra Falklandsøerne","other":"Pund fra Falklandsøerne"},"symbolNarrow":"£"},"FRF":{"name":"Fransk franc","pluralName":{"one":"Fransk franc","other":"Franske franc"}},"GBP":{"symbol":"£","name":"Britisk pund","pluralName":{"one":"Britisk pund","other":"Britiske pund"},"symbolNarrow":"£"},"GEK":{"name":"Georgisk kupon larit","pluralName":{"one":"Georgisk kupon larit","other":"Georgiske kupon larit"}},"GEL":{"name":"Georgisk lari","pluralName":{"one":"Georgisk lari","other":"Georgiske lari"}},"GHC":{"name":"Ghanesisk cedi (1979–2007)","pluralName":{"one":"Ghanesisk cedi (1979–2007)","other":"Ghanesiske cedi (1979–2007)"}},"GHS":{"name":"Ghanesisk cedi","pluralName":{"one":"Ghanesisk cedi","other":"Ghanesiske cedi"}},"GIP":{"name":"Gibraltarisk pund","pluralName":{"one":"Gibraltarisk pund","other":"Gibraltariske pund"},"symbolNarrow":"£"},"GMD":{"name":"Gambisk dalasi","pluralName":{"one":"Gambisk dalasi","other":"Gambiske dalasi"}},"GNF":{"name":"Guineansk franc","pluralName":{"one":"Guineansk franc","other":"Guineanske franc"},"symbolNarrow":"FG"},"GNS":{"name":"Guineansk syli","pluralName":{"one":"Guineansk syli","other":"Guineanske syli"}},"GQE":{"name":"Ækvatorialguineask ekwele","pluralName":{"one":"Ækvatorialguineask ekwele","other":"Ækvatorialguineaske ekwele"}},"GRD":{"name":"Græsk drakme","pluralName":{"one":"Græsk drakmer","other":"Græske drakmer"}},"GTQ":{"name":"Guatemalansk quetzal","pluralName":{"one":"Guatemalansk quetzal","other":"Guatemalanske quetzal"},"symbolNarrow":"Q"},"GWE":{"name":"Portugisisk guinea escudo","pluralName":{"one":"Portugisiske guinea escudo","other":"Portugisiske guinea escudo"}},"GWP":{"name":"Guineansk peso","pluralName":{"one":"Guinea-Bissau-peso","other":"Guinea-Bissau-pesos"}},"GYD":{"name":"Guyansk dollar","pluralName":{"one":"Guyansk dollar","other":"Guyanske dollar"},"symbolNarrow":"$"},"HKD":{"symbol":"HK$","name":"Hongkong dollar","pluralName":{"one":"Hongkong dollar","other":"Hongkong dollar"},"symbolNarrow":"$"},"HNL":{"name":"Honduransk lempira","pluralName":{"one":"Honduransk lempira","other":"Honduranske lempira"},"symbolNarrow":"L"},"HRD":{"name":"Kroatisk dinar","pluralName":{"one":"Kroatisk dinar","other":"Kroatiske dinarer"}},"HRK":{"name":"Kroatisk kuna","pluralName":{"one":"Kroatisk kuna","other":"Kroatiske kuna"},"symbolNarrow":"kn"},"HTG":{"name":"Haitisk gourde","pluralName":{"one":"Haitisk gourde","other":"Haitiske gourde"}},"HUF":{"name":"Ungarsk forint","pluralName":{"one":"Ungarsk forint","other":"Ungarske forint"},"symbolNarrow":"Ft"},"IDR":{"name":"Indonesisk rupiah","pluralName":{"one":"Indonesisk rupiah","other":"Indonesiske rupiah"},"symbolNarrow":"Rp"},"IEP":{"name":"Irsk pund","pluralName":{"one":"Irsk pund","other":"Irske pund"}},"ILP":{"name":"Israelsk pund","pluralName":{"one":"Israelsk pund","other":"Israelske pund"}},"ILS":{"symbol":"₪","name":"Ny israelsk shekel","pluralName":{"one":"Ny israelsk shekel","other":"Nye israelske shekel"},"symbolNarrow":"₪"},"INR":{"symbol":"₹","name":"Indisk rupee","pluralName":{"one":"Indisk rupee","other":"Indiske rupees"},"symbolNarrow":"₹"},"IQD":{"name":"Irakisk dinar","pluralName":{"one":"Irakisk dinar","other":"Irakiske dinarer"}},"IRR":{"name":"Iransk rial","pluralName":{"one":"Iransk rial","other":"Iranske rial"}},"ISK":{"name":"Islansk krone","pluralName":{"one":"Islandsk krone","other":"Islandske kroner"},"symbolNarrow":"kr"},"ITL":{"name":"Italiensk lire","pluralName":{"one":"Italiensk lire","other":"Italienske lire"}},"JMD":{"name":"Jamaicansk dollar","pluralName":{"one":"Jamaicansk dollar","other":"Jamaicanske dollar"},"symbolNarrow":"$"},"JOD":{"name":"Jordansk dinar","pluralName":{"one":"Jordansk dinar","other":"Jordanske dinarer"}},"JPY":{"symbol":"JP¥","name":"Japansk yen","pluralName":{"one":"Japansk yen","other":"Japanske yen"},"symbolNarrow":"¥"},"KES":{"name":"Kenyansk shilling","pluralName":{"one":"Kenyansk shilling","other":"Kenyanske shilling"}},"KGS":{"name":"Kirgisisk som","pluralName":{"one":"Kirgisisk sum","other":"Kirgisiske som"}},"KHR":{"name":"Cambodjansk riel","pluralName":{"one":"Cambodjansk riel","other":"Cambodjanske riel"},"symbolNarrow":"៛"},"KMF":{"name":"Comorisk franc","pluralName":{"one":"Comorisk franc","other":"Comoriske franc"},"symbolNarrow":"CF"},"KPW":{"name":"Nordkoreansk won","pluralName":{"one":"Nordkoreansk won","other":"Nordkoreanske won"},"symbolNarrow":"₩"},"KRH":{"name":"KRH"},"KRO":{"name":"KRO"},"KRW":{"symbol":"₩","name":"Sydkoreansk won","pluralName":{"one":"Sydkoreansk won","other":"Sydkoreanske won"},"symbolNarrow":"₩"},"KWD":{"name":"Kuwaitisk dinar","pluralName":{"one":"Kuwaitisk dinar","other":"Kuwaitiske dinarer"}},"KYD":{"name":"Caymansk dollar","pluralName":{"one":"Caymansk dollar","other":"Caymansk dollar"},"symbolNarrow":"$"},"KZT":{"name":"Kasakhisk tenge","pluralName":{"one":"Kasakhisk tenge","other":"Kasakhiske tenge"},"symbolNarrow":"₸"},"LAK":{"name":"Laotisk kip","pluralName":{"one":"Laotisk kip","other":"Laotiske kip"},"symbolNarrow":"₭"},"LBP":{"name":"Libanesisk pund","pluralName":{"one":"Libanesisk pund","other":"Libanesiske pund"},"symbolNarrow":"L£"},"LKR":{"name":"Srilankansk rupee","pluralName":{"one":"Srilankansk rupee","other":"Srilankanske rupees"},"symbolNarrow":"Rs"},"LRD":{"name":"Liberisk dollar","pluralName":{"one":"Liberisk dollar","other":"Liberiske dollar"},"symbolNarrow":"$"},"LSL":{"name":"Lesothisk loti","pluralName":{"one":"Lesothisk loti","other":"Lesothiske loti"}},"LTL":{"name":"Litauisk litas","pluralName":{"one":"Litauisk litas","other":"Litauiske litai"},"symbolNarrow":"Lt"},"LTT":{"name":"Litauisk talonas","pluralName":{"one":"Litauisk talonas","other":"Litauiske talonas"}},"LUC":{"name":"Luxembourgsk konvertibel franc","pluralName":{"one":"Luxembourgsk konvertibel franc","other":"Luxembourgsk konvertibel franc"}},"LUF":{"name":"Luxembourgsk franc","pluralName":{"one":"Luxembourgsk franc","other":"Luxembourgske franc"}},"LUL":{"name":"Luxembourgsk finansiel franc","pluralName":{"one":"Luxembourgsk finansiel franc","other":"Luxembourgsk finansiel franc"}},"LVL":{"name":"Lettisk lat","pluralName":{"one":"Lettisk lat","other":"Lettiske lats"},"symbolNarrow":"Ls"},"LVR":{"name":"Lettisk rubel","pluralName":{"one":"Lettisk rubel","other":"Lettiske rubler"}},"LYD":{"name":"Libysk dinar","pluralName":{"one":"Libysk dinar","other":"Libyske dinarer"}},"MAD":{"name":"Marokkansk dirham","pluralName":{"one":"Marokkansk dirham","other":"Marokkanske dirham"}},"MAF":{"name":"Marokkansk franc","pluralName":{"one":"Marokkansk franc","other":"Marokkanske franc"}},"MCF":{"name":"MCF"},"MDC":{"name":"MDC"},"MDL":{"name":"Moldovisk leu","pluralName":{"one":"Moldovisk leu","other":"Moldoviske leu"}},"MGA":{"name":"Madagaskisk ariary","pluralName":{"one":"Madagaskisk ariary","other":"Madagaskiske ariary"},"symbolNarrow":"Ar"},"MGF":{"name":"Madagaskisk franc","pluralName":{"one":"Madagaskisk franc","other":"Madagaskiske franc"}},"MKD":{"name":"Makedonsk denar","pluralName":{"one":"Makedonsk denar","other":"Makedonske denarer"}},"MKN":{"name":"MKN"},"MLF":{"name":"Malisk franc","pluralName":{"one":"Malisk franc","other":"Maliske franc"}},"MMK":{"name":"Myanmarsk kyat","pluralName":{"one":"Myanmarsk kyat","other":"Myanmarske kyat"},"symbolNarrow":"K"},"MNT":{"name":"Mongolsk tugrik","pluralName":{"one":"Mongolsk tugrik","other":"Mongolske tugrik"},"symbolNarrow":"₮"},"MOP":{"name":"Macaosk pataca","pluralName":{"one":"Macaosk pataca","other":"Macaoske pataca"}},"MRO":{"name":"Mauritansk ouguiya","pluralName":{"one":"Mauritansk ouguiya","other":"Mauritanske ouguiya"}},"MTL":{"name":"Maltesisk lira","pluralName":{"one":"Maltesisk lira","other":"Maltesiske lira"}},"MTP":{"name":"Maltesisk pund","pluralName":{"one":"Maltesisk pund","other":"Maltesiske pund"}},"MUR":{"name":"Mauritisk rupee","pluralName":{"one":"Mauritisk rupee","other":"Mauritiske rupees"},"symbolNarrow":"Rs"},"MVR":{"name":"Maldivisk rufiyaa","pluralName":{"one":"Maldivisk rufiyaa","other":"Maldiviske rufiyaa"}},"MWK":{"name":"Malawisk kwacha","pluralName":{"one":"Malawisk kwacha","other":"Malawiske kwacha"}},"MXN":{"symbol":"MX$","name":"Mexicansk peso","pluralName":{"one":"Mexicansk pesos","other":"Mexicanske pesos"},"symbolNarrow":"$"},"MXP":{"name":"Mexicansk silver peso (1861–1992)","pluralName":{"one":"Mexicansk silver peso (1861–1992)","other":"Mexicanske silver peso (1861–1992)"}},"MXV":{"name":"MXV"},"MYR":{"name":"Malaysisk ringgit","pluralName":{"one":"Malaysisk ringgit","other":"Malaysiske ringgit"},"symbolNarrow":"RM"},"MZE":{"name":"Mozambiquisk escudo","pluralName":{"one":"Mozambiquisk escudo","other":"Mozambiquiske escudo"}},"MZM":{"name":"Mozambiquisk metical (1980–2006)","pluralName":{"one":"Mozambiquisk metical (1980–2006)","other":"Mozambiquiske metical (1980–2006)"}},"MZN":{"name":"Mozambiquisk metical","pluralName":{"one":"Mozambiquisk metical","other":"Mozambiquiske metical"}},"NAD":{"name":"Namibisk dollar","pluralName":{"one":"Namibisk dollar","other":"Namibiske dollar"},"symbolNarrow":"$"},"NGN":{"name":"Nigeriansk naira","pluralName":{"one":"Nigeriansk naira","other":"Nigerianske naira"},"symbolNarrow":"₦"},"NIC":{"name":"Nicaraguansk cordoba (1988–1991)","pluralName":{"one":"Nicaraguansk cordoba (1988–1991)","other":"Nicaraguanske cordoba (1988–1991)"}},"NIO":{"name":"Nicaraguansk cordoba","pluralName":{"one":"Nicaraguansk cordoba","other":"Nicaraguanske cordoba"},"symbolNarrow":"C$"},"NLG":{"name":"Hollandsk guilder","pluralName":{"one":"Hollandsk gylden","other":"Hollandske gylden"}},"NOK":{"name":"Norsk krone","pluralName":{"one":"Norsk krone","other":"Norske kroner"},"symbolNarrow":"kr"},"NPR":{"name":"Nepalesisk rupee","pluralName":{"one":"Nepalesisk rupee","other":"Nepalesiske rupees"},"symbolNarrow":"Rs"},"NZD":{"symbol":"NZ$","name":"New Zealandsk dollar","pluralName":{"one":"New Zealandsk dollar","other":"New Zealandske dollar"},"symbolNarrow":"$"},"OMR":{"name":"Omansk rial","pluralName":{"one":"Omansk rial","other":"Omanske rial"}},"PAB":{"name":"Panamansk balboa","pluralName":{"one":"Panamansk balboa","other":"Panamanske balboa"}},"PEI":{"name":"Peruviansk inti","pluralName":{"one":"Peruviansk inti","other":"Peruvianske inti"}},"PEN":{"name":"Peruviansk nuevo sol","pluralName":{"one":"Peruviansk nuevo sol","other":"Peruvianske nuevos soles"}},"PES":{"name":"Peruviansk sol (1863–1965)","pluralName":{"one":"Peruviansk sol (1863–1965)","other":"Peruvianske sol (1863–1965)"}},"PGK":{"name":"Papuansk kina","pluralName":{"one":"Papuansk kina","other":"Papuanske kina"}},"PHP":{"name":"Filippinsk peso","pluralName":{"one":"Filippinsk peso","other":"Filippinske pesos"},"symbolNarrow":"₱"},"PKR":{"name":"Pakistansk rupee","pluralName":{"one":"Pakistansk rupee","other":"Pakistanske rupees"},"symbolNarrow":"Rs"},"PLN":{"name":"Polsk zloty","pluralName":{"one":"Polsk zloty","other":"Polske zloty"},"symbolNarrow":"zł"},"PLZ":{"name":"Polsk zloty (1950–1995)","pluralName":{"one":"Polsk zloty (1950–1995)","other":"Polske zloty (1950–1995)"}},"PTE":{"name":"Portugisisk escudo","pluralName":{"one":"Portugisisk escudo","other":"Portugisiske escudo"}},"PYG":{"name":"Paraguaysk guarani","pluralName":{"one":"Paraguayske guarani","other":"Paraguayske guarani"},"symbolNarrow":"₲"},"QAR":{"name":"Qatarsk rial","pluralName":{"one":"Qatarsk rial","other":"Qatarske rial"}},"RHD":{"name":"RHD"},"ROL":{"name":"Rumænsk leu (1952–2006)","pluralName":{"one":"Rumænsk leu (1952–2006)","other":"Rumænske leu (1952–2006)"}},"RON":{"name":"Rumænsk leu","pluralName":{"one":"Rumænsk leu","other":"Rumænske leu"}},"RSD":{"name":"Serbisk dinar","pluralName":{"one":"Serbisk dinar","other":"Serbiske dinarer"}},"RUB":{"name":"Russisk rubel","pluralName":{"one":"Russisk rubel","other":"Russiske rubler"},"symbolAlt":"₽"},"RUR":{"name":"Russisk rubel (1991–1998)","pluralName":{"one":"Russisk rubel (1991–1998)","other":"Russiske rubler (1991–1998)"},"symbolNarrow":"р."},"RWF":{"name":"Rwandisk franc","pluralName":{"one":"Rwandisk franc","other":"Rwandiske franc"},"symbolNarrow":"RF"},"SAR":{"name":"Saudiarabisk riyal","pluralName":{"one":"Saudiarabisk riyal","other":"Saudiarabiske riyal"}},"SBD":{"name":"Salomonsk dollar","pluralName":{"one":"Salomonsk dollar","other":"Salomonske dollar"},"symbolNarrow":"$"},"SCR":{"name":"Seychellisk rupee","pluralName":{"one":"Seychellisk rupee","other":"Seychelliske rupees"}},"SDD":{"name":"Sudansk dinar (1992–2007)","pluralName":{"one":"Sudansk dinar (1992–2007)","other":"Sudanske dinar (1992–2007)"}},"SDG":{"name":"Sudansk pund","pluralName":{"one":"Sudanske pund","other":"Sudanske pund"}},"SDP":{"name":"Sudansk pund (1957–1998)","pluralName":{"one":"Sudanske pund (1957–1998)","other":"Sudanske pund (1957–1998)"}},"SEK":{"name":"Svensk krone","pluralName":{"one":"Svensk krone","other":"Svenske kroner"},"symbolNarrow":"kr"},"SGD":{"name":"Singaporeansk dollar","pluralName":{"one":"Singaporeansk dollar","other":"Singaporeanske dollar"},"symbolNarrow":"$"},"SHP":{"name":"Pund fra Saint Helena","pluralName":{"one":"Pund fra Saint Helena","other":"Pund fra Saint Helena"},"symbolNarrow":"£"},"SIT":{"name":"Slovensk tolar","pluralName":{"one":"Slovensk tolar","other":"Slovenske tolar"}},"SKK":{"name":"Slovakisk koruna","pluralName":{"one":"Slovakisk koruna","other":"Slovakiske koruna"}},"SLL":{"name":"Sierraleonsk leone","pluralName":{"one":"Sierraleonsk leone","other":"Sierraleonske leone"}},"SOS":{"name":"Somalisk shilling","pluralName":{"one":"Somalisk shilling","other":"Somaliske shilling"}},"SRD":{"name":"Surinamsk dollar","pluralName":{"one":"Surinamsk dollar","other":"Surinamske dollar"},"symbolNarrow":"$"},"SRG":{"name":"Surinamsk guilder","pluralName":{"one":"Surinamsk guilder","other":"Surinamske guilder"}},"SSP":{"name":"Sydsudanske pund","pluralName":{"one":"Sydsudansk pund","other":"Sydsudanske pund"},"symbolNarrow":"£"},"STD":{"name":"Dobra fra Sao Tome og Principe","pluralName":{"one":"Dobra fra Sao Tome og Principe","other":"Dobra fra Sao Tome og Principe"},"symbolNarrow":"Db"},"SUR":{"name":"Sovjetisk rubel","pluralName":{"one":"Sovjetisk rubel","other":"Sovjetiske rubler"}},"SVC":{"name":"Salvadoransk colon","pluralName":{"one":"Salvadoransk colon","other":"Salvadoranske colon"}},"SYP":{"name":"Syrisk pund","pluralName":{"one":"Syrisk pund","other":"Syriske pund"},"symbolNarrow":"£"},"SZL":{"name":"Swazilandsk lilangeni","pluralName":{"one":"Swazilandsk lilangeni","other":"Swazilandske lilangeni"}},"THB":{"symbol":"฿","name":"Thailandsk baht","pluralName":{"one":"Thailandsk baht","other":"Thailandske baht"},"symbolNarrow":"฿"},"TJR":{"name":"Tadsjikisk rubel","pluralName":{"one":"Tadsjikisk rubel","other":"Tadsjikiske rubel"}},"TJS":{"name":"Tadsjikisk somoni","pluralName":{"one":"Tadsjikisk somoni","other":"Tadsjikiske somoni"}},"TMM":{"name":"Turkmensk manat (1993–2009)","pluralName":{"one":"Turkmensk manat (1993–2009)","other":"Turkmenske manat (1993–2009)"}},"TMT":{"name":"Turkmensk manat","pluralName":{"one":"Turkmensk manat","other":"Turkmenske manat"}},"TND":{"name":"Tunesisk dinar","pluralName":{"one":"Tunesisk dinar","other":"Tunesiske dinarer"}},"TOP":{"name":"Tongansk paʻanga","pluralName":{"one":"Tongansk paʻanga","other":"Tonganske paʻanga"},"symbolNarrow":"T$"},"TPE":{"name":"Escudo fra Timor","pluralName":{"one":"Escudo fra Timor","other":"Escudo fra Timor"}},"TRL":{"name":"Tyrkisk lire (1922–2005)","pluralName":{"one":"Tyrkisk lire (1922–2005)","other":"Tyrkiske lire (1922–2005)"}},"TRY":{"name":"Tyrkisk lira","pluralName":{"one":"Tyrkisk lira","other":"Tyrkiske lira"},"symbolNarrow":"₺","symbolAlt":"TL"},"TTD":{"name":"Dollar fra Trinidad og Tobago","pluralName":{"one":"Dollar fra Trinidad og Tobago","other":"Dollar fra Trinidad og Tobago"},"symbolNarrow":"$"},"TWD":{"symbol":"NT$","name":"Ny taiwansk dollar","pluralName":{"one":"Ny taiwansk dollar","other":"Ny taiwanske dollar"},"symbolNarrow":"NT$"},"TZS":{"name":"Tanzanisk shilling","pluralName":{"one":"Tanzanisk shilling","other":"Tanzaniske shilling"}},"UAH":{"name":"Ukrainsk grynia","pluralName":{"one":"Ukrainsk grynia","other":"Ukrainske grynia"},"symbolNarrow":"₴"},"UAK":{"name":"Ukrainsk karbovanetz","pluralName":{"one":"Ukrainsk karbovanetz","other":"Ukrainske karbovanetz"}},"UGS":{"name":"Ugandisk shilling (1966–1987)","pluralName":{"one":"Ugandisk shilling (1966–1987)","other":"Ugandiske shilling (1966–1987)"}},"UGX":{"name":"Ugandisk shilling","pluralName":{"one":"Ugandisk shilling","other":"Ugandiske shilling"}},"USD":{"symbol":"$","name":"Amerikansk dollar","pluralName":{"one":"Amerikansk dollar","other":"Amerikanske dollar"},"symbolNarrow":"$"},"USN":{"name":"Amerikansk dollar (næste dag)","pluralName":{"one":"Amerikansk dollar (næste dag)","other":"Amerikanske dollar (næste dag)"}},"USS":{"name":"Amerikansk dollar (samme dag)","pluralName":{"one":"Amerikansk dollar (samme dag)","other":"Amerikanske dollar (samme dag)"}},"UYI":{"name":"UYI"},"UYP":{"name":"Uruguayansk peso (1975–1993)","pluralName":{"one":"Uruguayansk peso (1975–1993)","other":"Uruguayanske peso (1975–1993)"}},"UYU":{"name":"Uruguayansk peso","pluralName":{"one":"Uruguayansk peso","other":"Uruguayanske pesos"},"symbolNarrow":"$"},"UZS":{"name":"Usbekisk sum","pluralName":{"one":"Usbekisk sum","other":"Usbekiske sum"}},"VEB":{"name":"Venezuelansk bolivar (1871–2008)","pluralName":{"one":"Venezuelansk bolivar (1871–2008)","other":"Venezuelanske bolivar (1871–2008)"}},"VEF":{"name":"Venezuelansk bolivar","pluralName":{"one":"Venezuelansk bolivar","other":"Venezuelanske bolivar"},"symbolNarrow":"Bs"},"VND":{"symbol":"₫","name":"Vietnamesisk dong","pluralName":{"one":"Vietnamesisk dong","other":"Vietnamesiske dong"},"symbolNarrow":"₫"},"VNN":{"name":"VNN"},"VUV":{"name":"Vanuaisk vatu","pluralName":{"one":"Vanuaisk vatu","other":"Vanuaiske vatu"}},"WST":{"name":"Samoansk tala","pluralName":{"one":"Samoansk tala","other":"Samoanske tala"}},"XAF":{"symbol":"FCFA","name":"CFA-franc (BEAC)","pluralName":{"one":"Beninsk CFA-franc","other":"CFA-franc (BEAC)"}},"XAG":{"name":"Sølv"},"XAU":{"name":"Guld"},"XBA":{"name":"EURCO"},"XBB":{"name":"EMU"},"XBC":{"name":"XBC"},"XBD":{"name":"XBD"},"XCD":{"symbol":"EC$","name":"Østkaribisk dollar","pluralName":{"one":"Østkaribisk dollar","other":"Østkaribiske dollar"},"symbolNarrow":"$"},"XDR":{"name":"SDR"},"XEU":{"name":"ECU"},"XFO":{"name":"Fransk guldfranc","pluralName":{"one":"Fransk guldfranc","other":"Franske guldfranc"}},"XFU":{"name":"Fransk UIC-franc","pluralName":{"one":"Fransk UIC-franc","other":"Franske UIC-franc"}},"XOF":{"symbol":"CFA","name":"CFA-franc BCEAO","pluralName":{"one":"CFA-franc BCEAO","other":"CFA-franc BCEAO"}},"XPD":{"name":"Palladium"},"XPF":{"symbol":"CFPF","name":"CFP-franc","pluralName":{"one":"CFP-franc","other":"CFP-franc"}},"XPT":{"name":"Platin"},"XRE":{"name":"RINET-fond"},"XSU":{"name":"XSU"},"XTS":{"name":"testvalutakode","pluralName":{"one":"testvaluta","other":"testvaluta"}},"XUA":{"name":"XUA"},"XXX":{"name":"Ukendt valuta","pluralName":{"one":"(ukendt valuta)","other":"(ukendt valuta)"}},"YDD":{"name":"Yemenitisk dinar","pluralName":{"one":"Yemenitisk dinar","other":"Yemenitiske dinarer"}},"YER":{"name":"Yemenitisk rial","pluralName":{"one":"Yemenitisk rial","other":"Yemenitiske rial"}},"YUD":{"name":"Jugoslavisk hard dinar (1966–1990)","pluralName":{"one":"Jugoslavisk hard dinar (1966–1990)","other":"Jugoslaviske hard dinar (1966–1990)"}},"YUM":{"name":"Jugoslavisk noviy dinar (1994–2002)","pluralName":{"one":"Jugoslavisk noviy dinar (1994–2002)","other":"Jugoslaviske noviy dinar (1994–2002)"}},"YUN":{"name":"Jugoslavisk konvertibel dinar (1990–1992)","pluralName":{"one":"Jugoslavisk konvertibel dinar (1990–1992)","other":"Jugoslaviske konvertibel dinar (1990–1992)"}},"YUR":{"name":"YUR"},"ZAL":{"name":"Sydafrikansk rand (financial)","pluralName":{"one":"Sydafrikansk rand (financial)","other":"Sydafrikanske rand (financial)"}},"ZAR":{"name":"Sydafrikansk rand","pluralName":{"one":"Sydafrikansk rand","other":"Sydafrikanske rand"},"symbolNarrow":"R"},"ZMK":{"name":"Zambisk kwacha (1968–2012)","pluralName":{"one":"Zambisk kwacha (1968–2012)","other":"Zambiske kwacha (1968–2012)"}},"ZMW":{"name":"Zambisk kwacha","pluralName":{"one":"Zambisk kwacha","other":"Zambiske kwacha"},"symbolNarrow":"ZK"},"ZRN":{"name":"Ny zairisk zaire (1993–1998)","pluralName":{"one":"Ny zairisk zaire (1993–1998)","other":"Ny zairiske zaire (1993–1998)"}},"ZRZ":{"name":"Zairisk zaire (1971–1993)","pluralName":{"one":"Zairisk zaire (1971–1993)","other":"Zairiske zaire (1971–1993)"}},"ZWD":{"name":"Zimbabwisk dollar (1980–2008)","pluralName":{"one":"Zimbabwisk dollar (1980–2008)","other":"Zimbabwiske dollar (1980–2008)"}},"ZWL":{"name":"Zimbabwisk dollar (2009)","pluralName":{"one":"Zimbabwisk dollar (2009)","other":"Zimbabwiske dollar (2009)"}},"ZWR":{"name":"Zimbabwisk dollar (2008)","pluralName":{"one":"Zimbabwisk dollar (2008)","other":"Zimbabwiske dollar (2008)"}},"ALK":{"name":"Albanian Lek (1946–1965)","pluralName":{"one":"Albanian lek (1946–1965)","other":"Albanian lekë (1946–1965)"}},"CNX":{"name":"Chinese People’s Bank Dollar","pluralName":{"one":"Chinese People’s Bank dollar","other":"Chinese People’s Bank dollars"}},"ILR":{"name":"Israeli Sheqel (1980–1985)","pluralName":{"one":"Israeli sheqel (1980–1985)","other":"Israeli sheqels (1980–1985)"}},"ISJ":{"name":"Icelandic Króna (1918–1981)","pluralName":{"one":"Icelandic króna (1918–1981)","other":"Icelandic krónur (1918–1981)"}},"MVP":{"name":"Maldivian Rupee (1947–1981)","pluralName":{"one":"Maldivian rupee (1947–1981)","other":"Maldivian rupees (1947–1981)"}}}