{"era":{"displayName":"Æra"},"year":{"displayName":"År","relative-type--1":"sidste år","relative-type-0":"i år","relative-type-1":"næste år","relativeTime-type-future":{"relativeTimePattern-count-one":"om {0} år","relativeTimePattern-count-other":"om {0} år"},"relativeTime-type-past":{"relativeTimePattern-count-one":"for {0} år siden","relativeTimePattern-count-other":"for {0} år siden"}},"year-short":{"displayName":"år","relative-type--1":"sidste år","relative-type-0":"i år","relative-type-1":"næste år","relativeTime-type-future":{"relativeTimePattern-count-one":"om {0} år","relativeTimePattern-count-other":"om {0} år"},"relativeTime-type-past":{"relativeTimePattern-count-one":"for {0} år siden","relativeTimePattern-count-other":"for {0} år siden"}},"year-narrow":{"displayName":"år","relative-type--1":"sidste år","relative-type-0":"i år","relative-type-1":"næste år","relativeTime-type-future":{"relativeTimePattern-count-one":"om {0} år","relativeTimePattern-count-other":"om {0} år"},"relativeTime-type-past":{"relativeTimePattern-count-one":"for {0} år siden","relativeTimePattern-count-other":"for {0} år siden"}},"quarter":{"displayName":"Kvartal","relative-type--1":"last quarter","relative-type-0":"this quarter","relative-type-1":"next quarter","relativeTime-type-future":{"relativeTimePattern-count-one":"om {0} kvartal","relativeTimePattern-count-other":"om {0} kvartaler"},"relativeTime-type-past":{"relativeTimePattern-count-one":"for {0} kvartal siden","relativeTimePattern-count-other":"for {0} kvartaler siden"}},"quarter-short":{"displayName":"kvt.","relative-type--1":"last quarter","relative-type-0":"this quarter","relative-type-1":"next quarter","relativeTime-type-future":{"relativeTimePattern-count-one":"om {0} kvt.","relativeTimePattern-count-other":"om {0} kvt."},"relativeTime-type-past":{"relativeTimePattern-count-one":"for {0} kvt. siden","relativeTimePattern-count-other":"for {0} kvt. siden"}},"quarter-narrow":{"displayName":"kvt.","relative-type--1":"last quarter","relative-type-0":"this quarter","relative-type-1":"next quarter","relativeTime-type-future":{"relativeTimePattern-count-one":"om {0} kvt.","relativeTimePattern-count-other":"om {0} kvt."},"relativeTime-type-past":{"relativeTimePattern-count-one":"for {0} kvt. siden","relativeTimePattern-count-other":"for {0} kvt. siden"}},"month":{"displayName":"Måned","relative-type--1":"sidste måned","relative-type-0":"denne måned","relative-type-1":"næste måned","relativeTime-type-future":{"relativeTimePattern-count-one":"om {0} måned","relativeTimePattern-count-other":"om {0} måneder"},"relativeTime-type-past":{"relativeTimePattern-count-one":"for {0} måned siden","relativeTimePattern-count-other":"for {0} måneder siden"}},"month-short":{"displayName":"md.","relative-type--1":"sidste måned","relative-type-0":"denne måned","relative-type-1":"næste måned","relativeTime-type-future":{"relativeTimePattern-count-one":"om {0} md.","relativeTimePattern-count-other":"om {0} md."},"relativeTime-type-past":{"relativeTimePattern-count-one":"for {0} md. siden","relativeTimePattern-count-other":"for {0} md. siden"}},"month-narrow":{"displayName":"md.","relative-type--1":"sidste måned","relative-type-0":"denne måned","relative-type-1":"næste måned","relativeTime-type-future":{"relativeTimePattern-count-one":"om {0} md.","relativeTimePattern-count-other":"om {0} md."},"relativeTime-type-past":{"relativeTimePattern-count-one":"for {0} md. siden","relativeTimePattern-count-other":"for {0} md. siden"}},"week":{"displayName":"Uge","relative-type--1":"sidste uge","relative-type-0":"denne uge","relative-type-1":"næste uge","relativeTime-type-future":{"relativeTimePattern-count-one":"om {0} uge","relativeTimePattern-count-other":"om {0} uger"},"relativeTime-type-past":{"relativeTimePattern-count-one":"for {0} uge siden","relativeTimePattern-count-other":"for {0} uger siden"}},"week-short":{"displayName":"uge","relative-type--1":"sidste uge","relative-type-0":"denne uge","relative-type-1":"næste uge","relativeTime-type-future":{"relativeTimePattern-count-one":"om {0} uge","relativeTimePattern-count-other":"om {0} uger"},"relativeTime-type-past":{"relativeTimePattern-count-one":"for {0} uge siden","relativeTimePattern-count-other":"for {0} uger siden"}},"week-narrow":{"displayName":"uge","relative-type--1":"sidste uge","relative-type-0":"denne uge","relative-type-1":"næste uge","relativeTime-type-future":{"relativeTimePattern-count-one":"om {0} uge","relativeTimePattern-count-other":"om {0} uger"},"relativeTime-type-past":{"relativeTimePattern-count-one":"for {0} uge siden","relativeTimePattern-count-other":"for {0} uger siden"}},"day":{"displayName":"Dag","relative-type--1":"i går","relative-type--2":"i forgårs","relative-type-0":"i dag","relative-type-1":"i morgen","relative-type-2":"i overmorgen","relativeTime-type-future":{"relativeTimePattern-count-one":"om {0} dag","relativeTimePattern-count-other":"om {0} dage"},"relativeTime-type-past":{"relativeTimePattern-count-one":"for {0} dag siden","relativeTimePattern-count-other":"for {0} dage siden"}},"day-short":{"displayName":"dag","relative-type--1":"i går","relative-type--2":"i forgårs","relative-type-0":"i dag","relative-type-1":"i morgen","relative-type-2":"i overmorgen","relativeTime-type-future":{"relativeTimePattern-count-one":"om {0} dag","relativeTimePattern-count-other":"om {0} dage"},"relativeTime-type-past":{"relativeTimePattern-count-one":"for {0} dag siden","relativeTimePattern-count-other":"for {0} dage siden"}},"day-narrow":{"displayName":"dag","relative-type--1":"i går","relative-type--2":"i forgårs","relative-type-0":"i dag","relative-type-1":"i morgen","relative-type-2":"i overmorgen","relativeTime-type-future":{"relativeTimePattern-count-one":"om {0} dag","relativeTimePattern-count-other":"om {0} dage"},"relativeTime-type-past":{"relativeTimePattern-count-one":"for {0} dag siden","relativeTimePattern-count-other":"for {0} dage siden"}},"weekday":{"displayName":"Ugedag"},"sun":{"relative-type--1":"sidste søndag","relative-type-0":"denne søndag","relative-type-1":"næste søndag"},"sun-short":{"relative-type--1":"sidste søn.","relative-type-0":"denne søn.","relative-type-1":"næste sø."},"sun-narrow":{"relative-type--1":"sidste sø.","relative-type-0":"denne sø.","relative-type-1":"næste sø."},"mon":{"relative-type--1":"sidste mandag","relative-type-0":"denne mandag","relative-type-1":"næste mandag"},"mon-short":{"relative-type--1":"sidste man.","relative-type-0":"denne man.","relative-type-1":"næste man."},"mon-narrow":{"relative-type--1":"sidste ma.","relative-type-0":"denne ma.","relative-type-1":"næste ma."},"tue":{"relative-type--1":"sidste tirsdag","relative-type-0":"denne tirsdag","relative-type-1":"næste tirsdag"},"tue-short":{"relative-type--1":"sidste tir.","relative-type-0":"denne tir.","relative-type-1":"næste tir."},"tue-narrow":{"relative-type--1":"sidste ti.","relative-type-0":"denne ti.","relative-type-1":"næste ti."},"wed":{"relative-type--1":"sidste onsdag","relative-type-0":"denne onsdag","relative-type-1":"næste onsdag"},"wed-short":{"relative-type--1":"sidste ons.","relative-type-0":"denne ons.","relative-type-1":"næste ons."},"wed-narrow":{"relative-type--1":"sidste on.","relative-type-0":"denne on.","relative-type-1":"næste on."},"thu":{"relative-type--1":"sidste torsdag","relative-type-0":"denne torsdag","relative-type-1":"næste torsdag"},"thu-short":{"relative-type--1":"sidste tor.","relative-type-0":"denne tor.","relative-type-1":"næste tor."},"thu-narrow":{"relative-type--1":"sidste to.","relative-type-0":"denne to.","relative-type-1":"næste to."},"fri":{"relative-type--1":"sidste fredag","relative-type-0":"denne fredag","relative-type-1":"næste fredag"},"fri-short":{"relative-type--1":"sidste fre.","relative-type-0":"denne fre.","relative-type-1":"næste fre."},"fri-narrow":{"relative-type--1":"sidste fr.","relative-type-0":"denne fr.","relative-type-1":"næste fr."},"sat":{"relative-type--1":"sidste lørdag","relative-type-0":"denne lørdag","relative-type-1":"næste lørdag"},"sat-short":{"relative-type--1":"sidste lør.","relative-type-0":"denne lør.","relative-type-1":"næste lør."},"sat-narrow":{"relative-type--1":"sidste lø.","relative-type-0":"denne lø.","relative-type-1":"næste lø."},"dayperiod":{"displayName":"AM/PM"},"hour":{"displayName":"Time","relativeTime-type-future":{"relativeTimePattern-count-one":"om {0} time","relativeTimePattern-count-other":"om {0} timer"},"relativeTime-type-past":{"relativeTimePattern-count-one":"for {0} time siden","relativeTimePattern-count-other":"for {0} timer siden"}},"hour-short":{"displayName":"t.","relativeTime-type-future":{"relativeTimePattern-count-one":"om {0} time","relativeTimePattern-count-other":"om {0} timer"},"relativeTime-type-past":{"relativeTimePattern-count-one":"for {0} time siden","relativeTimePattern-count-other":"for {0} timer siden"}},"hour-narrow":{"displayName":"t","relativeTime-type-future":{"relativeTimePattern-count-one":"om {0} time","relativeTimePattern-count-other":"om {0} timer"},"relativeTime-type-past":{"relativeTimePattern-count-one":"for {0} time siden","relativeTimePattern-count-other":"for {0} timer siden"}},"minute":{"displayName":"Minut","relativeTime-type-future":{"relativeTimePattern-count-one":"om {0} minut","relativeTimePattern-count-other":"om {0} minutter"},"relativeTime-type-past":{"relativeTimePattern-count-one":"for {0} minut siden","relativeTimePattern-count-other":"for {0} minutter siden"}},"minute-short":{"displayName":"min.","relativeTime-type-future":{"relativeTimePattern-count-one":"om {0} min.","relativeTimePattern-count-other":"om {0} min."},"relativeTime-type-past":{"relativeTimePattern-count-one":"for {0} min. siden","relativeTimePattern-count-other":"for {0} min. siden"}},"minute-narrow":{"displayName":"min","relativeTime-type-future":{"relativeTimePattern-count-one":"om {0} min.","relativeTimePattern-count-other":"om {0} min."},"relativeTime-type-past":{"relativeTimePattern-count-one":"for {0} min. siden","relativeTimePattern-count-other":"for {0} min. siden"}},"second":{"displayName":"Sekund","relative-type-0":"nu","relativeTime-type-future":{"relativeTimePattern-count-one":"om {0} sekund","relativeTimePattern-count-other":"om {0} sekunder"},"relativeTime-type-past":{"relativeTimePattern-count-one":"for {0} sekund siden","relativeTimePattern-count-other":"for {0} sekunder siden"}},"second-short":{"displayName":"sek.","relative-type-0":"nu","relativeTime-type-future":{"relativeTimePattern-count-one":"om {0} sek.","relativeTimePattern-count-other":"om {0} sek."},"relativeTime-type-past":{"relativeTimePattern-count-one":"for {0} sek. siden","relativeTimePattern-count-other":"for {0} sek. siden"}},"second-narrow":{"displayName":"s","relative-type-0":"nu","relativeTime-type-future":{"relativeTimePattern-count-one":"om {0} sek.","relativeTimePattern-count-other":"om {0} sek."},"relativeTime-type-past":{"relativeTimePattern-count-one":"for {0} sek. siden","relativeTimePattern-count-other":"for {0} sek. siden"}},"zone":{"displayName":"Tidszone"}}