{"aa":"afar","ab":"abkhasisk","ace":"achinesisk","ach":"acoli","ada":"adangme","ady":"adyghe","ae":"avestan","aeb":"aeb","af":"afrikaans","afh":"afrihili","agq":"aghem","ain":"ainu","ak":"akan","akk":"akkadisk","akz":"akz","ale":"aleutisk","aln":"aln","alt":"sydaltaisk","am":"amharisk","an":"aragonesisk","ang":"oldengelsk","anp":"angika","ar":"arabisk","ar-001":"moderne standardarabisk","arc":"aramæisk","arn":"araukansk","aro":"aro","arp":"arapaho","arq":"arq","arw":"arawak","ary":"ary","arz":"arz","as":"assamesisk","asa":"asu","ase":"ase","ast":"asturisk","av":"avarisk","avk":"avk","awa":"awadhi","ay":"aymara","az":"aserbajdsjansk","az-alt-short":"azeri","azb":"azb","ba":"bashkir","bal":"baluchi","ban":"balinesisk","bar":"bar","bas":"basa","bax":"bamun","bbc":"bbc","bbj":"ghomala","be":"hviderussisk","bej":"beja","bem":"bemba","bew":"bew","bez":"bena","bfd":"bafut","bfq":"bfq","bg":"bulgarsk","bho":"bhojpuri","bi":"bislama","bik":"bikol","bin":"bini","bjn":"bjn","bkm":"kom","bla":"siksika","bm":"bambara","bn":"bengali","bo":"tibetansk","bpy":"bpy","bqi":"bqi","br":"bretonsk","bra":"braj","brh":"brh","brx":"bodo","bs":"bosnisk","bss":"bakossi","bua":"buriatisk","bug":"buginesisk","bum":"bulu","byn":"blin","byv":"medumba","ca":"catalansk","cad":"caddo","car":"caribisk","cay":"cayuga","cch":"atsam","ce":"tjetjensk","ceb":"cebuano","cgg":"chiga","ch":"chamorro","chb":"chibcha","chg":"chagatai","chk":"chuukese","chm":"mari","chn":"chinook","cho":"choctaw","chp":"chipewyan","chr":"cherokee","chy":"cheyenne","ckb":"sorani","co":"korsikansk","cop":"koptisk","cps":"cps","cr":"cree","crh":"krim tyrkisk","cs":"tjekkisk","csb":"kasjubisk","cu":"kirkeslavisk","cv":"chuvash","cy":"walisisk","da":"dansk","dak":"dakota","dar":"dargwa","dav":"taita","de":"tysk","de-AT":"østrigsk tysk","de-CH":"schweizerhøjtysk","del":"delaware","den":"athapaskisk","dgr":"dogrib","din":"dinka","dje":"zarma","doi":"dogri","dsb":"nedersorbisk","dtp":"dtp","dua":"duala","dum":"middelhollandsk","dv":"divehi","dyo":"jola-fonyi","dyu":"dyula","dz":"dzongkha","dzg":"dazaga","ebu":"kiembu","ee":"ewe","efi":"efik","egl":"egl","egy":"oldegyptisk","eka":"ekajuk","el":"græsk","elx":"elamitisk","en":"engelsk","en-AU":"australsk engelsk","en-CA":"canadisk engelsk","en-GB":"britisk engelsk","en-GB-alt-short":"engelsk (UK)","en-US":"amerikansk engelsk","en-US-alt-short":"en_US","enm":"middelengelsk","eo":"esperanto","es":"spansk","es-419":"latinamerikansk spansk","es-ES":"europæisk spansk","es-MX":"mexicansk spansk","esu":"esu","et":"estisk","eu":"baskisk","ewo":"ewondo","ext":"ext","fa":"persisk","fan":"fang","fat":"fanti","ff":"fulah","fi":"finsk","fil":"filippinsk","fit":"fit","fj":"fijiansk","fo":"færøsk","fon":"fon","fr":"fransk","fr-CA":"canadisk fransk","fr-CH":"schweizisk fransk","frc":"frc","frm":"middelfransk","fro":"oldfransk","frp":"frp","frr":"nordfrisisk","frs":"østfrisisk","fur":"friulian","fy":"frisisk","ga":"irsk","gaa":"ga","gag":"gagauzisk","gan":"gan","gay":"gayo","gba":"gbaya","gbz":"gbz","gd":"skotsk gælisk","gez":"geez","gil":"gilbertesisk","gl":"galicisk","glk":"glk","gmh":"middelhøjtysk","gn":"guarani","goh":"oldhøjtysk","gom":"gom","gon":"gondi","gor":"gorontalo","got":"gotisk","grb":"grebo","grc":"oldgræsk","gsw":"schweizertysk","gu":"gujarati","guc":"guc","gur":"gur","guz":"gusii","gv":"manx","gwi":"gwichin","ha":"hausa","hai":"haida","hak":"hak","haw":"hawaiiansk","he":"hebraisk","hi":"hindi","hif":"hif","hil":"hiligaynon","hit":"hittitisk","hmn":"hmong","ho":"hirimotu","hr":"kroatisk","hsb":"øvresorbisk","hsn":"hsn","ht":"haitisk","hu":"ungarsk","hup":"hupa","hy":"armensk","hz":"herero","ia":"interlingua","iba":"iban","ibb":"ibibio","id":"indonesisk","ie":"interlingue","ig":"igbo","ii":"sichuan yi","ik":"inupiaq","ilo":"iloko","inh":"ingush","io":"ido","is":"islandsk","it":"italiensk","iu":"inuktitut","izh":"izh","ja":"japansk","jam":"jam","jbo":"lojban","jgo":"ngomba","jmc":"machame","jpr":"jødisk-persisk","jrb":"jødisk-arabisk","jut":"jut","jv":"javanesisk","ka":"georgisk","kaa":"karakalpakisk","kab":"kabylisk","kac":"kachin","kaj":"jju","kam":"kamba","kaw":"kawi","kbd":"kabardian","kbl":"kanembu","kcg":"tyap","kde":"makonde","kea":"kapverdisk","ken":"ken","kfo":"koro","kg":"kongo","kgp":"kgp","kha":"khasi","kho":"khotanesisk","khq":"koyra-chiini","khw":"khw","ki":"kikuyu","kiu":"kiu","kj":"kuanyama","kk":"kasakhisk","kkj":"kako","kl":"grønlandsk","kln":"kalenjin","km":"khmer","kmb":"kimbundu","kn":"kannada","ko":"koreansk","koi":"komi-permjakisk","kok":"konkani","kos":"kosraean","kpe":"kpelle","kr":"kanuri","krc":"karatjai-balkar","kri":"kri","krj":"krj","krl":"karelsk","kru":"kurukh","ks":"kashmiri","ksb":"shambala","ksf":"bafia","ksh":"kölsch","ku":"kurdisk","kum":"kymyk","kut":"kutenaj","kv":"komi","kw":"cornisk","ky":"kirgisisk","la":"latin","lad":"ladino","lag":"langi","lah":"lahnda","lam":"lamba","lb":"luxembourgsk","lez":"lezghian","lfn":"lfn","lg":"ganda","li":"limburgsk","lij":"lij","liv":"liv","lkt":"lakota","lmo":"lmo","ln":"lingala","lo":"lao","lol":"mongo","loz":"lozi","lt":"litauisk","ltg":"ltg","lu":"luba-Katanga","lua":"luba-Lulua","lui":"luiseno","lun":"lunda","luo":"luo","lus":"lushai","luy":"luyana","lv":"lettisk","lzh":"lzh","lzz":"lzz","mad":"madurese","maf":"mafa","mag":"magahi","mai":"maithili","mak":"makasar","man":"mandingo","mas":"masai","mde":"maba","mdf":"moksha","mdr":"mandar","men":"mende","mer":"meru","mfe":"morisyen","mg":"malagassisk","mga":"middelirsk","mgh":"makhuwa-meetto","mgo":"meta","mh":"marshallese","mi":"maori","mic":"micmac","min":"minangkabau","mk":"makedonsk","ml":"malayalam","mn":"mongolsk","mnc":"manchu","mni":"manipuri","moh":"mohawk","mos":"mossi","mr":"marathisk","mrj":"mrj","ms":"malay","mt":"maltesisk","mua":"mundang","mul":"flere sprog","mus":"creek","mwl":"mirandesisk","mwr":"marwari","mwv":"mwv","my":"burmesisk","mye":"myene","myv":"erzya","mzn":"mzn","na":"nauru","nan":"nan","nap":"neapolitansk","naq":"nama","nb":"norsk bokmål","nd":"nordndebele","nds":"nedertysk","ne":"nepalesisk","new":"newari","ng":"ndonga","nia":"nias","niu":"niuean","njo":"njo","nl":"hollandsk","nl-BE":"flamsk","nmg":"kwasio","nn":"nynorsk","nnh":"ngiemboon","no":"norsk","nog":"nogai","non":"oldislandsk","nov":"nov","nqo":"n-ko","nr":"sydndebele","nso":"nordsotho","nus":"nuer","nv":"navajo","nwc":"klassisk newarisk","ny":"nyanja","nym":"nyamwezi","nyn":"nyankole","nyo":"nyoro sprog","nzi":"nzima","oc":"occitansk","oj":"ojibwa","om":"oromo","or":"oriya","os":"ossetisk","osa":"osage","ota":"osmannisk-tyrkisk","pa":"punjabi","pag":"pangasinan","pal":"pahlavi","pam":"pampanga","pap":"papiamento","pau":"palauansk","pcd":"pcd","pdc":"pdc","pdt":"pdt","peo":"oldpersisk","pfl":"pfl","phn":"fønikisk","pi":"pali","pl":"polsk","pms":"pms","pnt":"pnt","pon":"ponape","prg":"prg","pro":"oldprovencalsk","ps":"pashto","ps-alt-variant":"pushto","pt":"portugisisk","pt-BR":"brasiliansk portugisisk","pt-PT":"europæisk portugisisk","qu":"quechua","quc":"quiché","qug":"qug","raj":"rajasthani","rap":"rapanui","rar":"rarotongan","rgn":"rgn","rif":"rif","rm":"rætoromansk","rn":"rundi","ro":"rumænsk","ro-MD":"moldovisk","rof":"rombo","rom":"romani","root":"rot","rtm":"rtm","ru":"russisk","rue":"rue","rug":"rug","rup":"arumænsk","rw":"kinyarwanda","rwk":"rwa","sa":"sanskrit","sad":"sandawe","sah":"yakut","sam":"samaritansk","saq":"samburu","sas":"sasak","sat":"santali","saz":"saz","sba":"ngambay","sbp":"sangu","sc":"sardinsk","scn":"siciliansk","sco":"skotsk","sd":"sindhi","sdc":"sdc","se":"nordsamisk","see":"seneca","seh":"sena","sei":"sei","sel":"selkupisk","ses":"koyraboro senni","sg":"sango","sga":"oldirsk","sgs":"sgs","sh":"serbokroatisk","shi":"tachelhit","shn":"shan","shu":"tchadisk-arabisk","si":"singalesisk","sid":"sidamo","sk":"slovakisk","sl":"slovensk","sli":"sli","sly":"sly","sm":"samoansk","sma":"sydsamisk","smj":"lulesamisk","smn":"enaresamisk","sms":"skoltesamisk","sn":"shona","snk":"soninke","so":"somalisk","sog":"sogdiansk","sq":"albansk","sr":"serbisk","srn":"sranan tongo","srr":"serer","ss":"swati","ssy":"saho","st":"sydsotho","stq":"stq","su":"sundanesisk","suk":"sukuma","sus":"susu","sux":"sumerisk","sv":"svensk","sw":"swahili","swb":"shimaore","swc":"congolesisk swahili","syc":"klassisk syrisk","syr":"syrisk","szl":"szl","ta":"tamilsk","tcy":"tcy","te":"telugu","tem":"temne","teo":"teso","ter":"tereno","tet":"tetum","tg":"tajik","th":"thailandsk","ti":"tigrinya","tig":"tigre","tiv":"tivi","tk":"turkmensk","tkl":"tokelau","tkr":"tkr","tl":"tagalog","tlh":"klingon","tli":"tlingit","tly":"tly","tmh":"tamashek","tn":"tswana","to":"tongansk","tog":"nyasa tongansk","tpi":"tok pisin","tr":"tyrkisk","tru":"tru","trv":"taroko","ts":"tsonga","tsd":"tsd","tsi":"tsimshisk","tt":"tatarisk","ttt":"ttt","tum":"tumbuka","tvl":"tuvalu","tw":"twi","twq":"tasawaq","ty":"tahitiansk","tyv":"tuvinian","tzm":"centralmarokkansk tamazight","udm":"udmurt","ug":"uygurisk","ug-alt-variant":"uighurisk","uga":"ugaristisk","uk":"ukrainsk","umb":"umbundu","und":"ukendt sprog","ur":"urdu","uz":"usbekisk","vai":"vai","ve":"venda","vec":"vec","vep":"vep","vi":"vietnamesisk","vls":"vls","vmf":"vmf","vo":"volapyk","vot":"votisk","vro":"vro","vun":"vunjo","wa":"vallonsk","wae":"walsertysk","wal":"walamo","war":"waray","was":"washo","wo":"wolof","wuu":"wuu","xal":"kalmyk","xh":"xhosa","xmf":"xmf","xog":"soga","yao":"yao","yap":"yapese","yav":"yangben","ybb":"yemba","yi":"jiddisch","yo":"yoruba","yrl":"yrl","yue":"kantonesisk","za":"zhuang","zap":"zapotec","zbl":"blissymboler","zea":"zea","zen":"zenaga","zgh":"tamazight","zh":"kinesisk","zh-Hans":"forenklet kinesisk","zh-Hant":"traditionelt kinesisk","zu":"zulu","zun":"zuni","zxx":"intet sprogligt indhold","zza":"zaza"}