{"localeDisplayPattern":{"localePattern":"%1$s (%2$s)","localeSeparator":"%1$s, %2$s","localeKeyTypePattern":"%1$s: %2$s"},"keys":{"calendar":"kalender","colAlternate":"Ignorer symboler under sortering","colBackwards":"Omvendt sortering efter accenter","colCaseFirst":"Sortering efter store/små bogstaver","colCaseLevel":"Sortering med forskel på små og store bogstaver","colHiraganaQuaternary":"Sortering efter kana","colNormalization":"Normaliseret sortering","colNumeric":"Numerisk sortering","colStrength":"Sorteringsstyrke","collation":"sorteringsrækkefølge","currency":"valuta","numbers":"tal","timezone":"Tidszone","va":"Sprogvariant","variableTop":"Sortér som symboler","x":"Privatbrug"},"types":{"calendar":{"buddhist":"buddhistisk kalender","chinese":"kinesisk kalender","coptic":"koptisk kalender","dangi":"dangi-kalender","ethiopic":"etiopisk kalender","ethiopic-amete-alem":"etiopisk amete-alem-kalender","gregorian":"gregoriansk kalender","hebrew":"jødisk kalender","indian":"indisk nationalkalender","islamic":"islamisk kalender","islamic-civil":"verdslig islamisk kalender","islamic-rgsa":"islamisk kalender (Saudi-Arabien, observation)","islamic-tbla":"islamisk kalender (tabellarisk, astronomisk epoke)","islamic-umalqura":"islamisk kalender (Umm al-Qura)","iso8601":"ISO-8601-kalender","japanese":"japansk kalender","persian":"persisk kalender","roc":"kalender for Republikken Kina"},"colAlternate":{"non-ignorable":"Sortér efter symboler","shifted":"Sortér, og ignorer symboler"},"colBackwards":{"no":"Sortér efter accenter i normal rækkefølge","yes":"Sortér efter accenter i omvendt rækkefølge"},"colCaseFirst":{"lower":"Sortér med små bogstaver først","no":"Sortér efter store og små bogstaver i almindelig rækkefølge","upper":"Sortér med store bogstaver først"},"colCaseLevel":{"no":"Sortér uden forskel på store og små bogstaver","yes":"Sortér med skelnen mellem store og små bogstaver"},"colHiraganaQuaternary":{"no":"Sortér kana separat","yes":"Sortér kana med forskel på varianter"},"colNormalization":{"no":"Sortér uden normalisering","yes":"Sortér Unicode efter første normalisering"},"colNumeric":{"no":"Sortér efter individuelle cifre","yes":"Sortér tal numerisk"},"colStrength":{"identical":"Sortér alt","primary":"Sortér kun efter basisbogstaver","quaternary":"Sortér efter accenter/små og store bogstaver/bredde/kana","secondary":"Sortér efter accenter","tertiary":"Sortér efter accenter/store og små bogstaver/bredde"},"collation":{"big5han":"sorteringsrækkefølge uforkortet kinesisk - Big5","dictionary":"sorteringsrækkefølge for ordbog","ducet":"Unicode-standardsortering","eor":"europæisk sorteringsrækkefølge","gb2312han":"sorteringsrækkefølge forkortet kinesisk - GB2312","phonebook":"sorteringsrækkefølge i telefonbøger","phonetic":"fonetisk sorteringsrækkefølge","pinyin":"pinyin-baseret sorteringsrækkefølge","reformed":"ny sorteringsrækkefølge","search":"generel søgning","searchjl":"sortér efter den første konsonant i hangul","standard":"standardsorteringsrækkefølge","stroke":"stregbaseret sorteringsrækkefølge","traditional":"traditionel sorteringsrækkefølge","unihan":"sortering efter streger i rodtegn","zhuyin":"zhuyin-sorteringsrækkefølge"},"numbers":{"arab":"hindu-arabiske tal","arabext":"udvidede hindu-arabiske tal","armn":"armenske tal","armnlow":"armenske tal i små bogstaver","bali":"Balinesiske tal","beng":"bengali tal","brah":"Brahmi-tal","cakm":"Chakma-tal","cham":"Cham-tal","deva":"devanagariske tal","ethi":"etiopiske tal","finance":"Finansielle tal","fullwide":"tal i fuld bredde","geor":"georgiske tal","grek":"græske tal","greklow":"græske tal i små bogstaver","gujr":"gujarati tal","guru":"gurmukhi tal","hanidec":"kinesiske decimaltal","hans":"forenklede kinesiske tal","hansfin":"forenklede kinesiske financielle tal","hant":"traditionelle kinesiske tal","hantfin":"traditionelle kinesiske finansielle tal","hebr":"hebræiske tal","java":"Javanesiske tal","jpan":"japanske tal","jpanfin":"japanske financielle tal","kali":"Kayah Li-tal","khmr":"khmer tal","knda":"kannada tal","lana":"Tai Tham Hora-tal","lanatham":"Tai Tham Tahm-tal","laoo":"laotiske tal","latn":"arabertal","lepc":"Lepcha-tal","limb":"Limbu-tal","mlym":"Malayalamske tal","mong":"Mongolske tal","mtei":"Meetei Mayek-tal","mymr":"Myanmar tal","mymrshan":"Myanmar Shan-tal","native":"Nationale cifre","nkoo":"N’Ko-tal","olck":"Ol Chiki-tal","orya":"Oriya tal","osma":"Osmanya-tal","roman":"romertal","romanlow":"romertal i små bogstaver","saur":"Saurashtra-tal","shrd":"Sharada-tal","sora":"Sora Sompeng-tal","sund":"Sundanesiske tal","takr":"Takri-tal","talu":"Nye Tai Lue-tal","taml":"traditionelle tamilske tal","tamldec":"tamilske tal","telu":"Telugu tal","thai":"thailandske tal","tibt":"tibetanske tal","traditional":"Traditionelle tal","vaii":"Vai-tal"}},"codePatterns":{"language":"Sprog: %1$s","script":"Instruks: %1$s","territory":"Område: %1$s"}}