{"long":{"_compoundPattern":"%1$s pr. %2$s","acceleration":{"g-force":{"_name":"G-kraft","one":"%1$s G-kraft","other":"%1$s G-kraft"},"meter-per-second-squared":{"_name":"meter pr. sekund²","one":"%1$s meter pr. sekund²","other":"%1$s meter pr. sekund²"}},"angle":{"arc-minute":{"_name":"bueminutter","one":"%1$s bueminut","other":"%1$s bueminutter"},"arc-second":{"_name":"buesekunder","one":"%1$s buesekund","other":"%1$s buesekunder"},"degree":{"_name":"grader","one":"%1$s grad","other":"%1$s grader"},"radian":{"_name":"radian","one":"%1$s radian","other":"%1$s radianer"}},"area":{"acre":{"_name":"acre","one":"%1$s acre","other":"%1$s acres"},"hectare":{"_name":"hektar","one":"%1$s hektar","other":"%1$s hektar"},"square-centimeter":{"_name":"kvadratcentimeter","one":"%1$s kvadratcentimeter","other":"%1$s kvadratcentimeter"},"square-foot":{"_name":"kvadratfod","one":"%1$s kvadratfod","other":"%1$s kvadratfod"},"square-inch":{"_name":"kvadrattommer","one":"%1$s kvadrattomme","other":"%1$s kvadrattommer"},"square-kilometer":{"_name":"kvadratkilometer","one":"%1$s kvadratkilometer","other":"%1$s kvadratkilometer"},"square-meter":{"_name":"kvadratmeter","one":"%1$s kvadratmeter","other":"%1$s kvadratmeter"},"square-mile":{"_name":"kvadrat-engelske mil","one":"%1$s kvadrat-engelsk mil","other":"%1$s kvadrat-engelske mil"},"square-yard":{"_name":"kvadrat-engelske yard","one":"%1$s kvadrat engelske yard","other":"%1$s kvadrat engelske yard"}},"consumption":{"liter-per-kilometer":{"_name":"liter pr. kilometer","one":"%1$s liter pr. kilometer","other":"%1$s liter pr. kilometer"},"mile-per-gallon":{"_name":"mil pr. gallon","one":"mil pr. gallon","other":"%1$s mil pr. gallon"}},"digital":{"bit":{"_name":"bit","one":"%1$s bit","other":"%1$s bit"},"byte":{"_name":"byte","one":"%1$s byte","other":"%1$s byte"},"gigabit":{"_name":"gigabit","one":"%1$s gigabit","other":"%1$s gigabit"},"gigabyte":{"_name":"gigabyte","one":"%1$s gigabyte","other":"%1$s GB"},"kilobit":{"_name":"kilobit","one":"%1$s kilobit","other":"%1$s kilobit"},"kilobyte":{"_name":"kilobyte","one":"%1$s kilobyte","other":"%1$s kilobyte"},"megabit":{"_name":"megabit","one":"%1$s megabit","other":"%1$s megabit"},"megabyte":{"_name":"megabyte","one":"%1$s megabyte","other":"%1$s megabyte"},"terabit":{"_name":"terabit","one":"%1$s terabit","other":"%1$s terabit"},"terabyte":{"_name":"terabyte","one":"%1$s terabyte","other":"%1$s terabyte"}},"duration":{"day":{"_name":"dage","one":"%1$s dag","other":"%1$s dage"},"hour":{"_name":"timer","one":"%1$s time","other":"%1$s timer","_per":"%1$s pr. time"},"microsecond":{"_name":"mikrosekunder","one":"%1$s mikrosekund","other":"%1$s mikrosekunder"},"millisecond":{"_name":"millisekunder","one":"%1$s millisekund","other":"%1$s millisekunder"},"minute":{"_name":"minutter","one":"%1$s minut","other":"%1$s minutter"},"month":{"_name":"måneder","one":"%1$s måned","other":"%1$s måneder"},"nanosecond":{"_name":"nanosekunder","one":"%1$s nanosekund","other":"%1$s nanosekunder"},"second":{"_name":"sekunder","one":"%1$s sekund","other":"%1$s sekunder","_per":"%1$s pr. sekund"},"week":{"_name":"uger","one":"%1$s uge","other":"%1$s uger"},"year":{"_name":"år","one":"%1$s år","other":"%1$s år"}},"electric":{"ampere":{"_name":"ampere","one":"%1$s ampere","other":"%1$s ampere"},"milliampere":{"_name":"milliampere","one":"%1$s milliampere","other":"%1$s milliampere"},"ohm":{"_name":"ohm","one":"%1$s ohm","other":"%1$s ohm"},"volt":{"_name":"volt","one":"%1$s volt","other":"%1$s volt"}},"energy":{"calorie":{"_name":"kalorier","one":"%1$s kalorie","other":"%1$s kalorier"},"foodcalorie":{"_name":"Kalorier","one":"%1$s kalorie","other":"%1$s kalorier"},"joule":{"_name":"joule","one":"%1$s joule","other":"%1$s joule"},"kilocalorie":{"_name":"kilokalorier","one":"%1$s kilokalorie","other":"%1$s kilokalorier"},"kilojoule":{"_name":"kilojoule","one":"%1$s kilojoule","other":"%1$s kilojoule"},"kilowatt-hour":{"_name":"kilowatt-timer","one":"kilowatt-time","other":"%1$s kilowatt-timer"}},"frequency":{"gigahertz":{"_name":"gigahertz","one":"%1$s gigahertz","other":"%1$s gigahertz"},"hertz":{"_name":"hertz","one":"%1$s hertz","other":"%1$s hertz"},"kilohertz":{"_name":"kilohertz","one":"%1$s kilohertz","other":"%1$s kilohertz"},"megahertz":{"_name":"megahertz","one":"%1$s megahertz","other":"%1$s megahertz"}},"length":{"astronomical-unit":{"_name":"astronomiske enheder","one":"%1$s astronomisk enhed","other":"%1$s astronomiske enheder"},"centimeter":{"_name":"centimeter","one":"%1$s centimeter","other":"%1$s centimeter"},"decimeter":{"_name":"decimeter","one":"%1$s decimeter","other":"%1$s decimeter"},"fathom":{"_name":"fm","other":"%1$s fm"},"foot":{"_name":"fod","one":"%1$s fod","other":"%1$s fod"},"furlong":{"_name":"fur","other":"%1$s fur"},"inch":{"_name":"tommer","one":"%1$s tomme","other":"%1$s tommer"},"kilometer":{"_name":"kilometer","one":"%1$s kilometer","other":"%1$s kilometer"},"light-year":{"_name":"lysår","one":"%1$s lysår","other":"%1$s lysår"},"meter":{"_name":"meter","one":"%1$s meter","other":"%1$s meter"},"micrometer":{"_name":"mikrometer","one":"%1$s mikrometer","other":"%1$s mikrometer"},"mile":{"_name":"engelske mil","one":"%1$s engelsk mil","other":"%1$s engelske mil"},"millimeter":{"_name":"millimeter","one":"%1$s millimeter","other":"%1$s millimeter"},"nanometer":{"_name":"nanometer","one":"%1$s nanometer","other":"%1$s nanometer"},"nautical-mile":{"_name":"sømil","one":"%1$s sømil","other":"%1$s sømil"},"parsec":{"_name":"parsec","one":"%1$s parsec","other":"%1$s parsec"},"picometer":{"_name":"pikometer","one":"%1$s pikometer","other":"%1$s pikometer"},"yard":{"_name":"engelske yard","one":"%1$s engelsk yard","other":"%1$s engelske yard"}},"light":{"lux":{"_name":"lux","one":"%1$s lux","other":"%1$s lux"}},"mass":{"carat":{"_name":"karat","one":"%1$s karat","other":"%1$s karat"},"gram":{"_name":"gram","one":"%1$s gram","other":"%1$s gram"},"kilogram":{"_name":"kilogram","one":"%1$s kilogram","other":"%1$s kilogram"},"metric-ton":{"_name":"tons","one":"%1$s ton","other":"%1$s tons"},"microgram":{"_name":"mikrogram","one":"%1$s mikrogram","other":"%1$s mikrogram"},"milligram":{"_name":"milligram","one":"%1$s milligram","other":"%1$s milligram"},"ounce":{"_name":"ounces","one":"%1$s ounce","other":"%1$s ounces"},"ounce-troy":{"_name":"troy ounces","one":"%1$s troy ounce","other":"%1$s troy ounces"},"pound":{"_name":"pund","one":"%1$s pund","other":"%1$s pund"},"stone":{"_name":"st","other":"%1$s st"},"ton":{"_name":"short ton","one":"%1$s short ton","other":"%1$s short ton"}},"power":{"gigawatt":{"_name":"gigawatt","one":"%1$s gigawatt","other":"%1$s gigawatt"},"horsepower":{"_name":"hestekræfter","one":"%1$s hestekraft","other":"%1$s hestekræfter"},"kilowatt":{"_name":"kilowatt","one":"%1$s kilowatt","other":"%1$s kilowatt"},"megawatt":{"_name":"megawatt","one":"%1$s megawatt","other":"%1$s megawatt"},"milliwatt":{"_name":"milliwatt","one":"%1$s milliwatt","other":"%1$s milliwatt"},"watt":{"_name":"watt","one":"%1$s watt","other":"%1$s watt"}},"pressure":{"hectopascal":{"_name":"hektopascal","one":"%1$s hektopascal","other":"%1$s hektopascal"},"inch-hg":{"_name":"tommer kviksølv","one":"%1$s tomme kviksølv","other":"%1$s tommer kviksølv"},"millibar":{"_name":"millibar","one":"%1$s millibar","other":"%1$s millibar"},"millimeter-of-mercury":{"_name":"millimeter kviksølv","one":"%1$s millimeter kviksølv","other":"%1$s millimeter kviksølv"},"pound-per-square-inch":{"_name":"pounds pr. kvadrattomme","one":"%1$s pounds pr. kvadrattomme","other":"%1$s pounds pr. kvadrattommer"}},"proportion":{"karat":{"_name":"karat","one":"%1$s karat","other":"%1$s karat"}},"speed":{"kilometer-per-hour":{"_name":"kilometer i timen","one":"kilometer i timen","other":"%1$s kilometer i timen"},"meter-per-second":{"_name":"meter per sekund","one":"%1$s meter i sekundet","other":"%1$s meter i sekundet"},"mile-per-hour":{"_name":"engelske mil i timen","one":"%1$s engelsk mil i timen","other":"%1$s engelske mil i timen"}},"temperature":{"celsius":{"_name":"grader celsius","one":"%1$s grad Celsius","other":"%1$s grader Celsius"},"fahrenheit":{"_name":"grader Fahrenheit","one":"%1$s grad Fahrenheit","other":"%1$s grader Fahrenheit"},"generic":{"_name":"°","other":"%1$s°"},"kelvin":{"_name":"kelvin","one":"%1$s kelvin","other":"%1$s kelvin"}},"volume":{"acre-foot":{"_name":"acre-fod","one":"%1$s acre-fod","other":"%1$s acre-fod"},"bushel":{"_name":"bu","other":"%1$s bu"},"centiliter":{"_name":"centiliter","one":"%1$s centiliter","other":"%1$s centiliter"},"cubic-centimeter":{"_name":"kubikcentimeter","one":"%1$s kubikcentimeter","other":"%1$s kubikcentimeter"},"cubic-foot":{"_name":"kubikfod","one":"%1$s kubikfod","other":"%1$s kubikfod"},"cubic-inch":{"_name":"kubiktommer","one":"%1$s kubiktomme","other":"%1$s kubiktommer"},"cubic-kilometer":{"_name":"kubikkilometer","one":"%1$s kubikkilometer","other":"%1$s kubikkilometer"},"cubic-meter":{"_name":"kubikmeter","one":"%1$s kubikmeter","other":"%1$s kubikmeter"},"cubic-mile":{"_name":"kubik-engelske mil","one":"%1$s kubik-engelsk mil","other":"%1$s kubik-engelske mil"},"cubic-yard":{"_name":"kubik-engelske yard","one":"%1$s kubik-engelske yard","other":"%1$s kubik-engelske yard"},"cup":{"_name":"engelske kopper","one":"engelsk kop","other":"%1$s engelske kopper"},"deciliter":{"_name":"deciliter","one":"%1$s deciliter","other":"%1$s deciliter"},"fluid-ounce":{"_name":"engelske fluid ounces","one":"%1$s engelsk fluid ounce","other":"%1$s engelske fluid ounces"},"gallon":{"_name":"gallons","one":"%1$s gallon","other":"%1$s gallons"},"hectoliter":{"_name":"hektoliter","one":"%1$s hektoliter","other":"%1$s hektoliter"},"liter":{"_name":"liter","one":"%1$s liter","other":"%1$s liter"},"megaliter":{"_name":"megaliter","one":"%1$s megaliter","other":"%1$s megaliter"},"milliliter":{"_name":"milliliter","one":"%1$s milliliter","other":"%1$s milliliter"},"pint":{"_name":"pints","one":"%1$s pint","other":"%1$s pints"},"quart":{"_name":"engelske quarts","one":"%1$s engelsk quart","other":"%1$s engelske quarts"},"tablespoon":{"_name":"spiseske","one":"%1$s spiseske","other":"%1$s spiseskeer"},"teaspoon":{"_name":"teske","one":"%1$s teske","other":"%1$s teskeer"}}},"short":{"_compoundPattern":"%1$s/%2$s","acceleration":{"g-force":{"_name":"G-kraft","one":"%1$s G","other":"%1$s G"},"meter-per-second-squared":{"_name":"m/s²","one":"%1$s m/s²","other":"%1$s m/s²"}},"angle":{"arc-minute":{"_name":"bueminutter","one":"%1$s′","other":"%1$s′"},"arc-second":{"_name":"buesekunder","one":"%1$s″","other":"%1$s″"},"degree":{"_name":"grader","one":"%1$s°","other":"%1$s°"},"radian":{"_name":"radian","one":"%1$s radian","other":"%1$s radian"}},"area":{"acre":{"_name":"acre","one":"%1$s ac","other":"%1$s ac"},"hectare":{"_name":"hektar","one":"%1$s ha","other":"%1$s ha"},"square-centimeter":{"_name":"cm²","one":"%1$s cm²","other":"%1$s cm²"},"square-foot":{"_name":"kvadratfod","one":"%1$s kvadratfod","other":"%1$s kvadratfod"},"square-inch":{"_name":"in²","one":"%1$s in²","other":"%1$s in²"},"square-kilometer":{"_name":"km²","one":"%1$s km²","other":"%1$s km²"},"square-meter":{"_name":"m²","one":"%1$s m²","other":"%1$s m²"},"square-mile":{"_name":"mi²","one":"%1$s mi²","other":"%1$s mi²"},"square-yard":{"_name":"yd²","one":"%1$s yd²","other":"%1$s yd²"}},"consumption":{"liter-per-kilometer":{"_name":"l/km","one":"%1$s l/km","other":"%1$s l/km"},"mile-per-gallon":{"_name":"mpg","one":"%1$s mpg","other":"%1$s mpg"}},"digital":{"bit":{"_name":"bit","one":"%1$s bit","other":"%1$s bit"},"byte":{"_name":"byte","one":"%1$s byte","other":"%1$s byte"},"gigabit":{"_name":"Gbit","one":"%1$s Gbit","other":"%1$s Gbit"},"gigabyte":{"_name":"GB","one":"%1$s GB","other":"%1$s GB"},"kilobit":{"_name":"kb","one":"%1$s kb","other":"%1$s kb"},"kilobyte":{"_name":"kB","one":"%1$s kB","other":"%1$s kB"},"megabit":{"_name":"Mb","one":"%1$s Mb","other":"%1$s Mb"},"megabyte":{"_name":"MB","one":"%1$s MB","other":"%1$s MB"},"terabit":{"_name":"Tb","one":"%1$s Tb","other":"%1$s Tb"},"terabyte":{"_name":"TB","one":"%1$s TB","other":"%1$s TB"}},"duration":{"day":{"_name":"dage","one":"%1$s dag","other":"%1$s dage"},"hour":{"_name":"timer","one":"%1$s t","other":"%1$s t","_per":"%1$s /t"},"microsecond":{"_name":"μs","one":"%1$s μs","other":"%1$s μs"},"millisecond":{"_name":"milisek.","one":"%1$s ms","other":"%1$s ms"},"minute":{"_name":"minutter","one":"%1$s min","other":"%1$s min"},"month":{"_name":"måneder","one":"%1$s md.","other":"%1$s mdr."},"nanosecond":{"_name":"ns","one":"%1$s ns","other":"%1$s ns"},"second":{"_name":"sekunder","one":"%1$s sek","other":"%1$s sek","_per":"%1$s /sek"},"week":{"_name":"uger","one":"%1$s uge","other":"%1$s uger"},"year":{"_name":"år","one":"%1$s år","other":"%1$s år"}},"electric":{"ampere":{"_name":"A","one":"%1$s A","other":"%1$s A"},"milliampere":{"_name":"mA","one":"%1$s mA","other":"%1$s mA"},"ohm":{"_name":"Ω","one":"%1$s Ω","other":"%1$s Ω"},"volt":{"_name":"V","one":"%1$s V","other":"%1$s V"}},"energy":{"calorie":{"_name":"cal","one":"%1$s cal","other":"%1$s cal"},"foodcalorie":{"_name":"Cal","one":"%1$s Cal","other":"%1$s Cal"},"joule":{"_name":"joule","one":"%1$s J","other":"%1$s J"},"kilocalorie":{"_name":"kcal","one":"%1$s kcal","other":"%1$s kcal"},"kilojoule":{"_name":"kJ","one":"%1$s kJ","other":"%1$s kJ"},"kilowatt-hour":{"_name":"kWh","one":"%1$s kWh","other":"%1$s kWh"}},"frequency":{"gigahertz":{"_name":"GHz","one":"%1$s GHz","other":"%1$s GHz"},"hertz":{"_name":"Hz","one":"%1$s Hz","other":"%1$s Hz"},"kilohertz":{"_name":"kHz","one":"%1$s kHz","other":"%1$s kHz"},"megahertz":{"_name":"MHz","one":"%1$s MHz","other":"%1$s MHz"}},"length":{"astronomical-unit":{"_name":"ae","one":"%1$s ae","other":"%1$s ae"},"centimeter":{"_name":"cm","one":"%1$s cm","other":"%1$s cm"},"decimeter":{"_name":"dm","one":"%1$s dm","other":"%1$s dm"},"fathom":{"_name":"fm","other":"%1$s fm"},"foot":{"_name":"fod","one":"%1$s fod","other":"%1$s fod"},"furlong":{"_name":"fur","other":"%1$s fur"},"inch":{"_name":"tommer","one":"%1$s tomme","other":"%1$s tommer"},"kilometer":{"_name":"km","one":"%1$s km","other":"%1$s km"},"light-year":{"_name":"lysår","one":"%1$s ly","other":"%1$s ly"},"meter":{"_name":"meter","one":"%1$s m","other":"%1$s m"},"micrometer":{"_name":"µm","one":"%1$s µm","other":"%1$s µm"},"mile":{"_name":"engelske mil","one":"%1$s mil","other":"%1$s mil"},"millimeter":{"_name":"mm","one":"%1$s mm","other":"%1$s mm"},"nanometer":{"_name":"nm","one":"%1$s nm","other":"%1$s nm"},"nautical-mile":{"_name":"sømil","one":"%1$s sm","other":"%1$s sm"},"parsec":{"_name":"pc","one":"%1$s pc","other":"%1$s pc"},"picometer":{"_name":"pm","one":"%1$s pm","other":"%1$s pm"},"yard":{"_name":"engelske yard","one":"%1$s yard","other":"%1$s yard"}},"light":{"lux":{"_name":"lx","one":"%1$s lx","other":"%1$s lx"}},"mass":{"carat":{"_name":"kt.","one":"%1$s kt.","other":"%1$s kt."},"gram":{"_name":"gram","one":"%1$s g","other":"%1$s g"},"kilogram":{"_name":"kilogram","one":"%1$s kg","other":"%1$s kg"},"metric-ton":{"_name":"t","one":"%1$s t","other":"%1$s t"},"microgram":{"_name":"µg","one":"%1$s µg","other":"%1$s µg"},"milligram":{"_name":"mg","one":"%1$s mg","other":"%1$s mg"},"ounce":{"_name":"oz","one":"%1$s oz","other":"%1$s oz"},"ounce-troy":{"_name":"oz t","one":"%1$s oz t","other":"%1$s oz t"},"pound":{"_name":"pund","one":"%1$s lb","other":"%1$s lb"},"stone":{"_name":"st","other":"%1$s st"},"ton":{"_name":"tn","one":"%1$s tn","other":"%1$s tn"}},"power":{"gigawatt":{"_name":"GW","one":"%1$s GW","other":"%1$s GW"},"horsepower":{"_name":"hk","one":"%1$s hk","other":"%1$s hk"},"kilowatt":{"_name":"kW","one":"%1$s kW","other":"%1$s kW"},"megawatt":{"_name":"MW","one":"%1$s MW","other":"%1$s MW"},"milliwatt":{"_name":"mW","one":"%1$s mW","other":"%1$s mW"},"watt":{"_name":"W","one":"%1$s W","other":"%1$s W"}},"pressure":{"hectopascal":{"_name":"hPa","one":"%1$s hPa","other":"%1$s hPa"},"inch-hg":{"_name":"# Hg","one":"%1$s # Hg","other":"%1$s # Hg"},"millibar":{"_name":"mbar","one":"%1$s mbar","other":"%1$s mbar"},"millimeter-of-mercury":{"_name":"mmHg","one":"%1$s mmHg","other":"%1$s mmHg"},"pound-per-square-inch":{"_name":"psi","one":"%1$s psi","other":"%1$s psi"}},"proportion":{"karat":{"_name":"karat","one":"%1$s kt","other":"%1$s kt"}},"speed":{"kilometer-per-hour":{"_name":"km/t","one":"%1$s km/t.","other":"%1$s km/t."},"meter-per-second":{"_name":"m/s","one":"%1$s m/s","other":"%1$s m/s"},"mile-per-hour":{"_name":"engelske mil/timen","one":"%1$s mph","other":"%1$s mph"}},"temperature":{"celsius":{"_name":"°C","one":"%1$s°C","other":"%1$s°C"},"fahrenheit":{"_name":"°F","one":"%1$s°F","other":"%1$s°F"},"generic":{"_name":"°","other":"%1$s°"},"kelvin":{"_name":"K","one":"%1$s K","other":"%1$s K"}},"volume":{"acre-foot":{"_name":"ac ft","one":"%1$s ac ft","other":"%1$s ac ft"},"bushel":{"_name":"bu","other":"%1$s bu"},"centiliter":{"_name":"cl","one":"%1$s cl","other":"%1$s cl"},"cubic-centimeter":{"_name":"cm³","one":"%1$s cm³","other":"%1$s cm³"},"cubic-foot":{"_name":"ft³","one":"%1$s ft³","other":"%1$s ft³"},"cubic-inch":{"_name":"in³","one":"%1$s in³","other":"%1$s in³"},"cubic-kilometer":{"_name":"km³","one":"%1$s km³","other":"%1$s km³"},"cubic-meter":{"_name":"m³","one":"%1$s m³","other":"%1$s m³"},"cubic-mile":{"_name":"mi³","one":"%1$s mi³","other":"%1$s mi³"},"cubic-yard":{"_name":"yd³","one":"%1$s yd³","other":"%1$s yd³"},"cup":{"_name":"engelsk kop","one":"%1$s c","other":"%1$s c"},"deciliter":{"_name":"dl","one":"%1$s dl","other":"%1$s dl"},"fluid-ounce":{"_name":"fl oz","one":"%1$s fl oz","other":"%1$s fl oz"},"gallon":{"_name":"gal","one":"%1$s gal","other":"%1$s gal"},"hectoliter":{"_name":"hl","one":"%1$s hl","other":"%1$s hl"},"liter":{"_name":"liter","one":"%1$s l","other":"%1$s l"},"megaliter":{"_name":"ML","one":"%1$s ML","other":"%1$s ML"},"milliliter":{"_name":"ml","one":"%1$s ml","other":"%1$s ml"},"pint":{"_name":"pt","one":"%1$s pt","other":"%1$s pt"},"quart":{"_name":"qt","one":"%1$s qt","other":"%1$s qt"},"tablespoon":{"_name":"spsk.","one":"%1$s spsk.","other":"%1$s spsk."},"teaspoon":{"_name":"tsk.","one":"%1$s tsk.","other":"%1$s tsk."}}},"narrow":{"_compoundPattern":"%1$s/%2$s","acceleration":{"g-force":{"_name":"G-kraft","one":"%1$sG","other":"%1$sG"},"meter-per-second-squared":{"_name":"m/s²","one":"%1$sm/s²","other":"%1$sm/s²"}},"angle":{"arc-minute":{"_name":"bueminutter","one":"%1$s′","other":"%1$s′"},"arc-second":{"_name":"buesekunder","one":"%1$s″","other":"%1$s″"},"degree":{"_name":"grader","one":"%1$s°","other":"%1$s°"},"radian":{"_name":"radian","one":"%1$s radian","other":"%1$s radian"}},"area":{"acre":{"_name":"acre","one":"%1$sac","other":"%1$sac"},"hectare":{"_name":"hektar","one":"%1$sha","other":"%1$sha"},"square-centimeter":{"_name":"cm²","one":"%1$s cm²","other":"%1$s cm²"},"square-foot":{"_name":"kvadratfod","one":"%1$s ft²","other":"%1$s ft²"},"square-inch":{"_name":"in²","one":"%1$s in²","other":"%1$s in²"},"square-kilometer":{"_name":"km²","one":"%1$skm²","other":"%1$skm²"},"square-meter":{"_name":"m²","one":"%1$sm²","other":"%1$sm²"},"square-mile":{"_name":"mi²","one":"%1$s mi²","other":"%1$s mi²"},"square-yard":{"_name":"yd²","one":"%1$s yd²","other":"%1$s yd²"}},"consumption":{"liter-per-kilometer":{"_name":"l/km","one":"%1$s l/km","other":"%1$s l/km"},"mile-per-gallon":{"_name":"mpg","one":"%1$s mpg","other":"%1$s mpg"}},"digital":{"bit":{"_name":"bit","one":"%1$s bit","other":"%1$s bit"},"byte":{"_name":"byte","one":"%1$s byte","other":"%1$s byte"},"gigabit":{"_name":"Gbit","one":"%1$s Gbit","other":"%1$s Gbit"},"gigabyte":{"_name":"GB","one":"%1$s GB","other":"%1$s GB"},"kilobit":{"_name":"kb","one":"%1$s kb","other":"%1$s kb"},"kilobyte":{"_name":"kB","one":"%1$s kB","other":"%1$s kB"},"megabit":{"_name":"Mb","one":"%1$s Mb","other":"%1$s Mb"},"megabyte":{"_name":"MB","one":"%1$s MB","other":"%1$s MB"},"terabit":{"_name":"Tb","one":"%1$s Tb","other":"%1$s Tb"},"terabyte":{"_name":"TB","one":"%1$s TB","other":"%1$s TB"}},"duration":{"day":{"_name":"dag","one":"%1$s d","other":"%1$s d"},"hour":{"_name":"time","one":"%1$s t","other":"%1$s t","_per":"%1$s /t"},"microsecond":{"_name":"μs","one":"%1$sμs","other":"%1$sμs"},"millisecond":{"_name":"ms","one":"%1$s ms","other":"%1$s ms"},"minute":{"_name":"min","one":"%1$s m","other":"%1$s min"},"month":{"_name":"måned","one":"%1$s m","other":"%1$s m"},"nanosecond":{"_name":"ns","one":"%1$sns","other":"%1$sns"},"second":{"_name":"sek","one":"%1$s s","other":"%1$s s","_per":"%1$s /sek"},"week":{"_name":"uge","one":"%1$s u","other":"%1$s u"},"year":{"_name":"år","one":"%1$s år","other":"%1$s år"}},"electric":{"ampere":{"_name":"A","one":"%1$s A","other":"%1$s A"},"milliampere":{"_name":"mA","one":"%1$s mA","other":"%1$s mA"},"ohm":{"_name":"Ω","one":"%1$s Ω","other":"%1$s Ω"},"volt":{"_name":"V","one":"%1$s V","other":"%1$s V"}},"energy":{"calorie":{"_name":"cal","one":"%1$s cal","other":"%1$s cal"},"foodcalorie":{"_name":"Cal","one":"%1$s Cal","other":"%1$s Cal"},"joule":{"_name":"joule","one":"%1$s J","other":"%1$s J"},"kilocalorie":{"_name":"kcal","one":"%1$s kcal","other":"%1$s kcal"},"kilojoule":{"_name":"kJ","one":"%1$s kJ","other":"%1$s kJ"},"kilowatt-hour":{"_name":"kWh","one":"%1$s kWh","other":"%1$s kWh"}},"frequency":{"gigahertz":{"_name":"GHz","one":"%1$s GHz","other":"%1$s GHz"},"hertz":{"_name":"Hz","one":"%1$s Hz","other":"%1$s Hz"},"kilohertz":{"_name":"kHz","one":"%1$s kHz","other":"%1$s kHz"},"megahertz":{"_name":"MHz","one":"%1$s MHz","other":"%1$s MHz"}},"length":{"astronomical-unit":{"_name":"ae","one":"%1$s ae","other":"%1$s ae"},"centimeter":{"_name":"cm","one":"%1$s cm","other":"%1$s cm"},"decimeter":{"_name":"dm","one":"%1$sdm","other":"%1$sdm"},"fathom":{"_name":"fm","other":"%1$s fm"},"foot":{"_name":"fod","one":"%1$s fod","other":"%1$s fod"},"furlong":{"_name":"fur","other":"%1$s fur"},"inch":{"_name":"tommer","one":"%1$s\"","other":"%1$s\""},"kilometer":{"_name":"km","one":"%1$s km","other":"%1$s km"},"light-year":{"_name":"lysår","one":"%1$s lysår","other":"%1$s lysår"},"meter":{"_name":"m","one":"%1$s m","other":"%1$s m"},"micrometer":{"_name":"µm","one":"%1$sμm","other":"%1$sμm"},"mile":{"_name":"engelske mil","one":"%1$s mil","other":"%1$s mil"},"millimeter":{"_name":"mm","one":"%1$s mm","other":"%1$s mm"},"nanometer":{"_name":"nm","one":"%1$snm","other":"%1$snm"},"nautical-mile":{"_name":"sømil","one":"%1$s sømil","other":"%1$s sømil"},"parsec":{"_name":"pc","one":"%1$s pc","other":"%1$s pc"},"picometer":{"_name":"pm","one":"%1$spm","other":"%1$spm"},"yard":{"_name":"engelske yard","one":"%1$s yard","other":"%1$s yard"}},"light":{"lux":{"_name":"lx","one":"%1$s lx","other":"%1$s lx"}},"mass":{"carat":{"_name":"kt.","one":"%1$s kt.","other":"%1$s kt."},"gram":{"_name":"g","one":"%1$s g","other":"%1$s g"},"kilogram":{"_name":"kg","one":"%1$s kg","other":"%1$s kg"},"metric-ton":{"_name":"t","one":"%1$st","other":"%1$st"},"microgram":{"_name":"µg","one":"%1$s µg","other":"%1$s µg"},"milligram":{"_name":"mg","one":"%1$smg","other":"%1$smg"},"ounce":{"_name":"oz","one":"%1$s unse","other":"%1$s unser"},"ounce-troy":{"_name":"oz t","one":"%1$s oz t","other":"%1$s oz t"},"pound":{"_name":"pund","one":"%1$s pund","other":"%1$s pund"},"stone":{"_name":"st","other":"%1$s st"},"ton":{"_name":"tn","one":"%1$s tn","other":"%1$s tn"}},"power":{"gigawatt":{"_name":"GW","one":"%1$s GW","other":"%1$s GW"},"horsepower":{"_name":"hk","one":"%1$shk","other":"%1$shk"},"kilowatt":{"_name":"kW","one":"%1$skW","other":"%1$skW"},"megawatt":{"_name":"MW","one":"%1$s MW","other":"%1$s MW"},"milliwatt":{"_name":"mW","one":"%1$s mW","other":"%1$s mW"},"watt":{"_name":"W","one":"%1$sW","other":"%1$sW"}},"pressure":{"hectopascal":{"_name":"hPa","one":"%1$shPa","other":"%1$shPa"},"inch-hg":{"_name":"# Hg","one":"%1$s\" Hg","other":"%1$s\" Hg"},"millibar":{"_name":"mbar","one":"%1$smbar","other":"%1$smbar"},"millimeter-of-mercury":{"_name":"mmHg","one":"%1$smm Hg","other":"%1$smm Hg"},"pound-per-square-inch":{"_name":"psi","one":"%1$s psi","other":"%1$s psi"}},"proportion":{"karat":{"_name":"karat","one":"%1$s kt","other":"%1$s kt"}},"speed":{"kilometer-per-hour":{"_name":"km/t","one":"%1$s km/t","other":"%1$s km/t"},"meter-per-second":{"_name":"m/s","one":"%1$sm/s","other":"%1$sm/s"},"mile-per-hour":{"_name":"engelske mil/timen","one":"%1$s mph","other":"%1$s mph"}},"temperature":{"celsius":{"_name":"°C","one":"%1$s°C","other":"%1$s°C"},"fahrenheit":{"_name":"°F","one":"%1$s°F","other":"%1$s°F"},"generic":{"_name":"°","other":"%1$s°"},"kelvin":{"_name":"K","one":"%1$sK","other":"%1$sK"}},"volume":{"acre-foot":{"_name":"ac ft","one":"%1$s ac ft","other":"%1$s ac ft"},"bushel":{"_name":"bu","other":"%1$s bu"},"centiliter":{"_name":"cl","one":"%1$s cl","other":"%1$s cl"},"cubic-centimeter":{"_name":"cm³","one":"%1$scm³","other":"%1$scm³"},"cubic-foot":{"_name":"ft³","one":"%1$s fod³","other":"%1$s fod³"},"cubic-inch":{"_name":"in³","one":"%1$s in³","other":"%1$s in³"},"cubic-kilometer":{"_name":"km³","one":"%1$skm³","other":"%1$skm³"},"cubic-meter":{"_name":"m³","one":"%1$sm³","other":"%1$sm³"},"cubic-mile":{"_name":"mi³","one":"%1$s mi³","other":"%1$s mi³"},"cubic-yard":{"_name":"yd³","one":"%1$s yd³","other":"%1$s yd³"},"cup":{"_name":"engelsk kop","one":"%1$s c","other":"%1$s c"},"deciliter":{"_name":"dl","one":"%1$sdL","other":"%1$sdL"},"fluid-ounce":{"_name":"fl oz","one":"%1$s fl oz","other":"%1$s fl oz"},"gallon":{"_name":"gal","one":"%1$s gal","other":"%1$s gal"},"hectoliter":{"_name":"hl","one":"%1$shL","other":"%1$shL"},"liter":{"_name":"liter","one":"%1$s l","other":"%1$s l"},"megaliter":{"_name":"ML","one":"%1$sML","other":"%1$sML"},"milliliter":{"_name":"ml","one":"%1$smL","other":"%1$smL"},"pint":{"_name":"pt","one":"%1$s pt","other":"%1$s pt"},"quart":{"_name":"qt","one":"%1$s qt","other":"%1$s qt"},"tablespoon":{"_name":"spsk.","one":"%1$s spsk","other":"%1$s spsk"},"teaspoon":{"_name":"tsk.","one":"%1$s tsk","other":"%1$s tsk"}}},"_durationPattern":{"hm":"h.mm","hms":"h.mm.ss","ms":"m.ss"}}