{"months":{"format":{"abbreviated":{"1":"يناير","2":"فبراير","3":"مارس","4":"أبريل","5":"مايو","6":"يونيو","7":"يوليو","8":"أغسطس","9":"سبتمبر","10":"أكتوبر","11":"نوفمبر","12":"ديسمبر"},"narrow":{"1":"ي","2":"ف","3":"م","4":"أ","5":"و","6":"ن","7":"ل","8":"غ","9":"س","10":"ك","11":"ب","12":"د"},"wide":{"1":"يناير","2":"فبراير","3":"مارس","4":"أبريل","5":"مايو","6":"يونيو","7":"يوليو","8":"أغسطس","9":"سبتمبر","10":"أكتوبر","11":"نوفمبر","12":"ديسمبر"}},"stand-alone":{"abbreviated":{"1":"يناير","2":"فبراير","3":"مارس","4":"أبريل","5":"مايو","6":"يونيو","7":"يوليو","8":"أغسطس","9":"سبتمبر","10":"أكتوبر","11":"نوفمبر","12":"ديسمبر"},"narrow":{"1":"ي","2":"ف","3":"م","4":"أ","5":"و","6":"ن","7":"ل","8":"غ","9":"س","10":"ك","11":"ب","12":"د"},"wide":{"1":"يناير","2":"فبراير","3":"مارس","4":"أبريل","5":"مايو","6":"يونيو","7":"يوليو","8":"أغسطس","9":"سبتمبر","10":"أكتوبر","11":"نوفمبر","12":"ديسمبر"}}},"days":{"format":{"abbreviated":{"sun":"الأحد","mon":"الاثنين","tue":"الثلاثاء","wed":"الأربعاء","thu":"الخميس","fri":"الجمعة","sat":"السبت"},"narrow":{"sun":"ح","mon":"ن","tue":"ث","wed":"ر","thu":"خ","fri":"ج","sat":"س"},"short":{"sun":"الأحد","mon":"الاثنين","tue":"الثلاثاء","wed":"الأربعاء","thu":"الخميس","fri":"الجمعة","sat":"السبت"},"wide":{"sun":"الأحد","mon":"الاثنين","tue":"الثلاثاء","wed":"الأربعاء","thu":"الخميس","fri":"الجمعة","sat":"السبت"}},"stand-alone":{"abbreviated":{"sun":"الأحد","mon":"الاثنين","tue":"الثلاثاء","wed":"الأربعاء","thu":"الخميس","fri":"الجمعة","sat":"السبت"},"narrow":{"sun":"ح","mon":"ن","tue":"ث","wed":"ر","thu":"خ","fri":"ج","sat":"س"},"short":{"sun":"الأحد","mon":"الاثنين","tue":"الثلاثاء","wed":"الأربعاء","thu":"الخميس","fri":"الجمعة","sat":"السبت"},"wide":{"sun":"الأحد","mon":"الاثنين","tue":"الثلاثاء","wed":"الأربعاء","thu":"الخميس","fri":"الجمعة","sat":"السبت"}}},"quarters":{"format":{"abbreviated":{"1":"الربع الأول","2":"الربع الثاني","3":"الربع الثالث","4":"الربع الرابع"},"narrow":{"1":"١","2":"٢","3":"٣","4":"٤"},"wide":{"1":"الربع الأول","2":"الربع الثاني","3":"الربع الثالث","4":"الربع الرابع"}},"stand-alone":{"abbreviated":{"1":"الربع الأول","2":"الربع الثاني","3":"الربع الثالث","4":"الربع الرابع"},"narrow":{"1":"١","2":"٢","3":"٣","4":"٤"},"wide":{"1":"الربع الأول","2":"الربع الثاني","3":"الربع الثالث","4":"الربع الرابع"}}},"dayPeriods":{"format":{"abbreviated":{"am":"ص","noon":"ظهرا","pm":"م"},"narrow":{"am":"ص","noon":"ظ","pm":"م"},"wide":{"am":"ص","noon":"ظهرا","pm":"م"}},"stand-alone":{"abbreviated":{"am":"ص","noon":"ظهرا","pm":"م"},"narrow":{"am":"ص","noon":"ظ","pm":"م"},"wide":{"am":"ص","noon":"ظهرا","pm":"م"}}},"eras":{"wide":{"0":"قبل الميلاد","0-alt-variant":"BCE","1":"ميلادي","1-alt-variant":"بعد الميلاد"},"abbreviated":{"0":"ق.م","0-alt-variant":"BCE","1":"م","1-alt-variant":"ب.م"},"narrow":{"0":"ق.م","0-alt-variant":"BCE","1":"م","1-alt-variant":"ب.م"}},"dateFormats":{"full":"EEEE، d MMMM، y","long":"d MMMM، y","medium":"dd‏/MM‏/y","short":"d‏/M‏/y"},"timeFormats":{"full":"h:mm:ss a zzzz","long":"h:mm:ss a z","medium":"h:mm:ss a","short":"h:mm a"},"dateTimeFormats":{"full":"%2$s %1$s","long":"%2$s %1$s","medium":"%2$s %1$s","short":"%2$s %1$s"}}