{"ADP":{"name":"بيستا أندوري"},"AED":{"symbol":"د.إ.‏","name":"درهم إماراتي","pluralName":{"zero":"درهم إماراتي","one":"درهم إماراتي","two":"درهم إماراتي","few":"درهم إماراتي","many":"درهم إماراتي","other":"درهم إماراتي"}},"AFA":{"name":"أفغاني - 1927-2002"},"AFN":{"name":"أفغاني","pluralName":{"zero":"أفغاني أفغانستاني","one":"أفغاني أفغانستاني","two":"أفغاني أفغانستاني","few":"أفغاني أفغانستاني","many":"أفغاني أفغانستاني","other":"أفغاني أفغانستاني"}},"ALL":{"name":"ليك ألباني","pluralName":{"zero":"ليك ألباني","one":"ليك ألباني","two":"ليك ألباني","few":"ليك ألباني","many":"ليك ألباني","other":"ليك ألباني"}},"AMD":{"name":"درام أرميني","pluralName":{"zero":"درام أرميني","one":"درام أرميني","two":"درام أرميني","few":"درام أرميني","many":"درام أرميني","other":"درام أرميني"}},"ANG":{"name":"غيلدر هولندي أنتيلي","pluralName":{"zero":"غيلدر أنتيلي هولندي","one":"غيلدر أنتيلي هولندي","two":"غيلدر أنتيلي هولندي","few":"غيلدر أنتيلي هولندي","many":"غيلدر أنتيلي هولندي","other":"غيلدر أنتيلي هولندي"}},"AOA":{"name":"كوانزا أنجولي","pluralName":{"zero":"كوانزا أنجولي","one":"كوانزا أنجولي","two":"كوانزا أنجولي","few":"كوانزا أنجولي","many":"كوانزا أنجولي","other":"كوانزا أنجولي"},"symbolNarrow":"Kz"},"AOK":{"name":"كوانزا أنجولي - 1977-1990"},"AON":{"name":"كوانزا أنجولي جديدة - 1990-2000"},"AOR":{"name":"كوانزا أنجولي معدلة - 1995 - 1999"},"ARA":{"name":"استرال أرجنتيني","pluralName":{"zero":"أسترال أرجنتيني","one":"أسترال أرجنتيني","two":"أسترال أرجنتيني","few":"أسترال أرجنتيني","many":"أسترال أرجنتيني","other":"أسترال أرجنتيني"}},"ARL":{"name":"ARL"},"ARM":{"name":"ARM"},"ARP":{"name":"بيزو أرجنتيني - 1983-1985"},"ARS":{"name":"بيزو أرجنتيني","pluralName":{"zero":"بيزو أرجنتيني","one":"بيزو أرجنتيني","two":"بيزو أرجنتيني","few":"بيزو أرجنتيني","many":"بيزو أرجنتيني","other":"بيزو أرجنتيني"},"symbolNarrow":"AR$"},"ATS":{"name":"شلن نمساوي"},"AUD":{"symbol":"AU$","name":"دولار أسترالي","pluralName":{"zero":"دولار أسترالي","one":"دولار أسترالي","two":"دولار أسترالي","few":"دولار أسترالي","many":"دولار أسترالي","other":"دولار أسترالي"},"symbolNarrow":"AU$"},"AWG":{"name":"فلورن أروبي","pluralName":{"zero":"فلورن أروبي","one":"فلورن أروبي","two":"فلورن أروبي","few":"فلورن أروبي","many":"فلورن أروبي","other":"فلورن أروبي"}},"AZM":{"name":"مانات أذريبجاني","pluralName":{"zero":"مانات أذريبجاني","one":"مانات أذريبجاني","two":"مانات أذريبجاني","few":"مانات أذريبجاني","many":"مانات أذريبجاني","other":"مانات أذريبجاني"}},"AZN":{"name":"مانات أذربيجان"},"BAD":{"name":"دينار البوسنة والهرسك"},"BAM":{"name":"مارك البوسنة والهرسك قابل للتحويل","pluralName":{"zero":"مارك البوسنة والهرسك قابل للتحويل","one":"مارك البوسنة والهرسك قابل للتحويل","two":"مارك البوسنة والهرسك قابل للتحويل","few":"مارك البوسنة والهرسك قابل للتحويل","many":"مارك البوسنة والهرسك قابل للتحويل","other":"مارك البوسنة والهرسك قابل للتحويل"},"symbolNarrow":"KM"},"BAN":{"name":"BAN"},"BBD":{"name":"دولار بربادوسي","pluralName":{"zero":"دولار بربادوسي","one":"دولار بربادوسي","two":"دولار بربادوسي","few":"دولار بربادوسي","many":"دولار بربادوسي","other":"دولار بربادوسي"},"symbolNarrow":"BB$"},"BDT":{"name":"تاكا بنجلاديشي","pluralName":{"zero":"تاكا بنجلاديشي","one":"تاكا بنجلاديشي","two":"تاكا بنجلاديشي","few":"تاكا بنجلاديشي","many":"تاكا بنجلاديشي","other":"تاكا بنجلاديشي"},"symbolNarrow":"৳"},"BEC":{"name":"فرنك بلجيكي قابل للتحويل"},"BEF":{"name":"فرنك بلجيكي","pluralName":{"zero":"فرنك بلجيكي","one":"فرنك بلجيكي","two":"فرنك بلجيكي","few":"فرنك بلجيكي","many":"فرنك بلجيكي","other":"فرنك بلجيكي"}},"BEL":{"name":"فرنك بلجيكي مالي"},"BGL":{"name":"BGL"},"BGM":{"name":"BGM"},"BGN":{"name":"ليف بلغاري","pluralName":{"zero":"ليف بلغاري","one":"ليف بلغاري","two":"ليف بلغاري","few":"ليف بلغاري","many":"ليف بلغاري","other":"ليف بلغاري"}},"BGO":{"name":"BGO"},"BHD":{"symbol":"د.ب.‏","name":"دينار بحريني","pluralName":{"zero":"دينار بحريني","one":"دينار بحريني","two":"دينار بحريني","few":"دينار بحريني","many":"دينار بحريني","other":"دينار بحريني"}},"BIF":{"name":"فرنك بروندي","pluralName":{"zero":"فرنك بروندي","one":"فرنك بروندي","two":"فرنك بروندي","few":"فرنك بروندي","many":"فرنك بروندي","other":"فرنك بروندي"}},"BMD":{"name":"دولار برمودي","pluralName":{"zero":"دولار برمودي","one":"دولار برمودي","two":"دولار برمودي","few":"دولار برمودي","many":"دولار برمودي","other":"دولار برمودي"},"symbolNarrow":"BM$"},"BND":{"name":"دولار بروناي","pluralName":{"zero":"دولار بروناي","one":"دولار بروناي","two":"دولار بروناي","few":"دولار بروناي","many":"دولار بروناي","other":"دولار بروناي"},"symbolNarrow":"BN$"},"BOB":{"name":"بوليفيانو بوليفي","pluralName":{"zero":"بوليفيانو بوليفي","one":"بوليفيانو بوليفي","two":"بوليفيانو بوليفي","few":"بوليفيانو بوليفي","many":"بوليفيانو بوليفي","other":"بوليفيانو بوليفي"},"symbolNarrow":"Bs"},"BOL":{"name":"BOL"},"BOP":{"name":"بيزو بوليفي","pluralName":{"zero":"بيزو بوليفي","one":"بيزو بوليفي","two":"بيزو بوليفي","few":"بيزو بوليفي","many":"بيزو بوليفي","other":"بيزو بوليفي"}},"BOV":{"name":"مفدول بوليفي"},"BRB":{"name":"نوفو كروزايرو برازيلي - 1967-1986"},"BRC":{"name":"كروزادو برازيلي"},"BRE":{"name":"كروزايرو برازيلي - 1990-1993"},"BRL":{"symbol":"R$","name":"ريال برازيلي","pluralName":{"zero":"ريال برازيلي","one":"ريال برازيلي","two":"ريال برازيلي","few":"ريال برازيلي","many":"ريال برازيلي","other":"ريال برازيلي"},"symbolNarrow":"R$"},"BRN":{"name":"BRN"},"BRR":{"name":"BRR"},"BRZ":{"name":"BRZ"},"BSD":{"name":"دولار باهامي","pluralName":{"zero":"دولار باهامي","one":"دولار باهامي","two":"دولار باهامي","few":"دولار باهامي","many":"دولار باهامي","other":"دولار باهامي"},"symbolNarrow":"BS$"},"BTN":{"name":"نولتوم بوتاني","pluralName":{"zero":"نولتوم بوتاني","one":"نولتوم بوتاني","two":"نولتوم بوتاني","few":"نولتوم بوتاني","many":"نولتوم بوتاني","other":"نولتوم بوتاني"}},"BUK":{"name":"كيات بورمي"},"BWP":{"name":"بولا بتسواني","pluralName":{"zero":"بولا بتسواني","one":"بولا بتسواني","two":"بولا بتسواني","few":"بولا بتسواني","many":"بولا بتسواني","other":"بولا بتسواني"},"symbolNarrow":"P"},"BYB":{"name":"روبل بيلاروسي جديد - 1994-1999"},"BYR":{"name":"روبل بيلاروسي","pluralName":{"zero":"روبل بيلاروسي","one":"روبل بيلاروسي","two":"روبل بيلاروسي","few":"روبل بيلاروسي","many":"روبل بيلاروسي","other":"روبل بيلاروسي"},"symbolNarrow":"р."},"BZD":{"name":"دولار بليزي","pluralName":{"zero":"دولار بليزي","one":"دولار بليزي","two":"دولار بليزي","few":"دولار بليزي","many":"دولار بليزي","other":"دولار بليزي"},"symbolNarrow":"BZ$"},"CAD":{"symbol":"CA$","name":"دولار كندي","pluralName":{"zero":"دولار كندي","one":"دولار كندي","two":"دولار كندي","few":"دولار كندي","many":"دولار كندي","other":"دولار كندي"},"symbolNarrow":"CA$"},"CDF":{"name":"فرنك كونغولي","pluralName":{"zero":"فرنك كونغولي","one":"فرنك كونغولي","two":"فرنك كونغولي","few":"فرنك كونغولي","many":"فرنك كونغولي","other":"فرنك كونغولي"}},"CHE":{"name":"CHE"},"CHF":{"name":"فرنك سويسري","pluralName":{"zero":"فرنك سويسري","one":"فرنك سويسري","two":"فرنك سويسري","few":"فرنك سويسري","many":"فرنك سويسري","other":"فرنك سويسري"}},"CHW":{"name":"CHW"},"CLE":{"name":"CLE"},"CLF":{"name":"CLF"},"CLP":{"name":"بيزو شيلي","pluralName":{"zero":"بيزو شيلي","one":"بيزو شيلي","two":"بيزو شيلي","few":"بيزو شيلي","many":"بيزو شيلي","other":"بيزو شيلي"},"symbolNarrow":"CL$"},"CNY":{"symbol":"ي.ص","name":"يوان صيني","pluralName":{"zero":"يوان صيني","one":"يوان صيني","two":"يوان صيني","few":"يوان صيني","many":"يوان صيني","other":"يوان صيني"},"symbolNarrow":"CN¥"},"COP":{"name":"بيزو كولومبي","pluralName":{"zero":"بيزو كولومبي","one":"بيزو كولومبي","two":"بيزو كولومبي","few":"بيزو كولومبي","many":"بيزو كولومبي","other":"بيزو كولومبي"},"symbolNarrow":"CO$"},"COU":{"name":"COU"},"CRC":{"name":"كولن كوستا ريكي","pluralName":{"zero":"كولن كوستا ريكي","one":"كولن كوستا ريكي","two":"كولن كوستا ريكي","few":"كولن كوستا ريكي","many":"كولن كوستا ريكي","other":"كولن كوستا ريكي"},"symbolNarrow":"₡"},"CSD":{"name":"دينار صربي قديم"},"CSK":{"name":"كرونة تشيكوسلوفاكيا"},"CUC":{"name":"بيزو كوبي قابل للتحويل","symbolNarrow":"$"},"CUP":{"name":"بيزو كوبي","pluralName":{"zero":"بيزو كوبي","one":"بيزو كوبي","two":"بيزو كوبي","few":"بيزو كوبي","many":"بيزو كوبي","other":"بيزو كوبي"},"symbolNarrow":"CU$"},"CVE":{"name":"اسكودو الرأس الخضراء","pluralName":{"zero":"اسكودو الرأس الخضراء","one":"اسكودو الرأس الخضراء","two":"اسكودو الرأس الخضراء","few":"اسكودو الرأس الخضراء","many":"اسكودو الرأس الخضراء","other":"اسكودو الرأس الخضراء"}},"CYP":{"name":"جنيه قبرصي","pluralName":{"zero":"جنيه قبرصي","one":"جنيه قبرصي","two":"جنيه قبرصي","few":"جنيه قبرصي","many":"جنيه قبرصي","other":"جنيه قبرصي"}},"CZK":{"name":"كرونة تشيكية","pluralName":{"zero":"كرونة تشيكية","one":"كرونة تشيكية","two":"كرونة تشيكية","few":"كرونة تشيكية","many":"كرونة تشيكية","other":"كرونة تشيكية"},"symbolNarrow":"Kč"},"DDM":{"name":"أوستمارك ألماني شرقي"},"DEM":{"name":"مارك ألماني","pluralName":{"zero":"مارك ألماني","one":"مارك ألماني","two":"مارك ألماني","few":"مارك ألماني","many":"مارك ألماني","other":"مارك ألماني"}},"DJF":{"name":"فرنك جيبوتي","pluralName":{"zero":"فرنك جيبوتي","one":"فرنك جيبوتي","two":"فرنك جيبوتي","few":"فرنك جيبوتي","many":"فرنك جيبوتي","other":"فرنك جيبوتي"}},"DKK":{"name":"كرونة دانماركي","pluralName":{"zero":"كرونة دانماركي","one":"كرونة دانماركي","two":"كرونة دانماركي","few":"كرونة دانماركي","many":"كرونة دانماركي","other":"كرونة دانماركي"},"symbolNarrow":"kr"},"DOP":{"name":"بيزو الدومنيكان","pluralName":{"zero":"بيزو الدومنيكان","one":"بيزو الدومنيكان","two":"بيزو الدومنيكان","few":"بيزو الدومنيكان","many":"بيزو الدومنيكان","other":"بيزو الدومنيكان"},"symbolNarrow":"DO$"},"DZD":{"symbol":"د.ج.‏","name":"دينار جزائري","pluralName":{"zero":"دينار جزائري","one":"دينار جزائري","two":"دينار جزائري","few":"دينار جزائري","many":"دينار جزائري","other":"دينار جزائري"}},"ECS":{"name":"ECS"},"ECV":{"name":"ECV"},"EEK":{"name":"كرونة استونية","pluralName":{"zero":"كرونة أستونية","one":"كرونة أستونية","two":"كرونة أستونية","few":"كرونة أستونية","many":"كرونة أستونية","other":"كرونة أستونية"}},"EGP":{"symbol":"ج.م.‏","name":"جنيه مصري","pluralName":{"zero":"جنيه مصري","one":"جنيه مصري","two":"جنيه مصري","few":"جنيه مصري","many":"جنيه مصري","other":"جنيه مصري"},"symbolNarrow":"E£"},"ERN":{"name":"ناكفا أريتري","pluralName":{"zero":"ناكفا أريتري","one":"ناكفا أريتري","two":"ناكفا أريتري","few":"ناكفا أريتري","many":"ناكفا أريتري","other":"ناكفا أريتري"}},"ESA":{"name":"ESA"},"ESB":{"name":"ESB"},"ESP":{"name":"بيزيتا إسباني","pluralName":{"zero":"بيزيتا إسباني","one":"بيزيتا إسباني","two":"بيزيتا إسباني","few":"بيزيتا إسباني","many":"بيزيتا إسباني","other":"بيزيتا إسباني"},"symbolNarrow":"₧"},"ETB":{"name":"بير أثيوبي","pluralName":{"zero":"بير أثيوبي","one":"بير أثيوبي","two":"بير أثيوبي","few":"بير أثيوبي","many":"بير أثيوبي","other":"بير أثيوبي"}},"EUR":{"symbol":"€","name":"يورو","pluralName":{"zero":"يورو","one":"يورو","two":"يورو","few":"يورو","many":"يورو","other":"يورو"},"symbolNarrow":"€"},"FIM":{"name":"ماركا فنلندي","pluralName":{"zero":"ماركا فنلندي","one":"ماركا فنلندي","two":"ماركا فنلندي","few":"ماركا فنلندي","many":"ماركا فنلندي","other":"ماركا فنلندي"}},"FJD":{"name":"دولار فيجي","pluralName":{"zero":"دولار فيجي","one":"دولار فيجي","two":"دولار فيجي","few":"دولار فيجي","many":"دولار فيجي","other":"دولار فيجي"},"symbolNarrow":"FJ$"},"FKP":{"name":"جنيه جزر فوكلاند","pluralName":{"zero":"جنيه جزر فوكلاند","one":"جنيه جزر فوكلاند","two":"جنيه جزر فوكلاند","few":"جنيه جزر فوكلاند","many":"جنيه جزر فوكلاند","other":"جنيه جزر فوكلاند"},"symbolNarrow":"£"},"FRF":{"name":"فرنك فرنسي","pluralName":{"zero":"فرنك فرنسي","one":"فرنك فرنسي","two":"فرنك فرنسي","few":"فرنك فرنسي","many":"فرنك فرنسي","other":"فرنك فرنسي"}},"GBP":{"symbol":"£","name":"جنيه إسترليني","pluralName":{"zero":"جنيه إسترليني","one":"جنيه إسترليني","two":"جنيه إسترليني","few":"جنيه إسترليني","many":"جنيه إسترليني","other":"جنيه إسترليني"},"symbolNarrow":"UK£"},"GEK":{"name":"GEK"},"GEL":{"name":"لارى جورجي","pluralName":{"zero":"لاري جورجي","one":"لاري جورجي","two":"لاري جورجي","few":"لاري جورجي","many":"لاري جورجي","other":"لاري جورجي"}},"GHC":{"name":"سيدي غاني","pluralName":{"zero":"سيدي غاني","one":"سيدي غاني","two":"سيدي غاني","few":"سيدي غاني","many":"سيدي غاني","other":"سيدي غاني"}},"GHS":{"name":"سيدي غانا"},"GIP":{"name":"جنيه جبل طارق","pluralName":{"zero":"جنيه جبل طارق","one":"جنيه جبل طارق","two":"جنيه جبل طارق","few":"جنيه جبل طارق","many":"جنيه جبل طارق","other":"جنيه جبل طارق"},"symbolNarrow":"£"},"GMD":{"name":"دلاسي جامبي","pluralName":{"zero":"دلاسي جامبي","one":"دلاسي جامبي","two":"دلاسي جامبي","few":"دلاسي جامبي","many":"دلاسي جامبي","other":"دلاسي جامبي"}},"GNF":{"name":"فرنك غينيا","pluralName":{"zero":"فرنك غينيا","one":"فرنك غينيا","two":"فرنك غينيا","few":"فرنك غينيا","many":"فرنك غينيا","other":"فرنك غينيا"},"symbolNarrow":"FG"},"GNS":{"name":"سيلي غينيا"},"GQE":{"name":"اكويل جونينا غينيا الاستوائيّة"},"GRD":{"name":"دراخما يوناني","pluralName":{"zero":"دراخما يوناني","one":"دراخما يوناني","two":"دراخما يوناني","few":"دراخما يوناني","many":"دراخما يوناني","other":"دراخما يوناني"}},"GTQ":{"name":"كوتزال جواتيمالا","pluralName":{"zero":"كوتزال جواتيمالا","one":"كوتزال جواتيمالا","two":"كوتزال جواتيمالا","few":"كوتزال جواتيمالا","many":"كوتزال جواتيمالا","other":"كوتزال جواتيمالا"},"symbolNarrow":"Q"},"GWE":{"name":"اسكود برتغالي غينيا"},"GWP":{"name":"بيزو غينيا بيساو"},"GYD":{"name":"دولار غيانا","pluralName":{"zero":"دولار غيانا","one":"دولار غيانا","two":"دولار غيانا","few":"دولار غيانا","many":"دولار غيانا","other":"دولار غيانا"},"symbolNarrow":"GY$"},"HKD":{"symbol":"HK$","name":"دولار هونج كونج","pluralName":{"zero":"دولار هونج كونج","one":"دولار هونج كونج","two":"دولار هونج كونج","few":"دولار هونج كونج","many":"دولار هونج كونج","other":"دولار هونج كونج"},"symbolNarrow":"HK$"},"HNL":{"name":"ليمبيرا هنداروس","pluralName":{"zero":"ليمبيرا هندوراس","one":"ليمبيرا هندوراس","two":"ليمبيرا هندوراس","few":"ليمبيرا هندوراس","many":"ليمبيرا هندوراس","other":"ليمبيرا هندوراس"},"symbolNarrow":"L"},"HRD":{"name":"دينار كرواتي"},"HRK":{"name":"كونا كرواتي","pluralName":{"zero":"كونا كرواتي","one":"كونا كرواتي","two":"كونا كرواتي","few":"كونا كرواتي","many":"كونا كرواتي","other":"كونا كرواتي"},"symbolNarrow":"kn"},"HTG":{"name":"جوردى هايتي","pluralName":{"zero":"جوردى هايتي","one":"جوردى هايتي","two":"جوردى هايتي","few":"جوردى هايتي","many":"جوردى هايتي","other":"جوردى هايتي"}},"HUF":{"name":"فورينت مجري","pluralName":{"zero":"فورينت مجري","one":"فورينت مجري","two":"فورينت مجري","few":"فورينت مجري","many":"فورينت مجري","other":"فورينت مجري"},"symbolNarrow":"Ft"},"IDR":{"symbol":"ر.إن.","name":"روبية إندونيسية","pluralName":{"zero":"روبيه إندونيسية","one":"روبيه إندونيسية","two":"روبيه إندونيسية","few":"روبيه إندونيسية","many":"روبيه إندونيسية","other":"روبيه إندونيسية"},"symbolNarrow":"Rp"},"IEP":{"name":"جنيه إيرلندي","pluralName":{"zero":"جنيه إيرلندي","one":"جنيه إيرلندي","two":"جنيه إيرلندي","few":"جنيه إيرلندي","many":"جنيه إيرلندي","other":"جنيه إيرلندي"}},"ILP":{"name":"جنيه إسرائيلي","pluralName":{"zero":"جنيه إسرائيلي","one":"جنيه إسرائيلي","two":"جنيه إسرائيلي","few":"جنيه إسرائيلي","many":"جنيه إسرائيلي","other":"جنيه إسرائيلي"}},"ILS":{"symbol":"₪","name":"شيكل إسرائيلي جديد","pluralName":{"zero":"شيكل إسرائيلي جديد","one":"شيكل إسرائيلي جديد","two":"شيكل إسرائيلي جديد","few":"شيكل إسرائيلي جديد","many":"شيكل إسرائيلي جديد","other":"شيكل إسرائيلي جديد"},"symbolNarrow":"₪"},"INR":{"symbol":"ر.ه.‏","name":"روبيه هندي","pluralName":{"zero":"روبية هندي","one":"روبية هندي","two":"روبية هندي","few":"روبية هندي","many":"روبية هندي","other":"روبية هندي"},"symbolNarrow":"₹"},"IQD":{"symbol":"د.ع.‏","name":"دينار عراقي","pluralName":{"zero":"دينار عراقي","one":"دينار عراقي","two":"دينار عراقي","few":"دينار عراقي","many":"دينار عراقي","other":"دينار عراقي"}},"IRR":{"symbol":"ر.إ.","name":"ريال إيراني","pluralName":{"zero":"ريال إيراني","one":"ريال إيراني","two":"ريال إيراني","few":"ريال إيراني","many":"ريال إيراني","other":"ريال إيراني"}},"ISK":{"name":"كرونه أيسلندي","pluralName":{"zero":"كرونه أيسلندي","one":"كرونه أيسلندي","two":"كرونه أيسلندي","few":"كرونه أيسلندي","many":"كرونه أيسلندي","other":"كرونه أيسلندي"},"symbolNarrow":"kr"},"ITL":{"name":"ليرة إيطالية","pluralName":{"zero":"ليرة إيطالية","one":"ليرة إيطالية","two":"ليرة إيطالية","few":"ليرة إيطالية","many":"ليرة إيطالية","other":"ليرة إيطالية"}},"JMD":{"name":"دولار جامايكي","pluralName":{"zero":"دولار جامايكي","one":"دولار جامايكي","two":"دولار جامايكي","few":"دولار جامايكي","many":"دولار جامايكي","other":"دولار جامايكي"},"symbolNarrow":"JM$"},"JOD":{"symbol":"د.أ.‏","name":"دينار أردني","pluralName":{"zero":"دينار أردني","one":"دينار أردني","two":"دينار أردني","few":"دينار أردني","many":"دينار أردني","other":"دينار أردني"}},"JPY":{"symbol":"JP¥","name":"ين ياباني","pluralName":{"zero":"ين ياباني","one":"ين ياباني","two":"ين ياباني","few":"ين ياباني","many":"ين ياباني","other":"ين ياباني"},"symbolNarrow":"JP¥"},"KES":{"name":"شلن كينيي","pluralName":{"zero":"شلن كينيي","one":"شلن كينيي","two":"شلن كينيي","few":"شلن كينيي","many":"شلن كينيي","other":"شلن كينيي"}},"KGS":{"name":"سوم قيرغستاني","pluralName":{"zero":"سوم قيرغستاني","one":"سوم قيرغستاني","two":"سوم قيرغستاني","few":"سوم قيرغستاني","many":"سوم قيرغستاني","other":"سوم قيرغستاني"}},"KHR":{"name":"رييال كمبودي","pluralName":{"zero":"رييال كمبودي","one":"رييال كمبودي","two":"رييال كمبودي","few":"رييال كمبودي","many":"رييال كمبودي","other":"رييال كمبودي"},"symbolNarrow":"៛"},"KMF":{"symbol":"ف.ج.ق.‏","name":"فرنك جزر القمر","pluralName":{"zero":"فرنك جزر القمر","one":"فرنك جزر القمر","two":"فرنك جزر القمر","few":"فرنك جزر القمر","many":"فرنك جزر القمر","other":"فرنك جزر القمر"},"symbolNarrow":"CF"},"KPW":{"name":"وون كوريا الشمالية","pluralName":{"zero":"وون كوريا الشمالية","one":"وون كوريا الشمالية","two":"وون كوريا الشمالية","few":"وون كوريا الشمالية","many":"وون كوريا الشمالية","other":"وون كوريا الشمالية"},"symbolNarrow":"₩"},"KRH":{"name":"KRH"},"KRO":{"name":"KRO"},"KRW":{"symbol":"₩","name":"وون كوريا الجنوبية","pluralName":{"zero":"وون كوريا الجنوبية","one":"وون كوريا الجنوبية","two":"وون كوريا الجنوبية","few":"وون كوريا الجنوبية","many":"وون كوريا الجنوبية","other":"وون كوريا الجنوبية"},"symbolNarrow":"₩"},"KWD":{"symbol":"د.ك.‏","name":"دينار كويتي","pluralName":{"zero":"دينار كويتي","one":"دينار كويتي","two":"دينار كويتي","few":"دينار كويتي","many":"دينار كويتي","other":"دينار كويتي"}},"KYD":{"name":"دولار جزر كيمن","pluralName":{"zero":"دولار جزر كيمن","one":"دولار جزر كيمن","two":"دولار جزر كيمن","few":"دولار جزر كيمن","many":"دولار جزر كيمن","other":"دولار جزر كيمن"},"symbolNarrow":"KY$"},"KZT":{"name":"تينغ كازاخستاني","pluralName":{"zero":"تينغ كازاخستاني","one":"تينغ كازاخستاني","two":"تينغ كازاخستاني","few":"تينغ كازاخستاني","many":"تينغ كازاخستاني","other":"تينغ كازاخستاني"},"symbolNarrow":"₸"},"LAK":{"name":"كيب لاوسي","pluralName":{"zero":"كيب لاوسي","one":"كيب لاوسي","two":"كيب لاوسي","few":"كيب لاوسي","many":"كيب لاوسي","other":"كيب لاوسي"},"symbolNarrow":"₭"},"LBP":{"symbol":"ل.ل.‏","name":"جنية لبناني","pluralName":{"zero":"جنية لبناني","one":"جنية لبناني","two":"جنية لبناني","few":"جنية لبناني","many":"جنية لبناني","other":"جنية لبناني"},"symbolNarrow":"L£"},"LKR":{"name":"روبية سريلانكية","pluralName":{"zero":"روبية سريلانكية","one":"روبية سريلانكية","two":"روبية سريلانكية","few":"روبية سريلانكية","many":"روبية سريلانكية","other":"روبية سريلانكية"},"symbolNarrow":"Rs"},"LRD":{"name":"دولار ليبيري","pluralName":{"zero":"دولار ليبيري","one":"دولار ليبيري","two":"دولار ليبيري","few":"دولار ليبيري","many":"دولار ليبيري","other":"دولار ليبيري"},"symbolNarrow":"$"},"LSL":{"name":"لوتي ليسوتو","pluralName":{"zero":"لوتي ليسوتو","one":"لوتي ليسوتو","two":"لوتي ليسوتو","few":"لوتي ليسوتو","many":"لوتي ليسوتو","other":"لوتي ليسوتو"}},"LTL":{"name":"ليتا ليتوانية","pluralName":{"zero":"ليتا ليتوانية","one":"ليتا ليتوانية","two":"ليتا ليتوانية","few":"ليتا ليتوانية","many":"ليتا ليتوانية","other":"ليتا ليتوانية"},"symbolNarrow":"Lt"},"LTT":{"name":"تالوناس ليتواني"},"LUC":{"name":"فرنك لوكسمبرج قابل للتحويل"},"LUF":{"name":"فرنك لوكسمبرج"},"LUL":{"name":"فرنك لوكسمبرج المالي"},"LVL":{"name":"لاتس لاتفيا","pluralName":{"zero":"لاتس لاتفي","one":"لاتس لاتفي","two":"لاتس لاتفي","few":"لاتس لاتفي","many":"لاتس لاتفي","other":"لاتس لاتفي"},"symbolNarrow":"Ls"},"LVR":{"name":"روبل لاتفيا"},"LYD":{"symbol":"د.ل.‏","name":"دينار ليبي","pluralName":{"zero":"دينار ليبي","one":"دينار ليبي","two":"دينار ليبي","few":"دينار ليبي","many":"دينار ليبي","other":"دينار ليبي"}},"MAD":{"symbol":"د.م.‏","name":"درهم مغربي","pluralName":{"zero":"درهم مغربي","one":"درهم مغربي","two":"درهم مغربي","few":"درهم مغربي","many":"درهم مغربي","other":"درهم مغربي"}},"MAF":{"name":"فرنك مغربي"},"MCF":{"name":"MCF"},"MDC":{"name":"MDC"},"MDL":{"name":"ليو مولدوفي","pluralName":{"zero":"ليو مولدوفي","one":"ليو مولدوفي","two":"ليو مولدوفي","few":"ليو مولدوفي","many":"ليو مولدوفي","other":"ليو مولدوفي"}},"MGA":{"name":"أرياري مدغشقر","pluralName":{"zero":"أرياري مدغشقر","one":"أرياري مدغشقر","two":"أرياري مدغشقر","few":"أرياري مدغشقر","many":"أرياري مدغشقر","other":"أرياري مدغشقر"},"symbolNarrow":"Ar"},"MGF":{"name":"فرنك مدغشقر"},"MKD":{"name":"دينار مقدوني","pluralName":{"zero":"دينار مقدوني","one":"دينار مقدوني","two":"دينار مقدوني","few":"دينار مقدوني","many":"دينار مقدوني","other":"دينار مقدوني"}},"MKN":{"name":"MKN"},"MLF":{"name":"فرنك مالي"},"MMK":{"name":"كيات ميانمار","pluralName":{"zero":"كيات ميانمار","one":"كيات ميانمار","two":"كيات ميانمار","few":"كيات ميانمار","many":"كيات ميانمار","other":"كيات ميانمار"},"symbolNarrow":"K"},"MNT":{"name":"توغروغ منغولي","pluralName":{"zero":"توغروغ منغولي","one":"توغروغ منغولي","two":"توغروغ منغولي","few":"توغروغ منغولي","many":"توغروغ منغولي","other":"توغروغ منغولي"},"symbolNarrow":"₮"},"MOP":{"name":"باتاكا ماكاوي","pluralName":{"zero":"باتاكا ماكاوي","one":"باتاكا ماكاوي","two":"باتاكا ماكاوي","few":"باتاكا ماكاوي","many":"باتاكا ماكاوي","other":"باتاكا ماكاوي"}},"MRO":{"symbol":"أ.م.‏","name":"أوقية موريتانية","pluralName":{"zero":"أوقية موريتانية","one":"أوقية موريتانية","two":"أوقية موريتانية","few":"أوقية موريتانية","many":"أوقية موريتانية","other":"أوقية موريتانية"}},"MTL":{"name":"ليرة مالطية","pluralName":{"zero":"ليرة مالطية","one":"ليرة مالطية","two":"ليرة مالطية","few":"ليرة مالطية","many":"ليرة مالطية","other":"ليرة مالطية"}},"MTP":{"name":"جنيه مالطي","pluralName":{"zero":"جنيه مالطي","one":"جنيه مالطي","two":"جنيه مالطي","few":"جنيه مالطي","many":"جنيه مالطي","other":"جنيه مالطي"}},"MUR":{"name":"روبية موريشيوسية","pluralName":{"zero":"روبي موريشي","one":"روبي موريشي","two":"روبي موريشي","few":"روبي موريشي","many":"روبي موريشي","other":"روبي موريشي"},"symbolNarrow":"Rs"},"MVR":{"name":"روفيه جزر المالديف","pluralName":{"zero":"روفيه جزر المالديف","one":"روفيه جزر المالديف","two":"روفيه جزر المالديف","few":"روفيه جزر المالديف","many":"روفيه جزر المالديف","other":"روفيه جزر المالديف"}},"MWK":{"name":"كواشا مالاوي","pluralName":{"zero":"كواشا مالاوي","one":"كواشا مالاوي","two":"كواشا مالاوي","few":"كواشا مالاوي","many":"كواشا مالاوي","other":"كواشا مالاوي"}},"MXN":{"symbol":"MX$","name":"بيزو مكسيكي","pluralName":{"zero":"بيزو مكسيكي","one":"بيزو مكسيكي","two":"بيزو مكسيكي","few":"بيزو مكسيكي","many":"بيزو مكسيكي","other":"بيزو مكسيكي"},"symbolNarrow":"MX$"},"MXP":{"name":"بيزو فضي مكسيكي - 1861-1992","pluralName":{"zero":"بيزو فضي مكسيكي","one":"بيزو فضي مكسيكي","two":"بيزو فضي مكسيكي","few":"بيزو فضي مكسيكي","many":"بيزو فضي مكسيكي","other":"بيزو فضي مكسيكي"}},"MXV":{"name":"MXV"},"MYR":{"name":"رينغيت ماليزي","pluralName":{"zero":"رينغيت ماليزي","one":"رينغيت ماليزي","two":"رينغيت ماليزي","few":"رينغيت ماليزي","many":"رينغيت ماليزي","other":"رينغيت ماليزي"},"symbolNarrow":"RM"},"MZE":{"name":"اسكود موزمبيقي"},"MZM":{"name":"MZM"},"MZN":{"name":"متكال موزمبيقي","pluralName":{"zero":"متكال موزمبيقي","one":"متكال موزمبيقي","two":"متكال موزمبيقي","few":"متكال موزمبيقي","many":"متكال موزمبيقي","other":"متكال موزمبيقي"}},"NAD":{"name":"دولار ناميبي","pluralName":{"zero":"دولار نامبيا","one":"دولار نامبيا","two":"دولار نامبيا","few":"دولار نامبيا","many":"دولار نامبيا","other":"دولار نامبيا"},"symbolNarrow":"$"},"NGN":{"name":"نايرا نيجيري","pluralName":{"zero":"نايرا نيجيري","one":"نايرا نيجيري","two":"نايرا نيجيري","few":"نايرا نيجيري","many":"نايرا نيجيري","other":"نايرا نيجيري"},"symbolNarrow":"₦"},"NIC":{"name":"كوردوبة نيكاراجوا"},"NIO":{"name":"قرطبة نيكاراغوا","pluralName":{"zero":"قرطبة نيكاراغوا","one":"قرطبة نيكاراغوا","two":"قرطبة نيكاراغوا","few":"قرطبة نيكاراغوا","many":"قرطبة نيكاراغوا","other":"قرطبة نيكاراغوا"},"symbolNarrow":"C$"},"NLG":{"name":"جلدر هولندي","pluralName":{"zero":"جلدر هولندي","one":"جلدر هولندي","two":"جلدر هولندي","few":"جلدر هولندي","many":"جلدر هولندي","other":"جلدر هولندي"}},"NOK":{"name":"كرونة نرويجية","pluralName":{"zero":"كرونة نرويجية","one":"كرونة نرويجية","two":"كرونة نرويجية","few":"كرونة نرويجية","many":"كرونة نرويجية","other":"كرونة نرويجية"},"symbolNarrow":"kr"},"NPR":{"name":"روبية نيبالي","pluralName":{"zero":"روبية نيبالي","one":"روبية نيبالي","two":"روبية نيبالي","few":"روبية نيبالي","many":"روبية نيبالي","other":"روبية نيبالي"},"symbolNarrow":"Rs"},"NZD":{"symbol":"NZ$","name":"دولار نيوزيلندي","pluralName":{"zero":"دولار نيوزيلندي","one":"دولار نيوزيلندي","two":"دولار نيوزيلندي","few":"دولار نيوزيلندي","many":"دولار نيوزيلندي","other":"دولار نيوزيلندي"},"symbolNarrow":"NZ$"},"OMR":{"symbol":"ر.ع.‏","name":"ريال عماني","pluralName":{"zero":"ريال عماني","one":"ريال عماني","two":"ريال عماني","few":"ريال عماني","many":"ريال عماني","other":"ريال عماني"}},"PAB":{"name":"بالبوا بنمي","pluralName":{"zero":"بالبوا بنمي","one":"بالبوا بنمي","two":"بالبوا بنمي","few":"بالبوا بنمي","many":"بالبوا بنمي","other":"بالبوا بنمي"}},"PEI":{"name":"PEI"},"PEN":{"name":"سول جديد البيرو"},"PES":{"name":"PES"},"PGK":{"name":"كينا بابوا غينيا الجديدة","pluralName":{"zero":"كينا بابوا غينيا الجديدة","one":"كينا بابوا غينيا الجديدة","two":"كينا بابوا غينيا الجديدة","few":"كينا بابوا غينيا الجديدة","many":"كينا بابوا غينيا الجديدة","other":"كينا بابوا غينيا الجديدة"}},"PHP":{"name":"بيزو فلبيني","pluralName":{"zero":"بيزو فلبيني","one":"بيزو فلبيني","two":"بيزو فلبيني","few":"بيزو فلبيني","many":"بيزو فلبيني","other":"بيزو فلبيني"},"symbolNarrow":"₱"},"PKR":{"symbol":"ر.ب.","name":"روبية باكستاني","pluralName":{"zero":"روبية باكستاني","one":"روبية باكستاني","two":"روبية باكستاني","few":"روبية باكستاني","many":"روبية باكستاني","other":"روبية باكستاني"},"symbolNarrow":"Rs"},"PLN":{"name":"زلوتي بولندي","pluralName":{"zero":"زلوتي بولندي","one":"زلوتي بولندي","two":"زلوتي بولندي","few":"زلوتي بولندي","many":"زلوتي بولندي","other":"زلوتي بولندي"},"symbolNarrow":"zł"},"PLZ":{"name":"زلوتي بولندي - 1950-1995"},"PTE":{"name":"اسكود برتغالي","pluralName":{"zero":"أسكود برتغالي","one":"أسكود برتغالي","two":"أسكود برتغالي","few":"أسكود برتغالي","many":"أسكود برتغالي","other":"أسكود برتغالي"}},"PYG":{"name":"جواراني باراجواي","pluralName":{"zero":"جواراني باراجواي","one":"جواراني باراجواي","two":"جواراني باراجواي","few":"جواراني باراجواي","many":"جواراني باراجواي","other":"جواراني باراجواي"},"symbolNarrow":"₲"},"QAR":{"symbol":"ر.ق.‏","name":"ريال قطري","pluralName":{"zero":"ريال قطري","one":"ريال قطري","two":"ريال قطري","few":"ريال قطري","many":"ريال قطري","other":"ريال قطري"}},"RHD":{"name":"دولار روديسي","pluralName":{"zero":"دولار روديسي","one":"دولار روديسي","two":"دولار روديسي","few":"دولار روديسي","many":"دولار روديسي","other":"دولار روديسي"}},"ROL":{"name":"ليو روماني قديم","pluralName":{"zero":"ليو روماني قديم","one":"ليو روماني قديم","two":"ليو روماني قديم","few":"ليو روماني قديم","many":"ليو روماني قديم","other":"ليو روماني قديم"}},"RON":{"name":"ليو روماني","pluralName":{"zero":"ليو روماني","one":"ليو روماني","two":"ليو روماني","few":"ليو روماني","many":"ليو روماني","other":"ليو روماني"}},"RSD":{"name":"دينار صربي"},"RUB":{"name":"روبل روسي","pluralName":{"zero":"روبل روسي","one":"روبل روسي","two":"روبل روسي","few":"روبل روسي","many":"روبل روسي","other":"روبل روسي"},"symbolAlt":"₽"},"RUR":{"name":"روبل روسي - 1991-1998","symbolNarrow":"р."},"RWF":{"name":"فرنك رواندي","pluralName":{"zero":"فرنك رواندي","one":"فرنك رواندي","two":"فرنك رواندي","few":"فرنك رواندي","many":"فرنك رواندي","other":"فرنك رواندي"},"symbolNarrow":"RF"},"SAR":{"symbol":"ر.س.‏","name":"ريال سعودي","pluralName":{"zero":"ريال سعودي","one":"ريال سعودي","two":"ريال سعودي","few":"ريال سعودي","many":"ريال سعودي","other":"ريال سعودي"}},"SBD":{"name":"دولار جزر سليمان","pluralName":{"zero":"دولار جزر سليمان","one":"دولار جزر سليمان","two":"دولار جزر سليمان","few":"دولار جزر سليمان","many":"دولار جزر سليمان","other":"دولار جزر سليمان"},"symbolNarrow":"SB$"},"SCR":{"name":"روبية سيشيلية","pluralName":{"zero":"روبية سيشيلية","one":"روبية سيشيلية","two":"روبية سيشيلية","few":"روبية سيشيلية","many":"روبية سيشيلية","other":"روبية سيشيلية"}},"SDD":{"symbol":"د.س.‏","name":"دينار سوداني","pluralName":{"zero":"دينار سوداني قديم","one":"دينار سوداني قديم","two":"دينار سوداني قديم","few":"دينار سوداني قديم","many":"دينار سوداني قديم","other":"دينار سوداني قديم"}},"SDG":{"symbol":"ج.س.","name":"جنيه سوداني","pluralName":{"zero":"جنيه سوداني","one":"جنيه سوداني","two":"جنيه سوداني","few":"جنيه سوداني","many":"جنيه سوداني","other":"جنيه سوداني"}},"SDP":{"name":"جنيه سوداني قديم","pluralName":{"zero":"جنيه سوداني قديم","one":"جنيه سوداني قديم","two":"جنيه سوداني قديم","few":"جنيه سوداني قديم","many":"جنيه سوداني قديم","other":"جنيه سوداني قديم"}},"SEK":{"name":"كرونة سويدية","pluralName":{"zero":"كرونة سويدية","one":"كرونة سويدية","two":"كرونة سويدية","few":"كرونة سويدية","many":"كرونة سويدية","other":"كرونة سويدية"},"symbolNarrow":"kr"},"SGD":{"name":"دولار سنغافوري","pluralName":{"zero":"دولار سنغافوري","one":"دولار سنغافوري","two":"دولار سنغافوري","few":"دولار سنغافوري","many":"دولار سنغافوري","other":"دولار سنغافوري"},"symbolNarrow":"$"},"SHP":{"name":"جنيه سانت هيلين","pluralName":{"zero":"جنيه سانت هيلين","one":"جنيه سانت هيلين","two":"جنيه سانت هيلين","few":"جنيه سانت هيلين","many":"جنيه سانت هيلين","other":"جنيه سانت هيلين"},"symbolNarrow":"£"},"SIT":{"name":"تولار سلوفيني"},"SKK":{"name":"كرونة سلوفاكية","pluralName":{"zero":"كرونة سلوفاكية","one":"كرونة سلوفاكية","two":"كرونة سلوفاكية","few":"كرونة سلوفاكية","many":"كرونة سلوفاكية","other":"كرونة سلوفاكية"}},"SLL":{"name":"ليون سيراليوني","pluralName":{"zero":"ليون سيراليوني","one":"ليون سيراليوني","two":"ليون سيراليوني","few":"ليون سيراليوني","many":"ليون سيراليوني","other":"ليون سيراليوني"}},"SOS":{"name":"شلن صومالي","pluralName":{"zero":"شلن صومالي","one":"شلن صومالي","two":"شلن صومالي","few":"شلن صومالي","many":"شلن صومالي","other":"شلن صومالي"}},"SRD":{"name":"دولار سورينامي","pluralName":{"zero":"دولار سورينامي","one":"دولار سورينامي","two":"دولار سورينامي","few":"دولار سورينامي","many":"دولار سورينامي","other":"دولار سورينامي"},"symbolNarrow":"SR$"},"SRG":{"name":"جلدر سورينامي","pluralName":{"zero":"جلدر سورينامي","one":"جلدر سورينامي","two":"جلدر سورينامي","few":"جلدر سورينامي","many":"جلدر سورينامي","other":"جلدر سورينامي"}},"SSP":{"symbol":"ج.ج.س.","name":"جنيه جنوب السودان","pluralName":{"zero":"جنيه جنوب السودان","one":"جنيه جنوب السودان","two":"جنيه جنوب السودان","few":"جنيه جنوب السودان","many":"جنيه جنوب السودان","other":"جنيه جنوب السودان"},"symbolNarrow":"ج.ج.س."},"STD":{"name":"دوبرا ساو تومي وبرينسيبي","pluralName":{"zero":"دوبرا ساو تومي وبرينسيبي","one":"دوبرا ساو تومي وبرينسيبي","two":"دوبرا ساو تومي وبرينسيبي","few":"دوبرا ساو تومي وبرينسيبي","many":"دوبرا ساو تومي وبرينسيبي","other":"دوبرا ساو تومي وبرينسيبي"},"symbolNarrow":"Db"},"SUR":{"name":"روبل سوفيتي"},"SVC":{"name":"كولون سلفادوري","pluralName":{"zero":"كولون سلفادوري","one":"كولون سلفادوري","two":"كولون سلفادوري","few":"كولون سلفادوري","many":"كولون سلفادوري","other":"كولون سلفادوري"}},"SYP":{"symbol":"ل.س.‏","name":"ليرة سورية","pluralName":{"zero":"ليرة سورية","one":"ليرة سورية","two":"ليرة سورية","few":"ليرة سورية","many":"ليرة سورية","other":"ليرة سورية"},"symbolNarrow":"£"},"SZL":{"name":"ليلانجيني سوازيلندي","pluralName":{"zero":"ليلانجيني سوازيلندي","one":"ليلانجيني سوازيلندي","two":"ليلانجيني سوازيلندي","few":"ليلانجيني سوازيلندي","many":"ليلانجيني سوازيلندي","other":"ليلانجيني سوازيلندي"}},"THB":{"symbol":"฿","name":"باخت تايلاندي","pluralName":{"zero":"باخت تايلاندي","one":"باخت تايلاندي","two":"باخت تايلاندي","few":"باخت تايلاندي","many":"باخت تايلاندي","other":"باخت تايلاندي"},"symbolNarrow":"฿"},"TJR":{"name":"روبل طاجيكستاني"},"TJS":{"name":"سوموني طاجيكستاني","pluralName":{"zero":"سوموني طاجيكستاني","one":"سوموني طاجيكستاني","two":"سوموني طاجيكستاني","few":"سوموني طاجيكستاني","many":"سوموني طاجيكستاني","other":"سوموني طاجيكستاني"}},"TMM":{"name":"مانات تركمنستاني","pluralName":{"zero":"مانات تركمنستاني","one":"مانات تركمنستاني","two":"مانات تركمنستاني","few":"مانات تركمنستاني","many":"مانات تركمنستاني","other":"مانات تركمنستاني"}},"TMT":{"name":"مانات تركمانستان"},"TND":{"symbol":"د.ت.‏","name":"دينارتونسي","pluralName":{"zero":"دينارتونسي","one":"دينارتونسي","two":"دينارتونسي","few":"دينارتونسي","many":"دينارتونسي","other":"دينارتونسي"}},"TOP":{"name":"بانغا تونغا","symbolNarrow":"T$"},"TPE":{"name":"اسكود تيموري"},"TRL":{"name":"ليرة تركي","pluralName":{"zero":"ليرة تركي","one":"ليرة تركي","two":"ليرة تركي","few":"ليرة تركي","many":"ليرة تركي","other":"ليرة تركي"}},"TRY":{"symbol":"ل.ت.","name":"ليرة تركية","pluralName":{"zero":"ليرة تركية","one":"ليرة تركية","two":"ليرة تركية","few":"ليرة تركية","many":"ليرة تركية","other":"ليرة تركية"},"symbolNarrow":"₺","symbolAlt":"TL"},"TTD":{"name":"دولار ترينداد وتوباجو","pluralName":{"zero":"دولار ترينداد وتوباجو","one":"دولار ترينداد وتوباجو","two":"دولار ترينداد وتوباجو","few":"دولار ترينداد وتوباجو","many":"دولار ترينداد وتوباجو","other":"دولار ترينداد وتوباجو"},"symbolNarrow":"TT$"},"TWD":{"symbol":"NT$","name":"دولار تايواني","pluralName":{"zero":"دولار تايواني","one":"دولار تايواني","two":"دولار تايواني","few":"دولار تايواني","many":"دولار تايواني","other":"دولار تايواني"},"symbolNarrow":"NT$"},"TZS":{"name":"شلن تنزاني","pluralName":{"zero":"شلن تنزاني","one":"شلن تنزاني","two":"شلن تنزاني","few":"شلن تنزاني","many":"شلن تنزاني","other":"شلن تنزاني"}},"UAH":{"name":"هريفنيا أوكراني","pluralName":{"zero":"هريفنيا أوكراني","one":"هريفنيا أوكراني","two":"هريفنيا أوكراني","few":"هريفنيا أوكراني","many":"هريفنيا أوكراني","other":"هريفنيا أوكراني"},"symbolNarrow":"₴"},"UAK":{"name":"UAK"},"UGS":{"name":"شلن أوغندي - 1966-1987"},"UGX":{"name":"شلن أوغندي","pluralName":{"zero":"شلن أوغندي","one":"شلن أوغندي","two":"شلن أوغندي","few":"شلن أوغندي","many":"شلن أوغندي","other":"شلن أوغندي"}},"USD":{"symbol":"US$","name":"دولار أمريكي","pluralName":{"zero":"دولار أمريكي","one":"دولار أمريكي","two":"دولار أمريكي","few":"دولار أمريكي","many":"دولار أمريكي","other":"دولار أمريكي"},"symbolNarrow":"US$"},"USN":{"name":"دولار أمريكي (اليوم التالي)‏"},"USS":{"name":"دولار أمريكي (نفس اليوم)‏"},"UYI":{"name":"UYI"},"UYP":{"name":"بيزو أوروجواي - 1975-1993"},"UYU":{"name":"بيزو اوروغواي","symbolNarrow":"UY$"},"UZS":{"name":"سوم أوزبكستاني","pluralName":{"zero":"سوم أوزبكستاني","one":"سوم أوزبكستاني","two":"سوم أوزبكستاني","few":"سوم أوزبكستاني","many":"سوم أوزبكستاني","other":"سوم أوزبكستاني"}},"VEB":{"name":"بوليفار فنزويلي - 1871-2008"},"VEF":{"name":"بوليفار فنزويلي","symbolNarrow":"Bs"},"VND":{"symbol":"₫","name":"دونج فيتنامي","pluralName":{"zero":"دونج فيتنامي","one":"دونج فيتنامي","two":"دونج فيتنامي","few":"دونج فيتنامي","many":"دونج فيتنامي","other":"دونج فيتنامي"},"symbolNarrow":"₫"},"VNN":{"name":"VNN"},"VUV":{"name":"فاتو فانواتو"},"WST":{"name":"تالا ساموا"},"XAF":{"symbol":"FCFA","name":"فرنك أفريقي","pluralName":{"zero":"فرنك أفريقي","one":"فرنك أفريقي","two":"فرنك أفريقي","few":"فرنك أفريقي","many":"فرنك أفريقي","other":"فرنك أفريقي"}},"XAG":{"name":"فضة","pluralName":{"zero":"فضة","one":"فضة","two":"فضة","few":"فضة","many":"فضة","other":"فضة"}},"XAU":{"name":"ذهب","pluralName":{"zero":"ذهب","one":"ذهب","two":"ذهب","few":"ذهب","many":"ذهب","other":"ذهب"}},"XBA":{"name":"الوحدة الأوروبية المركبة","pluralName":{"zero":"الوحدة الأوروبية المركبة","one":"الوحدة الأوروبية المركبة","two":"الوحدة الأوروبية المركبة","few":"الوحدة الأوروبية المركبة","many":"الوحدة الأوروبية المركبة","other":"الوحدة الأوروبية المركبة"}},"XBB":{"name":"الوحدة المالية الأوروبية","pluralName":{"zero":"الوحدة المالية الأوروبية","one":"الوحدة المالية الأوروبية","two":"الوحدة المالية الأوروبية","few":"الوحدة المالية الأوروبية","many":"الوحدة المالية الأوروبية","other":"الوحدة المالية الأوروبية"}},"XBC":{"name":"الوحدة الحسابية الأوروبية","pluralName":{"zero":"الوحدة الحسابية الأوروبية","one":"الوحدة الحسابية الأوروبية","two":"الوحدة الحسابية الأوروبية","few":"الوحدة الحسابية الأوروبية","many":"الوحدة الحسابية الأوروبية","other":"الوحدة الحسابية الأوروبية"}},"XBD":{"name":"(XBD)وحدة الحساب الأوروبية","pluralName":{"zero":"وحدة الحساب الأوروبية","one":"وحدة الحساب الأوروبية","two":"وحدة الحساب الأوروبية","few":"وحدة الحساب الأوروبية","many":"وحدة الحساب الأوروبية","other":"وحدة الحساب الأوروبية"}},"XCD":{"symbol":"EC$","name":"دولار شرق الكاريبي","pluralName":{"zero":"دولار شرق الكاريبي","one":"دولار شرق الكاريبي","two":"دولار شرق الكاريبي","few":"دولار شرق الكاريبي","many":"دولار شرق الكاريبي","other":"دولار شرق الكاريبي"},"symbolNarrow":"$"},"XDR":{"name":"حقوق السحب الخاصة","pluralName":{"zero":"حقوق السحب الخاصة","one":"حقوق السحب الخاصة","two":"حقوق السحب الخاصة","few":"حقوق السحب الخاصة","many":"حقوق السحب الخاصة","other":"حقوق السحب الخاصة"}},"XEU":{"name":"وحدة النقد الأوروبية"},"XFO":{"name":"فرنك فرنسي ذهبي","pluralName":{"zero":"فرنك فرنسي ذهبي","one":"فرنك فرنسي ذهبي","two":"فرنك فرنسي ذهبي","few":"فرنك فرنسي ذهبي","many":"فرنك فرنسي ذهبي","other":"فرنك فرنسي ذهبي"}},"XFU":{"name":"(UIC)فرنك فرنسي","pluralName":{"zero":"(UIC)فرنك فرنسي","one":"(UIC)فرنك فرنسي","two":"(UIC)فرنك فرنسي","few":"(UIC)فرنك فرنسي","many":"(UIC)فرنك فرنسي","other":"(UIC)فرنك فرنسي"}},"XOF":{"symbol":"CFA","name":"فرنك سي إف إيه غرب إفريقيا"},"XPD":{"name":"بالاديوم"},"XPF":{"symbol":"CFPF","name":"فرنك سي إف بي"},"XPT":{"name":"البلاتين","pluralName":{"zero":"البلاتين","one":"البلاتين","two":"البلاتين","few":"البلاتين","many":"البلاتين","other":"البلاتين"}},"XRE":{"name":"XRE"},"XSU":{"name":"XSU"},"XTS":{"name":"كود اختبار العملة","pluralName":{"zero":"كود اختبار العملة","one":"كود اختبار العملة","two":"كود اختبار العملة","few":"كود اختبار العملة","many":"كود اختبار العملة","other":"كود اختبار العملة"}},"XUA":{"name":"XUA"},"XXX":{"symbol":"***","name":"عملة غير معروفة","pluralName":{"zero":"عملة غير معروفة","one":"عملة غير معروفة","two":"عملة غير معروفة","few":"عملة غير معروفة","many":"عملة غير معروفة","other":"عملة غير معروفة"}},"YDD":{"name":"دينار يمني"},"YER":{"symbol":"ر.ي.‏","name":"ريال يمني","pluralName":{"zero":"ريال يمني","one":"ريال يمني","two":"ريال يمني","few":"ريال يمني","many":"ريال يمني","other":"ريال يمني"}},"YUD":{"name":"دينار يوغسلافي"},"YUM":{"name":"YUM"},"YUN":{"name":"دينار يوغسلافي قابل للتحويل"},"YUR":{"name":"YUR"},"ZAL":{"name":"راند جنوب أفريقيا -مالي"},"ZAR":{"name":"راند جنوب أفريقيا","pluralName":{"zero":"راند جنوب أفريقيا","one":"راند جنوب أفريقيا","two":"راند جنوب أفريقيا","few":"راند جنوب أفريقيا","many":"راند جنوب أفريقيا","other":"راند جنوب أفريقيا"},"symbolNarrow":"R"},"ZMK":{"name":"كواشا زامبي - 1968-2012","pluralName":{"zero":"كواشا زامبي - 1968-2012","one":"كواشا زامبي - 1968-2012","two":"كواشا زامبي - 1968-2012","few":"كواشا زامبي - 1968-2012","many":"كواشا زامبي - 1968-2012","other":"كواشا زامبي - 1968-2012"}},"ZMW":{"name":"كواشا زامبي","pluralName":{"zero":"كواشا زامبي","one":"كواشا زامبي","two":"كواشا زامبي","few":"كواشا زامبي","many":"كواشا زامبي","other":"كواشا زامبي"},"symbolNarrow":"ZK"},"ZRN":{"name":"زائير زائيري جديد","pluralName":{"zero":"زائير زائيري جديد","one":"زائير زائيري جديد","two":"زائير زائيري جديد","few":"زائير زائيري جديد","many":"زائير زائيري جديد","other":"زائير زائيري جديد"}},"ZRZ":{"name":"زائير زائيري","pluralName":{"zero":"زائير زائيري","one":"زائير زائيري","two":"زائير زائيري","few":"زائير زائيري","many":"زائير زائيري","other":"زائير زائيري"}},"ZWD":{"name":"دولار زمبابوي","pluralName":{"zero":"دولار زمبابوي","one":"دولار زمبابوي","two":"دولار زمبابوي","few":"دولار زمبابوي","many":"دولار زمبابوي","other":"دولار زمبابوي"}},"ZWL":{"name":"دولار زمبابوي 2009"},"ZWR":{"name":"ZWR"},"ALK":{"name":"Albanian Lek (1946–1965)","pluralName":{"one":"Albanian lek (1946–1965)","other":"Albanian lekë (1946–1965)"}},"CNX":{"name":"Chinese People’s Bank Dollar","pluralName":{"one":"Chinese People’s Bank dollar","other":"Chinese People’s Bank dollars"}},"ILR":{"name":"Israeli Sheqel (1980–1985)","pluralName":{"one":"Israeli sheqel (1980–1985)","other":"Israeli sheqels (1980–1985)"}},"ISJ":{"name":"Icelandic Króna (1918–1981)","pluralName":{"one":"Icelandic króna (1918–1981)","other":"Icelandic krónur (1918–1981)"}},"MVP":{"name":"Maldivian Rupee (1947–1981)","pluralName":{"one":"Maldivian rupee (1947–1981)","other":"Maldivian rupees (1947–1981)"}}}