{"long":{"_compoundPattern":"%1$s كل %2$s","acceleration":{"g-force":{"_name":"قوة تسارع","zero":"%1$s قوة تسارع","one":"%1$s قوة تسارع","two":"%1$s قوة تسارع","few":"%1$s قوة تسارع","many":"%1$s قوة تسارع","other":"%1$s قوة تسارع"},"meter-per-second-squared":{"_name":"متر في الثانية المربعة","zero":"%1$s متر في الثانية المربعة","one":"%1$s متر في الثانية المربعة","two":"%1$s متر في الثانية المربعة","few":"%1$s متر في الثانية المربعة","many":"%1$s متر في الثانية المربعة","other":"%1$s متر في الثانية المربعة"}},"angle":{"arc-minute":{"_name":"دقيقة قوسية","zero":"%1$s من الدقائق","one":"%1$s دقيقة","two":"دقيقتان (%1$s)","few":"%1$s دقائق","many":"%1$s دقيقة","other":"%1$s من الدقائق"},"arc-second":{"_name":"ثانية قوسية","zero":"%1$s من الثواني","one":"%1$s ثانية","two":"ثانيتان (%1$s)","few":"%1$s ثوانٍ","many":"%1$s ثانية","other":"%1$s من الثواني"},"degree":{"_name":"درجة","zero":"%1$s من الدرجات","one":"%1$s درجة","two":"درجتان (%1$s)","few":"%1$s درجات","many":"%1$s درجة","other":"%1$s من الدرجات"},"radian":{"_name":"راديان","zero":"%1$s راديان","one":"%1$s راديان","two":"%1$s راديان","few":"%1$s راديان","many":"%1$s راديان","other":"%1$s راديان"}},"area":{"acre":{"_name":"فدان","zero":"%1$s من الفدادين","one":"%1$s فدان","two":"فدانان (%1$s)","few":"%1$s فدادين","many":"%1$s فدانًا","other":"%1$s من الفدادين"},"hectare":{"_name":"هكتار","zero":"%1$s من الهكتارات","one":"%1$s هكتار","two":"هكتاران (%1$s)","few":"%1$s هكتارات","many":"%1$s هكتارًا","other":"%1$s من الهكتارات"},"square-centimeter":{"_name":"سنتيمتر مربع","zero":"%1$s سنتيمتر مربع","one":"%1$s سنتيمتر مربع","two":"%1$s سنتيمتر مربع","few":"%1$s سنتيمتر مربع","many":"%1$s سنتيمتر مربع","other":"%1$s سنتيمتر مربع"},"square-foot":{"_name":"قدم مربعة","zero":"%1$s من الأقدام المربعة","one":"%1$s قدم مربعة","two":"قدمان مربعان (%1$s)","few":"%1$s أقدام مربعة","many":"%1$s قدمًا مربعًا","other":"%1$s من الأقدام المربعة"},"square-inch":{"_name":"بوصة مربعة","zero":"%1$s بوصة مربعة","one":"%1$s بوصة مربعة","two":"%1$s بوصة مربعة","few":"%1$s بوصة مربعة","many":"%1$s بوصة مربعة","other":"%1$s بوصة مربعة"},"square-kilometer":{"_name":"كيلومتر مربع","zero":"%1$s كيلومتر مربع","one":"%1$s كيلومتر مربع","two":"%1$s كيلومتر مربع","few":"%1$s كيلومتر مربع","many":"%1$s كيلومتر مربع","other":"%1$s كيلومتر مربع"},"square-meter":{"_name":"متر مربع","zero":"%1$s متر مربع","one":"%1$s متر مربع","two":"%1$s متر مربع","few":"%1$s متر مربع","many":"%1$s متر مربع","other":"%1$s متر مربع"},"square-mile":{"_name":"ميل مربع","zero":"%1$s ميل مربع","one":"%1$s ميل مربع","two":"%1$s ميل مربع","few":"%1$s ميل مربع","many":"%1$s ميل مربع","other":"%1$s ميل مربع"},"square-yard":{"_name":"ياردة مربعة","zero":"%1$s ياردة مربعة","one":"%1$s ياردة مربعة","two":"%1$s ياردة مربعة","few":"%1$s ياردة مربعة","many":"%1$s ياردة مربعة","other":"%1$s ياردة مربعة"}},"consumption":{"liter-per-kilometer":{"_name":"لتر لكل كيلومتر","zero":"%1$s لتر لكل كيلومتر","one":"%1$s لتر لكل كيلومتر","two":"%1$s لتر لكل كيلومتر","few":"%1$s لتر لكل كيلومتر","many":"%1$s لتر لكل كيلومتر","other":"%1$s لتر لكل كيلومتر"},"mile-per-gallon":{"_name":"ميل لكل غالون","zero":"%1$s ميل لكل غالون","one":"%1$s ميل لكل غالون","two":"%1$s ميل لكل غالون","few":"%1$s ميل لكل غالون","many":"%1$s ميل لكل غالون","other":"%1$s ميل لكل غالون"}},"digital":{"bit":{"_name":"بت","zero":"%1$s بت","one":"%1$s بت","two":"%1$s بت","few":"%1$s بت","many":"%1$s بت","other":"%1$s بت"},"byte":{"_name":"بايت","zero":"%1$s بايت","one":"%1$s بايت","two":"%1$s بايت","few":"%1$s بايت","many":"%1$s بايت","other":"%1$s بايت"},"gigabit":{"_name":"غيغابت","zero":"%1$s غيغابت","one":"%1$s غيغابت","two":"%1$s غيغابت","few":"%1$s غيغابت","many":"%1$s غيغابت","other":"%1$s غيغابت"},"gigabyte":{"_name":"غيغابايت","zero":"%1$s غيغابايت","one":"%1$s غيغابايت","two":"%1$s غيغابايت","few":"%1$s غيغابايت","many":"%1$s غيغابايت","other":"%1$s غيغابايت"},"kilobit":{"_name":"كيلوبت","zero":"%1$s كيلوبت","one":"%1$s كيلوبت","two":"%1$s كيلوبت","few":"%1$s كيلوبت","many":"%1$s كيلوبت","other":"%1$s كيلوبت"},"kilobyte":{"_name":"كيلوبايت","zero":"%1$s كيلوبايت","one":"%1$s كيلوبايت","two":"%1$s كيلوبايت","few":"%1$s كيلوبايت","many":"%1$s كيلوبايت","other":"%1$s كيلوبايت"},"megabit":{"_name":"ميغابت","zero":"%1$s ميغابت","one":"%1$s ميغابت","two":"%1$s ميغابت","few":"%1$s ميغابت","many":"%1$s ميغابت","other":"%1$s ميغابت"},"megabyte":{"_name":"ميغابايت","zero":"%1$s ميغابايت","one":"%1$s ميغابايت","two":"%1$s ميغابايت","few":"%1$s ميغابايت","many":"%1$s ميغابايت","other":"%1$s ميغابايت"},"terabit":{"_name":"تيرابت","zero":"%1$s تيرابت","one":"%1$s تيرابت","two":"%1$s تيرابت","few":"%1$s تيرابت","many":"%1$s تيرابت","other":"%1$s تيرابت"},"terabyte":{"_name":"تيرابايت","zero":"%1$s تيرابايت","one":"%1$s تيرابايت","two":"%1$s تيرابايت","few":"%1$s تيرابايت","many":"%1$s تيرابايت","other":"%1$s تيرابايت"}},"duration":{"day":{"_name":"يوم","zero":"%1$s يوم","one":"يوم","two":"يومان","few":"%1$s أيام","many":"%1$s يومًا","other":"%1$s يوم"},"hour":{"_name":"ساعة","zero":"%1$s ساعة","one":"ساعة","two":"ساعتان","few":"%1$s ساعات","many":"%1$s ساعة","other":"%1$s ساعة","_per":"%1$s/ساعة"},"microsecond":{"_name":"ميكروثانية","zero":"%1$s ميكروثانية","one":"%1$s ميكروثانية","two":"%1$s ميكروثانية","few":"%1$s ميكروثانية","many":"%1$s ميكروثانية","other":"%1$s ميكروثانية"},"millisecond":{"_name":"مللي ثانية","zero":"%1$s مللي ثانية","one":"%1$s مللي ثانية","two":"%1$s مللي ثانية","few":"%1$s مللي ثانية","many":"%1$s مللي ثانية","other":"%1$s مللي ثانية"},"minute":{"_name":"دقيقة","zero":"%1$s دقيقة","one":"%1$s دقيقة","two":"دقيقتان","few":"%1$s دقائق","many":"%1$s دقيقة","other":"%1$s دقيقة"},"month":{"_name":"شهر","zero":"%1$s شهر","one":"شهر","two":"شهران","few":"%1$s أشهر","many":"%1$s شهرًا","other":"%1$s شهر"},"nanosecond":{"_name":"نانو ثانية","zero":"%1$s نانو ثانية","one":"%1$s نانو ثانية","two":"%1$s نانو ثانية","few":"%1$s نانو ثانية","many":"%1$s نانو ثانية","other":"%1$s نانو ثانية"},"second":{"_name":"ثانية","zero":"%1$s ثانية","one":"ثانية","two":"ثانيتان","few":"%1$s ثوان","many":"%1$s ثانية","other":"%1$s ثانية","_per":"%1$s/ثانية"},"week":{"_name":"أسبوع","zero":"%1$s أسبوع","one":"أسبوع","two":"أسبوعان","few":"%1$s أسابيع","many":"%1$s أسبوعًا","other":"%1$s أسبوع"},"year":{"_name":"سنة","zero":"%1$s سنة","one":"سنة","two":"سنتان","few":"%1$s سنوات","many":"%1$s سنة","other":"%1$s سنة"}},"electric":{"ampere":{"_name":"أمبير","zero":"%1$s أمبير","one":"%1$s أمبير","two":"%1$s أمبير","few":"%1$s أمبير","many":"%1$s أمبير","other":"%1$s أمبير"},"milliampere":{"_name":"مللي أمبير","zero":"%1$s مللي أمبير","one":"%1$s مللي أمبير","two":"%1$s مللي أمبير","few":"%1$s مللي أمبير","many":"%1$s مللي أمبير","other":"%1$s مللي أمبير"},"ohm":{"_name":"أوم","zero":"%1$s أوم","one":"%1$s أوم","two":"%1$s أوم","few":"%1$s أوم","many":"%1$s أوم","other":"%1$s أوم"},"volt":{"_name":"فولت","zero":"%1$s فولت","one":"%1$s فولت","two":"%1$s فولت","few":"%1$s فولت","many":"%1$s فولت","other":"%1$s فولت"}},"energy":{"calorie":{"_name":"كالوري","zero":"%1$s كالوري","one":"%1$s كالوري","two":"%1$s كالوري","few":"%1$s كالوري","many":"%1$s كالوري","other":"%1$s كالوري"},"foodcalorie":{"_name":"كالوري","zero":"%1$s كالوري","one":"%1$s كالوري","two":"%1$s كالوري","few":"%1$s كالوري","many":"%1$s كالوري","other":"%1$s كالوري"},"joule":{"_name":"جول","zero":"%1$s جول","one":"%1$s جول","two":"%1$s جول","few":"%1$s جول","many":"%1$s جول","other":"%1$s جول"},"kilocalorie":{"_name":"كيلو كالوري","zero":"%1$s كيلو كالوري","one":"%1$s كيلو كالوري","two":"%1$s كيلو كالوري","few":"%1$s كيلو كالوري","many":"%1$s كيلو كالوري","other":"%1$s كيلو كالوري"},"kilojoule":{"_name":"كيلو جول","zero":"%1$s كيلو جول","one":"%1$s كيلو جول","two":"%1$s كيلو جول","few":"%1$s كيلو جول","many":"%1$s كيلو جول","other":"%1$s كيلو جول"},"kilowatt-hour":{"_name":"كيلو واط/ساعة","zero":"%1$s كيلو واط/ساعة","one":"%1$s كيلو واط/ساعة","two":"%1$s كيلو واط/ساعة","few":"%1$s كيلو واط/ساعة","many":"%1$s كيلو واط/ساعة","other":"%1$s كيلو واط/ساعة"}},"frequency":{"gigahertz":{"_name":"غيغا هرتز","zero":"%1$s غيغا هرتز","one":"%1$s غيغا هرتز","two":"%1$s غيغا هرتز","few":"%1$s غيغا هرتز","many":"%1$s غيغا هرتز","other":"%1$s غيغا هرتز"},"hertz":{"_name":"هرتز","zero":"%1$s هرتز","one":"%1$s هرتز","two":"%1$s هرتز","few":"%1$s هرتز","many":"%1$s هرتز","other":"%1$s هرتز"},"kilohertz":{"_name":"كيلو هرتز","zero":"%1$s كيلو هرتز","one":"%1$s كيلو هرتز","two":"%1$s كيلو هرتز","few":"%1$s كيلو هرتز","many":"%1$s كيلو هرتز","other":"%1$s كيلو هرتز"},"megahertz":{"_name":"ميغا هرتز","zero":"%1$s ميغا هرتز","one":"%1$s ميغا هرتز","two":"%1$s ميغا هرتز","few":"%1$s ميغا هرتز","many":"%1$s ميغا هرتز","other":"%1$s ميغا هرتز"}},"length":{"astronomical-unit":{"_name":"وحدة فلكية","zero":"%1$s من الوحدات الفلكية","one":"%1$s وحدة فلكية","two":"وحدتان فلكيتان","few":"%1$s وحدات فلكية","many":"%1$s وحدة فلكية","other":"%1$s من الوحدات الفلكية"},"centimeter":{"_name":"سنتيمتر","zero":"%1$s سنتيمتر","one":"%1$s سنتيمتر","two":"%1$s سنتيمتر","few":"%1$s سنتيمتر","many":"%1$s سنتيمتر","other":"%1$s سنتيمتر"},"decimeter":{"_name":"ديسيمتر","zero":"%1$s ديسيمتر","one":"%1$s ديسيمتر","two":"%1$s ديسيمتر","few":"%1$s ديسيمتر","many":"%1$s ديسيمتر","other":"%1$s ديسيمتر"},"fathom":{"_name":"fm","other":"%1$s fm"},"foot":{"_name":"قدم","zero":"%1$s من الأقدام","one":"%1$s قدم","two":"قدمان (%1$s)","few":"%1$s أقدام","many":"%1$s قدمًا","other":"%1$s من الأقدام"},"furlong":{"_name":"fur","other":"%1$s fur"},"inch":{"_name":"بوصة","zero":"%1$s بوصة","one":"%1$s بوصة","two":"%1$s بوصة","few":"%1$s بوصة","many":"%1$s بوصة","other":"%1$s بوصة"},"kilometer":{"_name":"كيلومتر","zero":"%1$s كيلومتر","one":"%1$s كيلومتر","two":"%1$s كيلومتر","few":"%1$s كيلومتر","many":"%1$s كيلومتر","other":"%1$s كيلومتر"},"light-year":{"_name":"سنة ضوئية","zero":"%1$s من السنوات الضوئية","one":"%1$s سنة ضوئية","two":"سنتان ضوئيتان (%1$s)","few":"%1$s سنوات ضوئية","many":"%1$s سنة ضوئية","other":"%1$s من السنوات الضوئية"},"meter":{"_name":"متر","zero":"%1$s من الأمتار","one":"%1$s متر","two":"متران (%1$s)","few":"%1$s أمتار","many":"%1$s مترًا","other":"%1$s من الأمتار"},"micrometer":{"_name":"ميكرومتر","zero":"%1$s ميكرومتر","one":"%1$s ميكرومتر","two":"%1$s ميكرومتر","few":"%1$s ميكرومتر","many":"%1$s ميكرومتر","other":"%1$s ميكرومتر"},"mile":{"_name":"ميل","zero":"%1$s من الأميال","one":"%1$s ميل","two":"ميلان (%1$s)","few":"%1$s أميال","many":"%1$s ميلاً","other":"%1$s من الأميال"},"millimeter":{"_name":"ملليمتر","zero":"%1$s ملليمتر","one":"%1$s ملليمتر","two":"%1$s ملليمتر","few":"%1$s ملليمتر","many":"%1$s ملليمتر","other":"%1$s ملليمتر"},"nanometer":{"_name":"نانو متر","zero":"%1$s نانو متر","one":"%1$s نانو متر","two":"%1$s نانو متر","few":"%1$s نانو متر","many":"%1$s نانو متر","other":"%1$s نانو متر"},"nautical-mile":{"_name":"ميل بحري","zero":"%1$s من الأميال البحرية","one":"%1$s ميل بحري","two":"ميلان بحريان","few":"%1$s أميال بحرية","many":"%1$s ميلاً بحريًا","other":"%1$s من الأميال البحرية"},"parsec":{"_name":"فرسخ فلكي","zero":"%1$s من الفراسخ الفلكية","one":"%1$s فرسخ فلكي","two":"فرسخان فلكيان","few":"%1$s فراسخ فلكية","many":"%1$s فرسخًا فلكيًا","other":"%1$s من الفراسخ الفلكية"},"picometer":{"_name":"بيكومتر","zero":"%1$s بيكومتر","one":"%1$s بيكومتر","two":"%1$s بيكومتر","few":"%1$s بيكومتر","many":"%1$s بيكومتر","other":"%1$s بيكومتر"},"yard":{"_name":"ياردة","zero":"%1$s من الياردات","one":"%1$s ياردة","two":"ياردتان (%1$s)","few":"%1$s ياردات","many":"%1$s ياردة","other":"%1$s من الياردات"}},"light":{"lux":{"_name":"لكس","zero":"%1$s لكس","one":"%1$s لكس","two":"%1$s لكس","few":"%1$s لكس","many":"%1$s لكس","other":"%1$s لكس"}},"mass":{"carat":{"_name":"قيراط","zero":"%1$s قيراط","one":"%1$s قيراط","two":"%1$s قيراط","few":"%1$s قيراط","many":"%1$s قيراط","other":"%1$s قيراط"},"gram":{"_name":"غرام","zero":"%1$s من الغرامات","one":"%1$s غرام","two":"غرامان (%1$s)","few":"%1$s غرامات","many":"%1$s غرامًا","other":"%1$s من الغرامات"},"kilogram":{"_name":"كيلوغرام","zero":"%1$s كيلوغرام","one":"%1$s كيلوغرام","two":"%1$s كيلوغرام","few":"%1$s كيلوغرام","many":"%1$s كيلوغرام","other":"%1$s كيلوغرام"},"metric-ton":{"_name":"طن متري","zero":"%1$s طن متري","one":"%1$s طن متري","two":"%1$s طن متري","few":"%1$s طن متري","many":"%1$s طن متري","other":"%1$s طن متري"},"microgram":{"_name":"ميكروغرام","zero":"%1$s ميكروغرام","one":"%1$s ميكروغرام","two":"%1$s ميكروغرام","few":"%1$s ميكروغرام","many":"%1$s ميكروغرام","other":"%1$s ميكروغرام"},"milligram":{"_name":"ملليغرام","zero":"%1$s ملليغرام","one":"%1$s ملليغرام","two":"%1$s ملليغرام","few":"%1$s ملليغرام","many":"%1$s ملليغرام","other":"%1$s ملليغرام"},"ounce":{"_name":"أونصة","zero":"%1$s أونس","one":"%1$s أونس","two":"%1$s أونس","few":"%1$s أونس","many":"%1$s أونس","other":"%1$s أونس"},"ounce-troy":{"_name":"أونصة ترويسية","zero":"%1$s من الأونصات الترويسية","one":"%1$s أونصة ترويسية","two":"أونصتان ترويسيتان","few":"%1$s أونصات ترويسية","many":"%1$s أونصة ترويسية","other":"%1$s من الأونصات الترويسية"},"pound":{"_name":"رطل","zero":"%1$s رطل","one":"%1$s رطل","two":"%1$s رطل","few":"%1$s رطل","many":"%1$s رطل","other":"%1$s رطل"},"stone":{"_name":"st","other":"%1$s st"},"ton":{"_name":"طن","zero":"%1$s طن","one":"%1$s طن","two":"%1$s طن","few":"%1$s طن","many":"%1$s طن","other":"%1$s طن"}},"power":{"gigawatt":{"_name":"غيغا واط","zero":"%1$s غيغا واط","one":"%1$s غيغا واط","two":"%1$s غيغا واط","few":"%1$s غيغا واط","many":"%1$s غيغا واط","other":"%1$s غيغا واط"},"horsepower":{"_name":"قوة حصان","zero":"%1$s قوة حصان","one":"%1$s قوة حصان","two":"%1$s قوة حصان","few":"%1$s قوة حصان","many":"%1$s قوة حصان","other":"%1$s قوة حصان"},"kilowatt":{"_name":"كيلوواط","zero":"%1$s كيلوواط","one":"%1$s كيلوواط","two":"%1$s كيلوواط","few":"%1$s كيلوواط","many":"%1$s كيلوواط","other":"%1$s كيلوواط"},"megawatt":{"_name":"ميغا واط","zero":"%1$s ميغا واط","one":"%1$s ميغا واط","two":"%1$s ميغا واط","few":"%1$s ميغا واط","many":"%1$s ميغا واط","other":"%1$s ميغا واط"},"milliwatt":{"_name":"مللي واط","zero":"%1$s مللي واط","one":"%1$s مللي واط","two":"%1$s مللي واط","few":"%1$s مللي واط","many":"%1$s مللي واط","other":"%1$s مللي واط"},"watt":{"_name":"واط","zero":"%1$s واط","one":"%1$s واط","two":"%1$s واط","few":"%1$s واط","many":"%1$s واط","other":"%1$s واط"}},"pressure":{"hectopascal":{"_name":"هكتوباسكال","zero":"%1$s هكتوباسكال","one":"%1$s هكتوباسكال","two":"%1$s هكتوباسكال","few":"%1$s هكتوباسكال","many":"%1$s هكتوباسكال","other":"%1$s هكتوباسكال"},"inch-hg":{"_name":"بوصة زئبقية","zero":"%1$s بوصة زئبقية","one":"%1$s بوصة زئبقية","two":"%1$s بوصة زئبقية","few":"%1$s بوصة زئبقية","many":"%1$s بوصة زئبقية","other":"%1$s بوصة زئبقية"},"millibar":{"_name":"مللي بار","zero":"%1$s مللي بار","one":"%1$s مللي بار","two":"%1$s مللي بار","few":"%1$s مللي بار","many":"%1$s مللي بار","other":"%1$s مللي بار"},"millimeter-of-mercury":{"_name":"ملليمتر زئبقي","zero":"%1$s ملليمتر زئبقي","one":"%1$s ملليمتر زئبقي","two":"%1$s ملليمتر زئبقي","few":"%1$s ملليمتر زئبقي","many":"%1$s ملليمتر زئبقي","other":"%1$s ملليمتر زئبقي"},"pound-per-square-inch":{"_name":"رطل لكل بوصة مربعة","zero":"%1$s رطل لكل بوصة مربعة","one":"%1$s رطل لكل بوصة مربعة","two":"%1$s رطل لكل بوصة مربعة","few":"%1$s رطل لكل بوصة مربعة","many":"%1$s رطل لكل بوصة مربعة","other":"%1$s رطل لكل بوصة مربعة"}},"proportion":{"karat":{"_name":"قيراط","zero":"%1$s قيراط","one":"%1$s قيراط","two":"%1$s قيراط","few":"%1$s قيراط","many":"%1$s قيراط","other":"%1$s قيراط"}},"speed":{"kilometer-per-hour":{"_name":"كيلومتر في الساعة","zero":"%1$s كيلومتر في الساعة","one":"%1$s كيلومتر في الساعة","two":"%1$s كيلومتر في الساعة","few":"%1$s كيلومتر في الساعة","many":"%1$s كيلومتر في الساعة","other":"%1$s كيلومتر في الساعة"},"meter-per-second":{"_name":"متر في الثانية","zero":"%1$s متر في الثانية","one":"%1$s متر في الثانية","two":"%1$s متر في الثانية","few":"%1$s متر في الثانية","many":"%1$s متر في الثانية","other":"%1$s متر في الثانية"},"mile-per-hour":{"_name":"ميل في الساعة","zero":"%1$s ميل في الساعة","one":"%1$s ميل في الساعة","two":"%1$s ميل في الساعة","few":"%1$s ميل في الساعة","many":"%1$s ميل في الساعة","other":"%1$s ميل في الساعة"}},"temperature":{"celsius":{"_name":"درجة مئوية","zero":"%1$s درجة مئوية","one":"%1$s درجة مئوية","two":"%1$s درجة مئوية","few":"%1$s درجة مئوية","many":"%1$s درجة مئوية","other":"%1$s درجة مئوية"},"fahrenheit":{"_name":"درجة فهرنهايت","zero":"%1$s درجة فهرنهايت","one":"%1$s درجة فهرنهايت","two":"%1$s درجة فهرنهايت","few":"%1$s درجة فهرنهايت","many":"%1$s درجة فهرنهايت","other":"%1$s درجة فهرنهايت"},"generic":{"_name":"°","other":"%1$s°"},"kelvin":{"_name":"درجة كلفن","zero":"%1$s درجة كلفن","one":"%1$s درجة كلفن","two":"%1$s درجة كلفن","few":"%1$s درجة كلفن","many":"%1$s درجة كلفن","other":"%1$s درجة كلفن"}},"volume":{"acre-foot":{"_name":"فدان قدم","zero":"%1$s فدان قدم","one":"%1$s فدان قدم","two":"%1$s فدان قدم","few":"%1$s فدان قدم","many":"%1$s فدان قدم","other":"%1$s فدان قدم"},"bushel":{"_name":"bu","other":"%1$s bu"},"centiliter":{"_name":"سنتيلتر","zero":"%1$s سنتيلتر","one":"%1$s سنتيلتر","two":"%1$s سنتيلتر","few":"%1$s سنتيلتر","many":"%1$s سنتيلتر","other":"%1$s سنتيلتر"},"cubic-centimeter":{"_name":"سنتيمتر مكعب","zero":"%1$s سنتيمتر مكعب","one":"%1$s سنتيمتر مكعب","two":"%1$s سنتيمتر مكعب","few":"%1$s سنتيمتر مكعب","many":"%1$s سنتيمتر مكعب","other":"%1$s سنتيمتر مكعب"},"cubic-foot":{"_name":"قدم مكعبة","zero":"%1$s من الأقدام المكعبة","one":"%1$s قدم مكعبة","two":"قدمان مكعبان","few":"%1$s أقدام مكعبة","many":"%1$s قدمًا مكعبًا","other":"%1$s من الأقدام المكعبة"},"cubic-inch":{"_name":"بوصة مكعبة","zero":"%1$s بوصة مكعبة","one":"%1$s بوصة مكعبة","two":"%1$s بوصة مكعبة","few":"%1$s بوصة مكعبة","many":"%1$s بوصة مكعبة","other":"%1$s بوصة مكعبة"},"cubic-kilometer":{"_name":"كيلومتر مكعب","zero":"%1$s كيلومتر مكعب","one":"%1$s كيلومتر مكعب","two":"%1$s كيلومتر مكعب","few":"%1$s كيلومتر مكعب","many":"%1$s كيلومتر مكعب","other":"%1$s كيلومتر مكعب"},"cubic-meter":{"_name":"متر مكعب","zero":"%1$s متر مكعب","one":"%1$s متر مكعب","two":"%1$s متر مكعب","few":"%1$s متر مكعب","many":"%1$s متر مكعب","other":"%1$s متر مكعب"},"cubic-mile":{"_name":"ميل مكعب","zero":"%1$s ميل مكعب","one":"%1$s ميل مكعب","two":"%1$s ميل مكعب","few":"%1$s ميل مكعب","many":"%1$s ميل مكعب","other":"%1$s ميل مكعب"},"cubic-yard":{"_name":"ياردة مكعبة","zero":"%1$s ياردة مكعبة","one":"%1$s ياردة مكعبة","two":"%1$s ياردة مكعبة","few":"%1$s ياردة مكعبة","many":"%1$s ياردة مكعبة","other":"%1$s ياردة مكعبة"},"cup":{"_name":"كوب","zero":"%1$s من الأكواب","one":"%1$s كوب","two":"كوبان","few":"%1$s أكواب","many":"%1$s كوبًا","other":"%1$s من الأكواب"},"deciliter":{"_name":"ديسيلتر","zero":"%1$s ديسيلتر","one":"%1$s ديسيلتر","two":"%1$s ديسيلتر","few":"%1$s ديسيلتر","many":"%1$s ديسيلتر","other":"%1$s ديسيلتر"},"fluid-ounce":{"_name":"أونصة سائلة","zero":"%1$s من الأونصات السائلة","one":"%1$s أونصة سائلة","two":"أونصتان سائلتان","few":"%1$s أونصات سائلة","many":"%1$s أونصة سائلة","other":"%1$s من الأونصات السائلة"},"gallon":{"_name":"غالون","zero":"%1$s من الغالونات","one":"%1$s غالون","two":"غالونان","few":"%1$s غالونات","many":"%1$s غالونًا","other":"%1$s من الغالونات"},"hectoliter":{"_name":"هكتولتر","zero":"%1$s هكتولتر","one":"%1$s هكتولتر","two":"%1$s هكتولتر","few":"%1$s هكتولتر","many":"%1$s هكتولتر","other":"%1$s هكتولتر"},"liter":{"_name":"لتر","zero":"%1$s من اللترات","one":"%1$s لتر","two":"لتران (%1$s)","few":"%1$s لترات","many":"%1$s لترًا","other":"%1$s من اللترات"},"megaliter":{"_name":"ميغالتر","zero":"%1$s ميغالتر","one":"%1$s ميغالتر","two":"%1$s ميغالتر","few":"%1$s ميغالتر","many":"%1$s ميغالتر","other":"%1$s ميغالتر"},"milliliter":{"_name":"ملليلتر","zero":"%1$s ملليلتر","one":"%1$s ملليلتر","two":"%1$s ملليلتر","few":"%1$s ملليلتر","many":"%1$s ملليلتر","other":"%1$s ملليلتر"},"pint":{"_name":"باينت","zero":"%1$s باينت","one":"%1$s باينت","two":"%1$s باينت","few":"%1$s باينت","many":"%1$s باينت","other":"%1$s باينت"},"quart":{"_name":"ربع غالون","zero":"%1$s من أرباع الغالون","one":"%1$s ربع غالون","two":"نصف غالون","few":"%1$s أرباع غالون","many":"%1$s ربع غالون","other":"%1$s من أرباع الغالون"},"tablespoon":{"_name":"ملعقة المائدة","zero":"%1$s من ملاعق المائدة","one":"%1$s ملعقة مائدة","two":"ملعقتا مائدة","few":"%1$s ملاعق مائدة","many":"%1$s ملعقة مائدة","other":"%1$s من ملاعق المائدة"},"teaspoon":{"_name":"ملعقة شاي","zero":"%1$s من ملاعق الشاي","one":"%1$s ملعقة شاي","two":"ملعقتا شاي","few":"%1$s ملاعق شاي","many":"%1$s ملعقة شاي","other":"%1$s من ملاعق الشاي"}}},"short":{"_compoundPattern":"%1$s/%2$s","acceleration":{"g-force":{"_name":"قوة تسارع","zero":"%1$s قوة تسارع","one":"%1$s قوة تسارع","two":"%1$s قوة تسارع","few":"%1$s قوة تسارع","many":"%1$s قوة تسارع","other":"%1$s قوة تسارع"},"meter-per-second-squared":{"_name":"م/ث²","zero":"%1$s م/ث²","one":"%1$s م/ث²","two":"%1$s م/ث²","few":"%1$s م/ث²","many":"%1$s م/ث²","other":"%1$s م/ث²"}},"angle":{"arc-minute":{"_name":"دقيقة قوسية","zero":"%1$s من الدقائق","one":"%1$s دقيقة","two":"دقيقتان (%1$s)","few":"%1$s دقائق","many":"%1$s دقيقة","other":"%1$s من الدقائق"},"arc-second":{"_name":"ثانية قوسية","zero":"%1$s من الثواني","one":"%1$s ثانية","two":"ثانيتان (%1$s)","few":"%1$s ثوانٍ","many":"%1$s ثانية","other":"%1$s من الثواني"},"degree":{"_name":"درجة","zero":"%1$s من الدرجات","one":"%1$s درجة","two":"درجتان (%1$s)","few":"%1$s درجات","many":"%1$s درجة","other":"%1$s من الدرجات"},"radian":{"_name":"راديان","zero":"%1$s راديان","one":"%1$s راديان","two":"%1$s راديان","few":"%1$s راديان","many":"%1$s راديان","other":"%1$s راديان"}},"area":{"acre":{"_name":"فدان","zero":"%1$s من الفدادين","one":"%1$s فدان","two":"فدانان (%1$s)","few":"%1$s فدادين","many":"%1$s فدانًا","other":"%1$s من الفدادين"},"hectare":{"_name":"هكتار","zero":"%1$s من الهكتارات","one":"%1$s هكتار","two":"هكتاران (%1$s)","few":"%1$s هكتارات","many":"%1$s هكتارًا","other":"%1$s من الهكتارات"},"square-centimeter":{"_name":"سم ²","zero":"%1$s سم ²","one":"%1$s سم ²","two":"%1$s سم ²","few":"%1$s سم ²","many":"%1$s سم ²","other":"%1$s سم ²"},"square-foot":{"_name":"قدم مربعة","zero":"%1$s من الأقدام المربعة","one":"%1$s قدم مربعة","two":"قدمان مربعان (%1$s)","few":"%1$s أقدام مربعة","many":"%1$s قدمًا مربعًا","other":"%1$s من الأقدام المربعة"},"square-inch":{"_name":"بوصة مربعة","zero":"%1$s بوصة مربعة","one":"%1$s بوصة مربعة","two":"%1$s بوصة مربعة","few":"%1$s بوصة مربعة","many":"%1$s بوصة مربعة","other":"%1$s بوصة مربعة"},"square-kilometer":{"_name":"كم²","zero":"%1$s كم²","one":"%1$s كم²","two":"%1$s كم²","few":"%1$s كم²","many":"%1$s كم²","other":"%1$s كم²"},"square-meter":{"_name":"م²","zero":"%1$s م²","one":"%1$s م²","two":"%1$s م²","few":"%1$s م²","many":"%1$s م²","other":"%1$s م²"},"square-mile":{"_name":"ميل مربع","zero":"%1$s ميل مربع","one":"%1$s ميل مربع","two":"%1$s ميل مربع","few":"%1$s ميل مربع","many":"%1$s ميل مربع","other":"%1$s ميل مربع"},"square-yard":{"_name":"ياردة مربعة","zero":"%1$s ياردة مربعة","one":"%1$s ياردة مربعة","two":"%1$s ياردة مربعة","few":"%1$s ياردة مربعة","many":"%1$s ياردة مربعة","other":"%1$s ياردة مربعة"}},"consumption":{"liter-per-kilometer":{"_name":"لتر/كم","zero":"%1$s لتر/كم","one":"%1$s لتر/كم","two":"%1$s لتر/كم","few":"%1$s لتر/كم","many":"%1$s لتر/كم","other":"%1$s لتر/كم"},"mile-per-gallon":{"_name":"ميل/غالون","zero":"%1$s ميل/غالون","one":"%1$s ميل/غالون","two":"%1$s ميل/غالون","few":"%1$s ميل/غالون","many":"%1$s ميل/غالون","other":"%1$s ميل/غالون"}},"digital":{"bit":{"_name":"بت","zero":"%1$s بت","one":"%1$s بت","two":"%1$s بت","few":"%1$s بت","many":"%1$s بت","other":"%1$s بت"},"byte":{"_name":"بايت","zero":"%1$s بايت","one":"%1$s بايت","two":"%1$s بايت","few":"%1$s بايت","many":"%1$s بايت","other":"%1$s بايت"},"gigabit":{"_name":"غيغابت","zero":"%1$s غيغابت","one":"%1$s غيغابت","two":"%1$s غيغابت","few":"%1$s غيغابت","many":"%1$s غيغابت","other":"%1$s غيغابت"},"gigabyte":{"_name":"غيغابايت","zero":"%1$s غيغابايت","one":"%1$s غيغابايت","two":"%1$s غيغابايت","few":"%1$s غيغابايت","many":"%1$s غيغابايت","other":"%1$s غيغابايت"},"kilobit":{"_name":"كيلوبت","zero":"%1$s كيلوبت","one":"%1$s كيلوبت","two":"%1$s كيلوبت","few":"%1$s كيلوبت","many":"%1$s كيلوبت","other":"%1$s كيلوبت"},"kilobyte":{"_name":"كيلوبايت","zero":"%1$s كيلوبايت","one":"%1$s كيلوبايت","two":"%1$s كيلوبايت","few":"%1$s كيلوبايت","many":"%1$s كيلوبايت","other":"%1$s كيلوبايت"},"megabit":{"_name":"ميغابت","zero":"%1$s ميغابت","one":"%1$s ميغابت","two":"%1$s ميغابت","few":"%1$s ميغابت","many":"%1$s ميغابت","other":"%1$s ميغابت"},"megabyte":{"_name":"ميغابايت","zero":"%1$s ميغابايت","one":"%1$s ميغابايت","two":"%1$s ميغابايت","few":"%1$s ميغابايت","many":"%1$s ميغابايت","other":"%1$s ميغابايت"},"terabit":{"_name":"تيرابت","zero":"%1$s تيرابت","one":"%1$s تيرابت","two":"%1$s تيرابت","few":"%1$s تيرابت","many":"%1$s تيرابت","other":"%1$s تيرابت"},"terabyte":{"_name":"تيرابايت","zero":"%1$s تيرابايت","one":"%1$s تيرابايت","two":"%1$s تيرابايت","few":"%1$s تيرابايت","many":"%1$s تيرابايت","other":"%1$s تيرابايت"}},"duration":{"day":{"_name":"يوم","zero":"%1$s يوم","one":"%1$s يوم","two":"يومان","few":"%1$s أيام","many":"%1$s يومًا","other":"%1$s يوم"},"hour":{"_name":"ساعة","zero":"%1$s س","one":"%1$s س","two":"%1$s س","few":"%1$s س","many":"%1$s س","other":"%1$s س","_per":"%1$s/س"},"microsecond":{"_name":"م.ث.","zero":"%1$s م.ث.","one":"%1$s م.ث.","two":"%1$s م.ث.","few":"%1$s م.ث.","many":"%1$s م.ث.","other":"%1$s م.ث."},"millisecond":{"_name":"مللي ثانية","zero":"%1$s مللي ث.","one":"%1$s مللي ث.","two":"%1$s مللي ث.","few":"%1$s مللي ث.","many":"%1$s مللي ث.","other":"%1$s مللي ث."},"minute":{"_name":"دقيقة","zero":"%1$s د","one":"%1$s د","two":"%1$s د","few":"%1$s د","many":"%1$s د","other":"%1$s د"},"month":{"_name":"شهر","zero":"%1$s شهر","one":"شهر","two":"شهران","few":"%1$s أشهر","many":"%1$s شهرًا","other":"%1$s شهر"},"nanosecond":{"_name":"ن.ث.","zero":"%1$s ن.ث.","one":"%1$s ن.ث.","two":"%1$s ن.ث.","few":"%1$s ن.ث.","many":"%1$s ن.ث.","other":"%1$s ن.ث."},"second":{"_name":"ثانية","zero":"%1$s ث","one":"%1$s ث","two":"%1$s ث","few":"%1$s ث","many":"%1$s ث","other":"%1$s ث","_per":"%1$s/ث"},"week":{"_name":"أسبوع","zero":"%1$s أسبوع","one":"%1$s أسبوع","two":"أسبوعان","few":"%1$s أسابيع","many":"%1$s أسبوعًا","other":"%1$s أسبوع"},"year":{"_name":"سنة","zero":"%1$s سنة","one":"سنة","two":"سنتان","few":"%1$s سنة","many":"%1$s سنة","other":"%1$s سنة"}},"electric":{"ampere":{"_name":"أمبير","zero":"%1$s أمبير","one":"%1$s أمبير","two":"%1$s أمبير","few":"%1$s أمبير","many":"%1$s أمبير","other":"%1$s أمبير"},"milliampere":{"_name":"مللي أمبير","zero":"%1$s مللي أمبير","one":"%1$s مللي أمبير","two":"%1$s مللي أمبير","few":"%1$s مللي أمبير","many":"%1$s مللي أمبير","other":"%1$s مللي أمبير"},"ohm":{"_name":"أوم","zero":"%1$s أوم","one":"%1$s أوم","two":"%1$s أوم","few":"%1$s أوم","many":"%1$s أوم","other":"%1$s أوم"},"volt":{"_name":"فولت","zero":"%1$s فولت","one":"%1$s فولت","two":"%1$s فولت","few":"%1$s فولت","many":"%1$s فولت","other":"%1$s فولت"}},"energy":{"calorie":{"_name":"كالوري","zero":"%1$s كالوري","one":"%1$s كالوري","two":"%1$s كالوري","few":"%1$s كالوري","many":"%1$s كالوري","other":"%1$s كالوري"},"foodcalorie":{"_name":"كالوري","zero":"%1$s كالوري","one":"%1$s كالوري","two":"%1$s كالوري","few":"%1$s كالوري","many":"%1$s كالوري","other":"%1$s كالوري"},"joule":{"_name":"جول","zero":"%1$s جول","one":"%1$s جول","two":"%1$s جول","few":"%1$s جول","many":"%1$s جول","other":"%1$s جول"},"kilocalorie":{"_name":"ك كالوري","zero":"%1$s ك كالوري","one":"%1$s ك كالوري","two":"%1$s ك كالوري","few":"%1$s ك كالوري","many":"%1$s ك كالوري","other":"%1$s ك كالوري"},"kilojoule":{"_name":"ك جول","zero":"%1$s ك جول","one":"%1$s ك جول","two":"%1$s ك جول","few":"%1$s ك جول","many":"%1$s ك جول","other":"%1$s ك جول"},"kilowatt-hour":{"_name":"ك.و.س","zero":"%1$s ك.و.س","one":"%1$s ك.و.س","two":"%1$s ك.و.س","few":"%1$s ك.و.س","many":"%1$s ك.و.س","other":"%1$s ك.و.س"}},"frequency":{"gigahertz":{"_name":"غ هرتز","zero":"%1$s غ هرتز","one":"%1$s غ هرتز","two":"%1$s غ هرتز","few":"%1$s غ هرتز","many":"%1$s غ هرتز","other":"%1$s غ هرتز"},"hertz":{"_name":"هرتز","zero":"%1$s هرتز","one":"%1$s هرتز","two":"%1$s هرتز","few":"%1$s هرتز","many":"%1$s هرتز","other":"%1$s هرتز"},"kilohertz":{"_name":"ك هرتز","zero":"%1$s ك هرتز","one":"%1$s ك هرتز","two":"%1$s ك هرتز","few":"%1$s ك هرتز","many":"%1$s ك هرتز","other":"%1$s ك هرتز"},"megahertz":{"_name":"م هرتز","zero":"%1$s م هرتز","one":"%1$s م هرتز","two":"%1$s م هرتز","few":"%1$s م هرتز","many":"%1$s م هرتز","other":"%1$s م هرتز"}},"length":{"astronomical-unit":{"_name":"و.ف.","zero":"%1$s و.ف.","one":"%1$s و.ف.","two":"%1$s و.ف.","few":"%1$s و.ف.","many":"%1$s و.ف.","other":"%1$s و.ف."},"centimeter":{"_name":"سم","zero":"%1$s سم","one":"%1$s سم","two":"%1$s سم","few":"%1$s سم","many":"%1$s سم","other":"%1$s سم"},"decimeter":{"_name":"دسم","zero":"%1$s دسم","one":"%1$s دسم","two":"%1$s دسم","few":"%1$s دسم","many":"%1$s دسم","other":"%1$s دسم"},"fathom":{"_name":"fm","other":"%1$s fm"},"foot":{"_name":"قدم","zero":"%1$s من الأقدام","one":"%1$s قدم","two":"قدمان (%1$s)","few":"%1$s أقدام","many":"%1$s قدمًا","other":"%1$s من الأقدام"},"furlong":{"_name":"fur","other":"%1$s fur"},"inch":{"_name":"بوصة","zero":"%1$s بوصة","one":"%1$s بوصة","two":"%1$s بوصة","few":"%1$s بوصة","many":"%1$s بوصة","other":"%1$s بوصة"},"kilometer":{"_name":"كم","zero":"%1$s كم","one":"%1$s كم","two":"%1$s كم","few":"%1$s كم","many":"%1$s كم","other":"%1$s كم"},"light-year":{"_name":"سنة ضوئية","zero":"%1$s من السنوات الضوئية","one":"%1$s سنة ضوئية","two":"سنتان ضوئيتان (%1$s)","few":"%1$s سنوات ضوئية","many":"%1$s سنة ضوئية","other":"%1$s من السنوات الضوئية"},"meter":{"_name":"متر","zero":"%1$s من الأمتار","one":"%1$s متر","two":"متران (%1$s)","few":"%1$s أمتار","many":"%1$s مترًا","other":"%1$s من الأمتار"},"micrometer":{"_name":"ميكرومتر","zero":"%1$s ميكرومتر","one":"%1$s ميكرومتر","two":"%1$s ميكرومتر","few":"%1$s ميكرومتر","many":"%1$s ميكرومتر","other":"%1$s ميكرومتر"},"mile":{"_name":"ميل","zero":"%1$s من الأميال","one":"%1$s ميل","two":"ميلان (%1$s)","few":"%1$s أميال","many":"%1$s ميلاً","other":"%1$s من الأميال"},"millimeter":{"_name":"ملليمتر","zero":"%1$s ملليمتر","one":"%1$s ملليمتر","two":"%1$s ملليمتر","few":"%1$s ملليمتر","many":"%1$s ملليمتر","other":"%1$s ملليمتر"},"nanometer":{"_name":"نانو متر","zero":"%1$s نانو متر","one":"%1$s نانو متر","two":"%1$s نانو متر","few":"%1$s نانو متر","many":"%1$s نانو متر","other":"%1$s نانو متر"},"nautical-mile":{"_name":"ميل بحري","zero":"%1$s من الأميال البحرية","one":"%1$s ميل بحري","two":"ميلان بحريان","few":"%1$s أميال بحرية","many":"%1$s ميلاً بحريًا","other":"%1$s من الأميال البحرية"},"parsec":{"_name":"فرسخ فلكي","zero":"%1$s من الفراسخ الفلكية","one":"%1$s فرسخ فلكي","two":"فرسخان فلكيان","few":"%1$s فراسخ فلكية","many":"%1$s فرسخًا فلكيًا","other":"%1$s من الفراسخ الفلكية"},"picometer":{"_name":"بيكومتر","zero":"%1$s بيكومتر","one":"%1$s بيكومتر","two":"%1$s بيكومتر","few":"%1$s بيكومتر","many":"%1$s بيكومتر","other":"%1$s بيكومتر"},"yard":{"_name":"ياردة","zero":"%1$s من الياردات","one":"%1$s ياردة","two":"ياردتان (%1$s)","few":"%1$s ياردات","many":"%1$s ياردة","other":"%1$s من الياردات"}},"light":{"lux":{"_name":"لكس","zero":"%1$s لكس","one":"%1$s لكس","two":"%1$s لكس","few":"%1$s لكس","many":"%1$s لكس","other":"%1$s لكس"}},"mass":{"carat":{"_name":"قيراط","zero":"%1$s قيراط","one":"%1$s قيراط","two":"%1$s قيراط","few":"%1$s قيراط","many":"%1$s قيراط","other":"%1$s قيراط"},"gram":{"_name":"غرام","zero":"%1$s من الغرامات","one":"%1$s غرام","two":"غرامان (%1$s)","few":"%1$s غرامات","many":"%1$s غرامًا","other":"%1$s من الغرامات"},"kilogram":{"_name":"كغم","zero":"%1$s كغم","one":"%1$s كغم","two":"%1$s كغم","few":"%1$s كغم","many":"%1$s كغم","other":"%1$s كغم"},"metric-ton":{"_name":"ط/م","zero":"%1$s ط/م","one":"%1$s ط/م","two":"%1$s ط/م","few":"%1$s ط/م","many":"%1$s ط/م","other":"%1$s ط/م"},"microgram":{"_name":"مكغم","zero":"%1$s مكغم","one":"%1$s مكغم","two":"%1$s مكغم","few":"%1$s مكغم","many":"%1$s مكغم","other":"%1$s مكغم"},"milligram":{"_name":"مغم","zero":"%1$s مغم","one":"%1$s مغم","two":"%1$s مغم","few":"%1$s مغم","many":"%1$s مغم","other":"%1$s مغم"},"ounce":{"_name":"أونصة","zero":"%1$s أونس","one":"%1$s أونس","two":"%1$s أونس","few":"%1$s أونس","many":"%1$s أونس","other":"%1$s أونس"},"ounce-troy":{"_name":"أونصة ترويسية","zero":"%1$s أونصات ترويسية","one":"%1$s أونصة ترويسية","two":"أونصتان ترويسيتان","few":"%1$s أونصات ترويسية","many":"%1$s أونصة ترويسية","other":"%1$s أونصات ترويسية"},"pound":{"_name":"رطل","zero":"%1$s رطل","one":"%1$s رطل","two":"%1$s رطل","few":"%1$s رطل","many":"%1$s رطل","other":"%1$s رطل"},"stone":{"_name":"st","other":"%1$s st"},"ton":{"_name":"طن","zero":"%1$s طن","one":"%1$s طن","two":"%1$s طن","few":"%1$s طن","many":"%1$s طن","other":"%1$s طن"}},"power":{"gigawatt":{"_name":"غ واط","zero":"%1$s غ واط","one":"%1$s غ واط","two":"%1$s غ واط","few":"%1$s غ واط","many":"%1$s غ واط","other":"%1$s غ واط"},"horsepower":{"_name":"قوة حصان","zero":"%1$s قوة حصان","one":"%1$s قوة حصان","two":"%1$s قوة حصان","few":"%1$s قوة حصان","many":"%1$s قوة حصان","other":"%1$s قوة حصان"},"kilowatt":{"_name":"ك واط","zero":"%1$s كيلوواط","one":"%1$s كيلوواط","two":"%1$s كيلوواط","few":"%1$s كيلوواط","many":"%1$s كيلوواط","other":"%1$s كيلوواط"},"megawatt":{"_name":"م واط","zero":"%1$s م واط","one":"%1$s م واط","two":"%1$s م واط","few":"%1$s م واط","many":"%1$s م واط","other":"%1$s م واط"},"milliwatt":{"_name":"مللي واط","zero":"%1$s مللي واط","one":"%1$s مللي واط","two":"%1$s مللي واط","few":"%1$s مللي واط","many":"%1$s مللي واط","other":"%1$s مللي واط"},"watt":{"_name":"واط","zero":"%1$s واط","one":"%1$s واط","two":"%1$s واط","few":"%1$s واط","many":"%1$s واط","other":"%1$s واط"}},"pressure":{"hectopascal":{"_name":"هكتوباسكال","zero":"%1$s هكتوباسكال","one":"%1$s هكتوباسكال","two":"%1$s هكتوباسكال","few":"%1$s هكتوباسكال","many":"%1$s هكتوباسكال","other":"%1$s هكتوباسكال"},"inch-hg":{"_name":"بوصة زئبقية","zero":"%1$s بوصة زئبقية","one":"%1$s بوصة زئبقية","two":"%1$s بوصة زئبقية","few":"%1$s بوصة زئبقية","many":"%1$s بوصة زئبقية","other":"%1$s بوصة زئبقية"},"millibar":{"_name":"مللي بار","zero":"%1$s مللي بار","one":"%1$s مللي بار","two":"%1$s مللي بار","few":"%1$s مللي بار","many":"%1$s مللي بار","other":"%1$s مللي بار"},"millimeter-of-mercury":{"_name":"ملم زئبقي","zero":"%1$s ملم زئبقي","one":"%1$s ملم زئبقي","two":"%1$s ملم زئبقي","few":"%1$s ملم زئبقي","many":"%1$s ملم زئبقي","other":"%1$s ملم زئبقي"},"pound-per-square-inch":{"_name":"رطل/بوصة مربعة","zero":"%1$s رطل/بوصة مربعة","one":"%1$s رطل/بوصة مربعة","two":"%1$s رطل/بوصة مربعة","few":"%1$s رطل/بوصة مربعة","many":"%1$s رطل/بوصة مربعة","other":"%1$s رطل/بوصة مربعة"}},"proportion":{"karat":{"_name":"قيراط","zero":"%1$s قيراط","one":"%1$s قيراط","two":"%1$s قيراط","few":"%1$s قيراط","many":"%1$s قيراط","other":"%1$s قيراط"}},"speed":{"kilometer-per-hour":{"_name":"كم/س","zero":"%1$s كم/س","one":"%1$s كم/س","two":"%1$s كم/س","few":"%1$s كم/س","many":"%1$s كم/س","other":"%1$s كم/س"},"meter-per-second":{"_name":"م/ث","zero":"%1$s م/ث","one":"%1$s م/ث","two":"%1$s م/ث","few":"%1$s م/ث","many":"%1$s م/ث","other":"%1$s م/ث"},"mile-per-hour":{"_name":"ميل/س","zero":"%1$s ميل/س","one":"%1$s ميل/س","two":"%1$s ميل/س","few":"%1$s ميل/س","many":"%1$s ميل/س","other":"%1$s ميل/س"}},"temperature":{"celsius":{"_name":"درجة مئوية","zero":"%1$s°م","one":"%1$s°م","two":"%1$s°م","few":"%1$s°م","many":"%1$s°م","other":"%1$s°م"},"fahrenheit":{"_name":"درجة فهرنهايت","zero":"%1$s°ف","one":"%1$s°ف","two":"%1$s°ف","few":"%1$s°ف","many":"%1$s°ف","other":"%1$s°ف"},"generic":{"_name":"°","other":"%1$s°"},"kelvin":{"_name":"د كلفن","zero":"%1$s د كلفن","one":"%1$s د كلفن","two":"%1$s د كلفن","few":"%1$s د كلفن","many":"%1$s د كلفن","other":"%1$s د كلفن"}},"volume":{"acre-foot":{"_name":"فدان قدم","zero":"%1$s فدان قدم","one":"%1$s فدان قدم","two":"%1$s فدان قدم","few":"%1$s فدان قدم","many":"%1$s فدان قدم","other":"%1$s فدان قدم"},"bushel":{"_name":"bu","other":"%1$s bu"},"centiliter":{"_name":"سنتيلتر","zero":"%1$s سنتيلتر","one":"%1$s سنتيلتر","two":"%1$s سنتيلتر","few":"%1$s سنتيلتر","many":"%1$s سنتيلتر","other":"%1$s سنتيلتر"},"cubic-centimeter":{"_name":"سم³","zero":"%1$s سم³","one":"%1$s سم³","two":"%1$s سم³","few":"%1$s سم³","many":"%1$s سم³","other":"%1$s سم³"},"cubic-foot":{"_name":"قدم مكعبة","zero":"%1$s من الأقدام المكعبة","one":"%1$s قدم مكعبة","two":"قدمان مكعبان","few":"%1$s أقدام مكعبة","many":"%1$s قدمًا مكعبًا","other":"%1$s من الأقدام المكعبة"},"cubic-inch":{"_name":"بوصة مكعبة","zero":"%1$s بوصة مكعبة","one":"%1$s بوصة مكعبة","two":"%1$s بوصة مكعبة","few":"%1$s بوصة مكعبة","many":"%1$s بوصة مكعبة","other":"%1$s بوصة مكعبة"},"cubic-kilometer":{"_name":"كم³","zero":"%1$s كم³","one":"%1$s كم³","two":"%1$s كم³","few":"%1$s كم³","many":"%1$s كم³","other":"%1$s كم³"},"cubic-meter":{"_name":"م³","zero":"%1$s م³","one":"%1$s م³","two":"%1$s م³","few":"%1$s م³","many":"%1$s م³","other":"%1$s م³"},"cubic-mile":{"_name":"ميل مكعب","zero":"%1$s ميل مكعب","one":"%1$s ميل مكعب","two":"%1$s ميل مكعب","few":"%1$s ميل مكعب","many":"%1$s ميل مكعب","other":"%1$s ميل مكعب"},"cubic-yard":{"_name":"ياردة مكعبة","zero":"%1$s ياردة مكعبة","one":"%1$s ياردة مكعبة","two":"%1$s ياردة مكعبة","few":"%1$s ياردة مكعبة","many":"%1$s ياردة مكعبة","other":"%1$s ياردة مكعبة"},"cup":{"_name":"كوب","zero":"%1$s من الأكواب","one":"%1$s كوب","two":"كوبان","few":"%1$s أكواب","many":"%1$s كوبًا","other":"%1$s من الأكواب"},"deciliter":{"_name":"ديسيلتر","zero":"%1$s ديسيلتر","one":"%1$s ديسيلتر","two":"%1$s ديسيلتر","few":"%1$s ديسيلتر","many":"%1$s ديسيلتر","other":"%1$s ديسيلتر"},"fluid-ounce":{"_name":"أونصة سائلة","zero":"%1$s من الأونصات السائلة","one":"%1$s أونصة سائلة","two":"أونصتان سائلتان","few":"%1$s أونصات سائلة","many":"%1$s أونصة سائلة","other":"%1$s من الأونصات السائلة"},"gallon":{"_name":"غالون","zero":"%1$s من الغالونات","one":"%1$s غالون","two":"غالونان","few":"%1$s غالونات","many":"%1$s غالونًا","other":"%1$s من الغالونات"},"hectoliter":{"_name":"هكتولتر","zero":"%1$s هكتولتر","one":"%1$s هكتولتر","two":"%1$s هكتولتر","few":"%1$s هكتولتر","many":"%1$s هكتولتر","other":"%1$s هكتولتر"},"liter":{"_name":"لتر","zero":"%1$s من اللترات","one":"%1$s لتر","two":"لتران (%1$s)","few":"%1$s لترات","many":"%1$s لترًا","other":"%1$s من اللترات"},"megaliter":{"_name":"ميغالتر","zero":"%1$s ميغالتر","one":"%1$s ميغالتر","two":"%1$s ميغالتر","few":"%1$s ميغالتر","many":"%1$s ميغالتر","other":"%1$s ميغالتر"},"milliliter":{"_name":"ملتر","zero":"%1$s ملتر","one":"%1$s ملتر","two":"%1$s ملتر","few":"%1$s ملتر","many":"%1$s ملتر","other":"%1$s ملتر"},"pint":{"_name":"باينت","zero":"%1$s باينت","one":"%1$s باينت","two":"%1$s باينت","few":"%1$s باينت","many":"%1$s باينت","other":"%1$s باينت"},"quart":{"_name":"ربع غالون","zero":"%1$s من أرباع الغالون","one":"%1$s ربع غالون","two":"نصف غالون","few":"%1$s أرباع غالون","many":"%1$s ربع غالون","other":"%1$s من أرباع الغالون"},"tablespoon":{"_name":"ملعقة المائدة","zero":"%1$s من ملاعق المائدة","one":"%1$s ملعقة مائدة","two":"ملعقتا مائدة","few":"%1$s ملاعق مائدة","many":"%1$s ملعقة مائدة","other":"%1$s من ملاعق المائدة"},"teaspoon":{"_name":"ملعقة شاي","zero":"%1$s من ملاعق الشاي","one":"%1$s ملعقة شاي","two":"ملعقتا شاي","few":"%1$s ملاعق شاي","many":"%1$s ملعقة شاي","other":"%1$s من ملاعق الشاي"}}},"narrow":{"_compoundPattern":"%1$s/%2$s","acceleration":{"g-force":{"_name":"قوة تسارع","zero":"%1$s قوة تسارع","one":"%1$s قوة تسارع","two":"%1$s قوة تسارع","few":"%1$s قوة تسارع","many":"%1$s قوة تسارع","other":"%1$s قوة تسارع"},"meter-per-second-squared":{"_name":"م/ث²","zero":"%1$s م/ث²","one":"%1$s م/ث²","two":"%1$s م/ث²","few":"%1$s م/ث²","many":"%1$s م/ث²","other":"%1$s م/ث²"}},"angle":{"arc-minute":{"_name":"دقيقة قوسية","zero":"%1$s′","one":"%1$s دقيقة","two":"%1$s′","few":"%1$s دقائق","many":"%1$s دقيقة","other":"%1$s′"},"arc-second":{"_name":"ثانية قوسية","zero":"%1$s″","one":"%1$s″","two":"%1$s″","few":"%1$s″","many":"%1$s″","other":"%1$s″"},"degree":{"_name":"درجة","zero":"%1$s درجة","one":"%1$s درجة","two":"درجتان (%1$s)","few":"%1$s درجات","many":"%1$s درجة","other":"%1$s درجة"},"radian":{"_name":"راديان","zero":"%1$s راديان","one":"%1$s راديان","two":"%1$s راديان","few":"%1$s راديان","many":"%1$s راديان","other":"%1$s راديان"}},"area":{"acre":{"_name":"فدان","zero":"%1$s من الفدادين","one":"%1$s فدان","two":"فدانان (%1$s)","few":"%1$s فدادين","many":"%1$s فدانًا","other":"%1$s من الفدادين"},"hectare":{"_name":"هكتار","zero":"%1$s هكت","one":"%1$s هكتار","two":"%1$s هكت","few":"%1$s هكتارات","many":"%1$s هكتارًا","other":"%1$s هكت"},"square-centimeter":{"_name":"سم ²","zero":"%1$s سم ²","one":"%1$s سم ²","two":"%1$s سم ²","few":"%1$s سم ²","many":"%1$s سم ²","other":"%1$s سم ²"},"square-foot":{"_name":"قدم مربعة","zero":"%1$sft²","one":"%1$sft²","two":"%1$sft²","few":"%1$sft²","many":"%1$sft²","other":"%1$sft²"},"square-inch":{"_name":"بوصة مربعة","zero":"%1$s بوصة مربعة","one":"%1$s بوصة مربعة","two":"%1$s بوصة مربعة","few":"%1$s بوصة مربعة","many":"%1$s بوصة مربعة","other":"%1$s بوصة مربعة"},"square-kilometer":{"_name":"كم²","zero":"%1$s كم²","one":"%1$s كم²","two":"%1$s كم²","few":"%1$s كم²","many":"%1$s كم²","other":"%1$s كم²"},"square-meter":{"_name":"م²","zero":"%1$s م²","one":"%1$s م²","two":"%1$s م²","few":"%1$s م²","many":"%1$s م²","other":"%1$s م²"},"square-mile":{"_name":"ميل مربع","zero":"%1$s ميل مربع","one":"%1$s ميل مربع","two":"%1$s ميل مربع","few":"%1$s ميل مربع","many":"%1$s ميل مربع","other":"%1$s ميل مربع"},"square-yard":{"_name":"ياردة مربعة","zero":"%1$s ياردة مربعة","one":"%1$s ياردة مربعة","two":"%1$s ياردة مربعة","few":"%1$s ياردة مربعة","many":"%1$s ياردة مربعة","other":"%1$s ياردة مربعة"}},"consumption":{"liter-per-kilometer":{"_name":"لتر/كم","zero":"%1$s لتر/كم","one":"%1$s لتر/كم","two":"%1$s لتر/كم","few":"%1$s لتر/كم","many":"%1$s لتر/كم","other":"%1$s لتر/كم"},"mile-per-gallon":{"_name":"ميل/غالون","zero":"%1$s ميل/غالون","one":"%1$s ميل/غالون","two":"%1$s ميل/غالون","few":"%1$s ميل/غالون","many":"%1$s ميل/غالون","other":"%1$s ميل/غالون"}},"digital":{"bit":{"_name":"بت","zero":"%1$s بت","one":"%1$s بت","two":"%1$s بت","few":"%1$s بت","many":"%1$s بت","other":"%1$s بت"},"byte":{"_name":"بايت","zero":"%1$s بايت","one":"%1$s بايت","two":"%1$s بايت","few":"%1$s بايت","many":"%1$s بايت","other":"%1$s بايت"},"gigabit":{"_name":"غيغابت","zero":"%1$s غيغابت","one":"%1$s غيغابت","two":"%1$s غيغابت","few":"%1$s غيغابت","many":"%1$s غيغابت","other":"%1$s غيغابت"},"gigabyte":{"_name":"غيغابايت","zero":"%1$s غيغابايت","one":"%1$s غيغابايت","two":"%1$s غيغابايت","few":"%1$s غيغابايت","many":"%1$s غيغابايت","other":"%1$s غيغابايت"},"kilobit":{"_name":"كيلوبت","zero":"%1$s كيلوبت","one":"%1$s كيلوبت","two":"%1$s كيلوبت","few":"%1$s كيلوبت","many":"%1$s كيلوبت","other":"%1$s كيلوبت"},"kilobyte":{"_name":"كيلوبايت","zero":"%1$s كيلوبايت","one":"%1$s كيلوبايت","two":"%1$s كيلوبايت","few":"%1$s كيلوبايت","many":"%1$s كيلوبايت","other":"%1$s كيلوبايت"},"megabit":{"_name":"ميغابت","zero":"%1$s ميغابت","one":"%1$s ميغابت","two":"%1$s ميغابت","few":"%1$s ميغابت","many":"%1$s ميغابت","other":"%1$s ميغابت"},"megabyte":{"_name":"ميغابايت","zero":"%1$s ميغابايت","one":"%1$s ميغابايت","two":"%1$s ميغابايت","few":"%1$s ميغابايت","many":"%1$s ميغابايت","other":"%1$s ميغابايت"},"terabit":{"_name":"تيرابت","zero":"%1$s تيرابت","one":"%1$s تيرابت","two":"%1$s تيرابت","few":"%1$s تيرابت","many":"%1$s تيرابت","other":"%1$s تيرابت"},"terabyte":{"_name":"تيرابايت","zero":"%1$s تيرابايت","one":"%1$s تيرابايت","two":"%1$s تيرابايت","few":"%1$s تيرابايت","many":"%1$s تيرابايت","other":"%1$s تيرابايت"}},"duration":{"day":{"_name":"يوم","zero":"%1$s يوم","one":"%1$s يوم","two":"%1$s يوم","few":"%1$s يوم","many":"%1$s يوم","other":"%1$s يوم"},"hour":{"_name":"ساعة","zero":"%1$s س","one":"%1$s س","two":"%1$s س","few":"%1$s س","many":"%1$s س","other":"%1$s س","_per":"%1$s/س"},"microsecond":{"_name":"م.ث.","zero":"%1$s م.ث.","one":"%1$s م.ث.","two":"%1$s م.ث.","few":"%1$s م.ث.","many":"%1$s م.ث.","other":"%1$s م.ث."},"millisecond":{"_name":"مللي ثانية","zero":"%1$s مللي ث.","one":"%1$s مللي ث.","two":"%1$s مللي ث.","few":"%1$s مللي ث.","many":"%1$s مللي ث.","other":"%1$s مللي ث."},"minute":{"_name":"د","zero":"%1$s د","one":"%1$s د","two":"%1$s د","few":"%1$s د","many":"%1$s د","other":"%1$s د"},"month":{"_name":"شهر","zero":"%1$s شهر","one":"%1$s شهر","two":"%1$s شهر","few":"%1$s شهر","many":"%1$s شهر","other":"%1$s شهر"},"nanosecond":{"_name":"ن.ث.","zero":"%1$s ن.ث.","one":"%1$s ن.ث.","two":"%1$s ن.ث.","few":"%1$s ن.ث.","many":"%1$s ن.ث.","other":"%1$s ن.ث."},"second":{"_name":"ث","zero":"%1$s ث","one":"%1$s ث","two":"%1$s ث","few":"%1$s ث","many":"%1$s ث","other":"%1$s ث","_per":"%1$s/ث"},"week":{"_name":"أسبوع","zero":"%1$s أسبوع","one":"%1$s أسبوع","two":"%1$s أسبوع","few":"%1$s أسبوع","many":"%1$s أسبوع","other":"%1$s أسبوع"},"year":{"_name":"سنة","zero":"%1$s سنة","one":"%1$s سنة","two":"%1$s سنة","few":"%1$s سنة","many":"%1$s سنة","other":"%1$s سنة"}},"electric":{"ampere":{"_name":"أمبير","zero":"%1$s أمبير","one":"%1$s أمبير","two":"%1$s أمبير","few":"%1$s أمبير","many":"%1$s أمبير","other":"%1$s أمبير"},"milliampere":{"_name":"مللي أمبير","zero":"%1$s مللي أمبير","one":"%1$s مللي أمبير","two":"%1$s مللي أمبير","few":"%1$s مللي أمبير","many":"%1$s مللي أمبير","other":"%1$s مللي أمبير"},"ohm":{"_name":"أوم","zero":"%1$s أوم","one":"%1$s أوم","two":"%1$s أوم","few":"%1$s أوم","many":"%1$s أوم","other":"%1$s أوم"},"volt":{"_name":"فولت","zero":"%1$s فولت","one":"%1$s فولت","two":"%1$s فولت","few":"%1$s فولت","many":"%1$s فولت","other":"%1$s فولت"}},"energy":{"calorie":{"_name":"كالوري","zero":"%1$s كالوري","one":"%1$s كالوري","two":"%1$s كالوري","few":"%1$s كالوري","many":"%1$s كالوري","other":"%1$s كالوري"},"foodcalorie":{"_name":"كالوري","zero":"%1$s كالوري","one":"%1$s كالوري","two":"%1$s كالوري","few":"%1$s كالوري","many":"%1$s كالوري","other":"%1$s كالوري"},"joule":{"_name":"جول","zero":"%1$s جول","one":"%1$s جول","two":"%1$s جول","few":"%1$s جول","many":"%1$s جول","other":"%1$s جول"},"kilocalorie":{"_name":"ك كالوري","zero":"%1$s ك كالوري","one":"%1$s ك كالوري","two":"%1$s ك كالوري","few":"%1$s ك كالوري","many":"%1$s ك كالوري","other":"%1$s ك كالوري"},"kilojoule":{"_name":"ك جول","zero":"%1$s ك جول","one":"%1$s ك جول","two":"%1$s ك جول","few":"%1$s ك جول","many":"%1$s ك جول","other":"%1$s ك جول"},"kilowatt-hour":{"_name":"ك.و.س","zero":"%1$s ك.و.س","one":"%1$s ك.و.س","two":"%1$s ك.و.س","few":"%1$s ك.و.س","many":"%1$s ك.و.س","other":"%1$s ك.و.س"}},"frequency":{"gigahertz":{"_name":"غ هرتز","zero":"%1$s غ هرتز","one":"%1$s غ هرتز","two":"%1$s غ هرتز","few":"%1$s غ هرتز","many":"%1$s غ هرتز","other":"%1$s غ هرتز"},"hertz":{"_name":"هرتز","zero":"%1$s هرتز","one":"%1$s هرتز","two":"%1$s هرتز","few":"%1$s هرتز","many":"%1$s هرتز","other":"%1$s هرتز"},"kilohertz":{"_name":"ك هرتز","zero":"%1$s ك هرتز","one":"%1$s ك هرتز","two":"%1$s ك هرتز","few":"%1$s ك هرتز","many":"%1$s ك هرتز","other":"%1$s ك هرتز"},"megahertz":{"_name":"م هرتز","zero":"%1$s م هرتز","one":"%1$s م هرتز","two":"%1$s م هرتز","few":"%1$s م هرتز","many":"%1$s م هرتز","other":"%1$s م هرتز"}},"length":{"astronomical-unit":{"_name":"و.ف.","zero":"%1$s و.ف.","one":"%1$s و.ف.","two":"%1$s و.ف.","few":"%1$s و.ف.","many":"%1$s و.ف.","other":"%1$s و.ف."},"centimeter":{"_name":"سم","zero":"%1$s سم","one":"%1$s سم","two":"%1$s سم","few":"%1$s سم","many":"%1$s سم","other":"%1$s سم"},"decimeter":{"_name":"دسم","zero":"%1$s دسم","one":"%1$s دسم","two":"%1$s دسم","few":"%1$s دسم","many":"%1$s دسم","other":"%1$s دسم"},"fathom":{"_name":"fm","other":"%1$s fm"},"foot":{"_name":"قدم","zero":"%1$s من الأقدام","one":"%1$s قدم","two":"قدمان (%1$s)","few":"%1$s أقدام","many":"%1$s قدمًا","other":"%1$s من الأقدام"},"furlong":{"_name":"fur","other":"%1$s fur"},"inch":{"_name":"بوصة","zero":"%1$s بوصة","one":"%1$s بوصة","two":"%1$s بوصة","few":"%1$s بوصة","many":"%1$s بوصة","other":"%1$s بوصة"},"kilometer":{"_name":"كم","zero":"%1$s كم","one":"%1$s كم","two":"%1$s كم","few":"%1$s كم","many":"%1$s كم","other":"%1$s كم"},"light-year":{"_name":"سنة ضوئية","zero":"%1$sس ض","one":"%1$s س ض","two":"%1$s س ض","few":"%1$s س ض","many":"%1$s س ض","other":"%1$s س ض"},"meter":{"_name":"متر","zero":"%1$s من الأمتار","one":"%1$s متر","two":"متران (%1$s)","few":"%1$s أمتار","many":"%1$s مترًا","other":"%1$s من الأمتار"},"micrometer":{"_name":"ميكرومتر","zero":"%1$s ميكرومتر","one":"%1$s ميكرومتر","two":"%1$s ميكرومتر","few":"%1$s ميكرومتر","many":"%1$s ميكرومتر","other":"%1$s ميكرومتر"},"mile":{"_name":"ميل","zero":"%1$s من الأميال","one":"%1$s ميل","two":"ميلان (%1$s)","few":"%1$s أميال","many":"%1$s ميلاً","other":"%1$s من الأميال"},"millimeter":{"_name":"مم","zero":"%1$s ملم","one":"%1$s ملم","two":"%1$s ملم","few":"%1$s ملم","many":"%1$s ملم","other":"%1$s ملم"},"nanometer":{"_name":"نانو متر","zero":"%1$s نانو متر","one":"%1$s نانو متر","two":"%1$s نانو متر","few":"%1$s نانو متر","many":"%1$s نانو متر","other":"%1$s نانو متر"},"nautical-mile":{"_name":"ميل بحري","zero":"%1$s من الأميال البحرية","one":"%1$s من الأميال البحرية","two":"%1$s من الأميال البحرية","few":"%1$s من الأميال البحرية","many":"%1$s من الأميال البحرية","other":"%1$s من الأميال البحرية"},"parsec":{"_name":"فرسخ فلكي","zero":"%1$s من الفراسخ الفلكية","one":"%1$s من الفراسخ الفلكية","two":"%1$s من الفراسخ الفلكية","few":"%1$s من الفراسخ الفلكية","many":"%1$s من الفراسخ الفلكية","other":"%1$s من الفراسخ الفلكية"},"picometer":{"_name":"بيكومتر","zero":"%1$s بيكومتر","one":"%1$s بيكومتر","two":"%1$s بيكومتر","few":"%1$s بيكومتر","many":"%1$s بيكومتر","other":"%1$s بيكومتر"},"yard":{"_name":"ياردة","zero":"%1$s من الياردات","one":"%1$s ياردة","two":"ياردتان (%1$s)","few":"%1$s ياردات","many":"%1$s ياردة","other":"%1$s من الياردات"}},"light":{"lux":{"_name":"لكس","zero":"%1$s لكس","one":"%1$s لكس","two":"%1$s لكس","few":"%1$s لكس","many":"%1$s لكس","other":"%1$s لكس"}},"mass":{"carat":{"_name":"قيراط","zero":"%1$s قيراط","one":"%1$s قيراط","two":"%1$s قيراط","few":"%1$s قيراط","many":"%1$s قيراط","other":"%1$s قيراط"},"gram":{"_name":"غ","zero":"%1$s غ","one":"%1$s غرام","two":"غرامان (%1$s)","few":"%1$s غرامات","many":"%1$s غرامًا","other":"%1$sغ"},"kilogram":{"_name":"كغم","zero":"%1$s كغم","one":"%1$s كغم","two":"%1$s كغم","few":"%1$s كغم","many":"%1$s كغم","other":"%1$s كغم"},"metric-ton":{"_name":"ط/م","zero":"%1$s ط/م","one":"%1$s ط/م","two":"%1$s ط/م","few":"%1$s ط/م","many":"%1$s ط/م","other":"%1$s ط/م"},"microgram":{"_name":"مكغم","zero":"%1$s مكغم","one":"%1$s مكغم","two":"%1$s مكغم","few":"%1$s مكغم","many":"%1$s مكغم","other":"%1$s مكغم"},"milligram":{"_name":"مغم","zero":"%1$s مغم","one":"%1$s مغم","two":"%1$s مغم","few":"%1$s مغم","many":"%1$s مغم","other":"%1$s مغم"},"ounce":{"_name":"أونصة","zero":"%1$s أونس","one":"%1$s أونس","two":"%1$s أونس","few":"%1$s أونس","many":"%1$s أونس","other":"%1$s أونس"},"ounce-troy":{"_name":"أونصة ترويسية","zero":"%1$s أونصات ترويسية","one":"%1$s أونصات ترويسية","two":"%1$s أونصات ترويسية","few":"%1$s أونصات ترويسية","many":"%1$s أونصات ترويسية","other":"%1$s أونصات ترويسية"},"pound":{"_name":"رطل","zero":"%1$s#","one":"%1$s#","two":"%1$s#","few":"%1$s#","many":"%1$s#","other":"%1$s#"},"stone":{"_name":"st","other":"%1$s st"},"ton":{"_name":"طن","zero":"%1$s طن","one":"%1$s طن","two":"%1$s طن","few":"%1$s طن","many":"%1$s طن","other":"%1$s طن"}},"power":{"gigawatt":{"_name":"غ واط","zero":"%1$s غ واط","one":"%1$s غ واط","two":"%1$s غ واط","few":"%1$s غ واط","many":"%1$s غ واط","other":"%1$s غ واط"},"horsepower":{"_name":"قوة حصان","zero":"%1$s قوة حصان","one":"%1$s قوة حصان","two":"%1$s قوة حصان","few":"%1$s قوة حصان","many":"%1$s قوة حصان","other":"%1$s قوة حصان"},"kilowatt":{"_name":"ك واط","zero":"%1$s كواط","one":"%1$s كواط","two":"%1$s كواط","few":"%1$s كواط","many":"%1$s كواط","other":"%1$s كواط"},"megawatt":{"_name":"م واط","zero":"%1$s م واط","one":"%1$s م واط","two":"%1$s م واط","few":"%1$s م واط","many":"%1$s م واط","other":"%1$s م واط"},"milliwatt":{"_name":"مللي واط","zero":"%1$s مللي واط","one":"%1$s مللي واط","two":"%1$s مللي واط","few":"%1$s مللي واط","many":"%1$s مللي واط","other":"%1$s مللي واط"},"watt":{"_name":"واط","zero":"%1$s واط","one":"%1$s واط","two":"%1$s واط","few":"%1$s واط","many":"%1$s واط","other":"%1$s واط"}},"pressure":{"hectopascal":{"_name":"هكتوباسكال","zero":"%1$s هكب","one":"%1$s هكب","two":"%1$s هكب","few":"%1$s هكب","many":"%1$s هكب","other":"%1$s هكب"},"inch-hg":{"_name":"بوصة زئبقية","zero":"%1$s ب ز","one":"%1$s ب ز","two":"%1$s ب ز","few":"%1$s ب ز","many":"%1$s ب ز","other":"%1$s ب ز"},"millibar":{"_name":"مللي بار","zero":"%1$s مللي بار","one":"%1$s مللي بار","two":"%1$s مللي بار","few":"%1$s مللي بار","many":"%1$s مللي بار","other":"%1$s مللي بار"},"millimeter-of-mercury":{"_name":"ملم زئبقي","zero":"%1$s ملم زئبقي","one":"%1$s ملم زئبقي","two":"%1$s ملم زئبقي","few":"%1$s ملم زئبقي","many":"%1$s ملم زئبقي","other":"%1$s ملم زئبقي"},"pound-per-square-inch":{"_name":"رطل/بوصة مربعة","zero":"%1$s رطل/بوصة مربعة","one":"%1$s رطل/بوصة مربعة","two":"%1$s رطل/بوصة مربعة","few":"%1$s رطل/بوصة مربعة","many":"%1$s رطل/بوصة مربعة","other":"%1$s رطل/بوصة مربعة"}},"proportion":{"karat":{"_name":"قيراط","zero":"%1$s قيراط","one":"%1$s قيراط","two":"%1$s قيراط","few":"%1$s قيراط","many":"%1$s قيراط","other":"%1$s قيراط"}},"speed":{"kilometer-per-hour":{"_name":"كم/س","zero":"%1$s كم/س","one":"%1$s كم/س","two":"%1$s كم/س","few":"%1$s كم/س","many":"%1$s كم/س","other":"%1$s كم/س"},"meter-per-second":{"_name":"م/ث","zero":"%1$s م/ث","one":"%1$s م/ث","two":"%1$s م/ث","few":"%1$s م/ث","many":"%1$s م/ث","other":"%1$s م/ث"},"mile-per-hour":{"_name":"ميل/س","zero":"%1$s ميل/س","one":"%1$s ميل/س","two":"%1$s ميل/س","few":"%1$s ميل/س","many":"%1$s ميل/س","other":"%1$s ميل/س"}},"temperature":{"celsius":{"_name":"°م","zero":"%1$s°م","one":"%1$s°م","two":"%1$s°م","few":"%1$s°م","many":"%1$s°م","other":"%1$s°م"},"fahrenheit":{"_name":"درجة فهرنهايت","zero":"%1$s د ف","one":"%1$s د ف","two":"%1$s د ف","few":"%1$s د ف","many":"%1$s د ف","other":"%1$s د ف"},"generic":{"_name":"°","other":"%1$s°"},"kelvin":{"_name":"د كلفن","zero":"%1$s د كلفن","one":"%1$s د كلفن","two":"%1$s د كلفن","few":"%1$s د كلفن","many":"%1$s د كلفن","other":"%1$s د كلفن"}},"volume":{"acre-foot":{"_name":"فدان قدم","zero":"%1$s فدان قدم","one":"%1$s فدان قدم","two":"%1$s فدان قدم","few":"%1$s فدان قدم","many":"%1$s فدان قدم","other":"%1$s فدان قدم"},"bushel":{"_name":"bu","other":"%1$s bu"},"centiliter":{"_name":"سنتيلتر","zero":"%1$s سنتيلتر","one":"%1$s سنتيلتر","two":"%1$s سنتيلتر","few":"%1$s سنتيلتر","many":"%1$s سنتيلتر","other":"%1$s سنتيلتر"},"cubic-centimeter":{"_name":"سم³","zero":"%1$s سم³","one":"%1$s سم³","two":"%1$s سم³","few":"%1$s سم³","many":"%1$s سم³","other":"%1$s سم³"},"cubic-foot":{"_name":"قدم مكعبة","zero":"%1$s من الأقدام المكعبة","one":"%1$s من الأقدام المكعبة","two":"%1$s من الأقدام المكعبة","few":"%1$s من الأقدام المكعبة","many":"%1$s من الأقدام المكعبة","other":"%1$s من الأقدام المكعبة"},"cubic-inch":{"_name":"بوصة مكعبة","zero":"%1$s بوصة مكعبة","one":"%1$s بوصة مكعبة","two":"%1$s بوصة مكعبة","few":"%1$s بوصة مكعبة","many":"%1$s بوصة مكعبة","other":"%1$s بوصة مكعبة"},"cubic-kilometer":{"_name":"كم³","zero":"%1$s كم³","one":"%1$s كم³","two":"%1$s كم³","few":"%1$s كم³","many":"%1$s كم³","other":"%1$s كم³"},"cubic-meter":{"_name":"م³","zero":"%1$s م³","one":"%1$s م³","two":"%1$s م³","few":"%1$s م³","many":"%1$s م³","other":"%1$s م³"},"cubic-mile":{"_name":"ميل مكعب","zero":"%1$s ميل مكعب","one":"%1$s ميل مكعب","two":"%1$s ميل مكعب","few":"%1$s ميل مكعب","many":"%1$s ميل مكعب","other":"%1$s ميل مكعب"},"cubic-yard":{"_name":"ياردة مكعبة","zero":"%1$s ياردة مكعبة","one":"%1$s ياردة مكعبة","two":"%1$s ياردة مكعبة","few":"%1$s ياردة مكعبة","many":"%1$s ياردة مكعبة","other":"%1$s ياردة مكعبة"},"cup":{"_name":"كوب","zero":"%1$s من الأكواب","one":"%1$s من الأكواب","two":"%1$s من الأكواب","few":"%1$s من الأكواب","many":"%1$s من الأكواب","other":"%1$s من الأكواب"},"deciliter":{"_name":"ديسيلتر","zero":"%1$s ديسيلتر","one":"%1$s ديسيلتر","two":"%1$s ديسيلتر","few":"%1$s ديسيلتر","many":"%1$s ديسيلتر","other":"%1$s ديسيلتر"},"fluid-ounce":{"_name":"أونصة سائلة","zero":"%1$s من الأونصات السائلة","one":"%1$s من الأونصات السائلة","two":"%1$s من الأونصات السائلة","few":"%1$s من الأونصات السائلة","many":"%1$s من الأونصات السائلة","other":"%1$s من الأونصات السائلة"},"gallon":{"_name":"غالون","zero":"%1$s من الغالونات","one":"%1$s من الغالونات","two":"%1$s من الغالونات","few":"%1$s من الغالونات","many":"%1$s من الغالونات","other":"%1$s من الغالونات"},"hectoliter":{"_name":"هكتولتر","zero":"%1$s هكتولتر","one":"%1$s هكتولتر","two":"%1$s هكتولتر","few":"%1$s هكتولتر","many":"%1$s هكتولتر","other":"%1$s هكتولتر"},"liter":{"_name":"لتر","zero":"%1$s ل","one":"%1$s لتر","two":"لتران (%1$s)","few":"%1$s لترات","many":"%1$s لترًا","other":"%1$s ل"},"megaliter":{"_name":"ميغالتر","zero":"%1$s ميغالتر","one":"%1$s ميغالتر","two":"%1$s ميغالتر","few":"%1$s ميغالتر","many":"%1$s ميغالتر","other":"%1$s ميغالتر"},"milliliter":{"_name":"ملتر","zero":"%1$s ملتر","one":"%1$s ملتر","two":"%1$s ملتر","few":"%1$s ملتر","many":"%1$s ملتر","other":"%1$s ملتر"},"pint":{"_name":"باينت","zero":"%1$s باينت","one":"%1$s باينت","two":"%1$s باينت","few":"%1$s باينت","many":"%1$s باينت","other":"%1$s باينت"},"quart":{"_name":"ربع غالون","zero":"%1$s من أرباع الغالون","one":"%1$s من أرباع الغالون","two":"%1$s من أرباع الغالون","few":"%1$s من أرباع الغالون","many":"%1$s من أرباع الغالون","other":"%1$s من أرباع الغالون"},"tablespoon":{"_name":"ملعقة المائدة","zero":"%1$s من ملاعق المائدة","one":"%1$s من ملاعق المائدة","two":"%1$s من ملاعق المائدة","few":"%1$s من ملاعق المائدة","many":"%1$s من ملاعق المائدة","other":"%1$s من ملاعق المائدة"},"teaspoon":{"_name":"ملعقة شاي","zero":"%1$s من ملاعق الشاي","one":"%1$s من ملاعق الشاي","two":"%1$s من ملاعق الشاي","few":"%1$s من ملاعق الشاي","many":"%1$s من ملاعق الشاي","other":"%1$s من ملاعق الشاي"}}},"_durationPattern":{"hm":"h:mm","hms":"h:mm:ss","ms":"m:ss"}}