{"months":{"format":{"abbreviated":{"1":"gen","2":"feb","3":"mar","4":"apr","5":"mag","6":"giu","7":"lug","8":"ago","9":"set","10":"ott","11":"nov","12":"dic"},"narrow":{"1":"G","2":"F","3":"M","4":"A","5":"M","6":"G","7":"L","8":"A","9":"S","10":"O","11":"N","12":"D"},"wide":{"1":"gennaio","2":"febbraio","3":"marzo","4":"aprile","5":"maggio","6":"giugno","7":"luglio","8":"agosto","9":"settembre","10":"ottobre","11":"novembre","12":"dicembre"}},"stand-alone":{"abbreviated":{"1":"gen","2":"feb","3":"mar","4":"apr","5":"mag","6":"giu","7":"lug","8":"ago","9":"set","10":"ott","11":"nov","12":"dic"},"narrow":{"1":"G","2":"F","3":"M","4":"A","5":"M","6":"G","7":"L","8":"A","9":"S","10":"O","11":"N","12":"D"},"wide":{"1":"Gennaio","2":"Febbraio","3":"Marzo","4":"Aprile","5":"Maggio","6":"Giugno","7":"Luglio","8":"Agosto","9":"Settembre","10":"Ottobre","11":"Novembre","12":"Dicembre"}}},"days":{"format":{"abbreviated":{"sun":"dom","mon":"lun","tue":"mar","wed":"mer","thu":"gio","fri":"ven","sat":"sab"},"narrow":{"sun":"D","mon":"L","tue":"M","wed":"M","thu":"G","fri":"V","sat":"S"},"short":{"sun":"dom","mon":"lun","tue":"mar","wed":"mer","thu":"gio","fri":"ven","sat":"sab"},"wide":{"sun":"domenica","mon":"lunedì","tue":"martedì","wed":"mercoledì","thu":"giovedì","fri":"venerdì","sat":"sabato"}},"stand-alone":{"abbreviated":{"sun":"dom","mon":"lun","tue":"mar","wed":"mer","thu":"gio","fri":"ven","sat":"sab"},"narrow":{"sun":"D","mon":"L","tue":"M","wed":"M","thu":"G","fri":"V","sat":"S"},"short":{"sun":"dom","mon":"lun","tue":"mar","wed":"mer","thu":"gio","fri":"ven","sat":"sab"},"wide":{"sun":"Domenica","mon":"Lunedì","tue":"Martedì","wed":"Mercoledì","thu":"Giovedì","fri":"Venerdì","sat":"Sabato"}}},"quarters":{"format":{"abbreviated":{"1":"T1","2":"T2","3":"T3","4":"T4"},"narrow":{"1":"1","2":"2","3":"3","4":"4"},"wide":{"1":"1º trimestre","2":"2º trimestre","3":"3º trimestre","4":"4º trimestre"}},"stand-alone":{"abbreviated":{"1":"T1","2":"T2","3":"T3","4":"T4"},"narrow":{"1":"1","2":"2","3":"3","4":"4"},"wide":{"1":"1º trimestre","2":"2º trimestre","3":"3º trimestre","4":"4º trimestre"}}},"dayPeriods":{"format":{"abbreviated":{"am":"AM","noon":"mezzogiorno","pm":"PM"},"narrow":{"am":"m.","noon":"n","pm":"p."},"wide":{"am":"AM","noon":"mezzogiorno","pm":"PM"}},"stand-alone":{"abbreviated":{"am":"AM","noon":"mezzogiorno","pm":"PM"},"narrow":{"am":"m.","noon":"n","pm":"p."},"wide":{"am":"AM","noon":"mezzogiorno","pm":"PM"}}},"eras":{"wide":{"0":"a.C.","0-alt-variant":"BCE","1":"d.C.","1-alt-variant":"CE"},"abbreviated":{"0":"aC","0-alt-variant":"BCE","1":"dC","1-alt-variant":"CE"},"narrow":{"0":"aC","0-alt-variant":"BCE","1":"dC","1-alt-variant":"CE"}},"dateFormats":{"full":"EEEE d MMMM y","long":"d MMMM y","medium":"dd MMM y","short":"dd/MM/yy"},"timeFormats":{"full":"HH:mm:ss zzzz","long":"HH:mm:ss z","medium":"HH:mm:ss","short":"HH:mm"},"dateTimeFormats":{"full":"%2$s %1$s","long":"%2$s %1$s","medium":"%2$s, %1$s","short":"%2$s, %1$s"}}