{"ADP":{"name":"peseta andorrana"},"AED":{"name":"dirham degli Emirati Arabi Uniti","pluralName":{"one":"dirham degli EAU","other":"dirham degli EAU"}},"AFA":{"name":"afgani (1927–2002)"},"AFN":{"name":"afghani","pluralName":{"one":"afghani","other":"afghani"}},"ALL":{"name":"lek albanese","pluralName":{"one":"lek albanese","other":"lekë albanesi"}},"AMD":{"name":"dram armeno","pluralName":{"one":"dram armeno","other":"dram armeni"}},"ANG":{"name":"fiorino delle Antille Olandesi","pluralName":{"one":"fiorino delle Antille Olandesi","other":"fiorini delle Antille Olandesi"}},"AOA":{"name":"kwanza angolano","pluralName":{"one":"kwanza angolano","other":"kwanzas angolani"},"symbolNarrow":"Kz"},"AOK":{"name":"kwanza angolano (1977–1990)"},"AON":{"name":"nuovo kwanza angolano (1990–2000)"},"AOR":{"name":"kwanza reajustado angolano (1995–1999)"},"ARA":{"name":"austral argentino"},"ARL":{"name":"ARL"},"ARM":{"name":"ARM"},"ARP":{"name":"peso argentino (vecchio Cod.)"},"ARS":{"name":"peso argentino","pluralName":{"one":"peso argentino","other":"pesos argentini"},"symbolNarrow":"$"},"ATS":{"name":"scellino austriaco"},"AUD":{"symbol":"A$","name":"dollaro australiano","pluralName":{"one":"dollaro australiano","other":"dollari australiani"},"symbolNarrow":"$"},"AWG":{"name":"fiorino di Aruba","pluralName":{"one":"fiorino di Aruba","other":"fiorini di Aruba"}},"AZM":{"name":"manat azero (1993–2006)"},"AZN":{"name":"manat azero","pluralName":{"one":"manat azero","other":"manat azeri"}},"BAD":{"name":"dinar Bosnia-Herzegovina"},"BAM":{"name":"marco conv. Bosnia-Erzegovina","pluralName":{"one":"marco bosniaco","other":"marchi bosniaci"},"symbolNarrow":"KM"},"BAN":{"name":"BAN"},"BBD":{"name":"dollaro di Barbados","pluralName":{"one":"dollaro di Barbados","other":"dollari di Barbados"},"symbolNarrow":"$"},"BDT":{"name":"taka bangladese","pluralName":{"one":"taka bengalese","other":"taka bengalesi"},"symbolNarrow":"৳"},"BEC":{"name":"franco belga (convertibile)"},"BEF":{"name":"franco belga"},"BEL":{"name":"franco belga (finanziario)"},"BGL":{"name":"lev bulgaro (1962–1999)","pluralName":{"one":"lev bulgaro (1962–1999)","other":"leva bulgari (1962–1999)"}},"BGM":{"name":"BGM"},"BGN":{"name":"lev bulgaro","pluralName":{"one":"lev bulgaro","other":"leva bulgari"}},"BGO":{"name":"BGO"},"BHD":{"name":"dinaro del Bahrein","pluralName":{"one":"dinaro del Bahrein","other":"dinari del Bahrein"}},"BIF":{"name":"franco del Burundi","pluralName":{"one":"franco del Burundi","other":"franchi del Burundi"}},"BMD":{"name":"dollaro delle Bermuda","pluralName":{"one":"dollaro delle Bermuda","other":"dollari delle Bermuda"},"symbolNarrow":"$"},"BND":{"name":"dollaro del Brunei","pluralName":{"one":"dollaro del Brunei","other":"dollari del Brunei"},"symbolNarrow":"$"},"BOB":{"name":"boliviano","pluralName":{"one":"boliviano","other":"boliviani"},"symbolNarrow":"Bs"},"BOL":{"name":"BOL"},"BOP":{"name":"peso boliviano"},"BOV":{"name":"mvdol boliviano"},"BRB":{"name":"cruzeiro novo brasiliano (1967–1986)"},"BRC":{"name":"cruzado brasiliano"},"BRE":{"name":"cruzeiro brasiliano (1990–1993)"},"BRL":{"name":"real brasiliano","pluralName":{"one":"real brasiliano","other":"real brasiliani"},"symbolNarrow":"R$"},"BRN":{"name":"cruzado novo brasiliano"},"BRR":{"name":"cruzeiro brasiliano"},"BRZ":{"name":"BRZ"},"BSD":{"name":"dollaro delle Bahamas","pluralName":{"one":"dollaro delle Bahamas","other":"dollari delle Bahamas"},"symbolNarrow":"$"},"BTN":{"name":"ngultrum butanese","pluralName":{"one":"ngultrum del Bhutan","other":"ngultrum del Bhutan"}},"BUK":{"name":"kyat birmano"},"BWP":{"name":"pula del Botswana","pluralName":{"one":"pula del Botswana","other":"pula del Botswana"},"symbolNarrow":"P"},"BYB":{"name":"nuovo rublo bielorusso (1994–1999)"},"BYR":{"name":"rublo bielorusso","pluralName":{"one":"rublo bielorusso","other":"rubli bielorussi"},"symbolNarrow":"Br"},"BZD":{"name":"dollaro del Belize","pluralName":{"one":"dollaro del Belize","other":"dollari del Belize"},"symbolNarrow":"$"},"CAD":{"symbol":"CA$","name":"dollaro canadese","pluralName":{"one":"dollaro canadese","other":"dollari canadesi"},"symbolNarrow":"$"},"CDF":{"name":"franco congolese","pluralName":{"one":"franco congolese","other":"franchi congolesi"}},"CHE":{"name":"CHE"},"CHF":{"name":"franco svizzero","pluralName":{"one":"franco svizzero","other":"franchi svizzeri"}},"CHW":{"name":"CHW"},"CLE":{"name":"CLE"},"CLF":{"name":"unidades de fomento chilene"},"CLP":{"name":"peso cileno","pluralName":{"one":"peso cileno","other":"pesos cileni"},"symbolNarrow":"$"},"CNY":{"symbol":"CN¥","name":"renminbi cinese","pluralName":{"one":"renmimbi cinese","other":"renmimbi cinesi"},"symbolNarrow":"¥"},"COP":{"name":"peso colombiano","pluralName":{"one":"peso colombiano","other":"pesos colombiani"},"symbolNarrow":"$"},"COU":{"name":"COU"},"CRC":{"name":"colón costaricano","pluralName":{"one":"colón costaricano","other":"colón costaricani"},"symbolNarrow":"₡"},"CSD":{"name":"antico dinaro serbo"},"CSK":{"name":"corona forte cecoslovacca"},"CUC":{"name":"peso cubano convertibile","pluralName":{"one":"peso cubano convertibile","other":"pesos cubani convertibili"},"symbolNarrow":"$"},"CUP":{"name":"peso cubano","pluralName":{"one":"peso cubano","other":"pesos cubani"},"symbolNarrow":"$"},"CVE":{"name":"escudo del Capo Verde","pluralName":{"one":"escudo del Capo Verde","other":"escudo del Capo Verde"}},"CYP":{"name":"sterlina cipriota"},"CZK":{"name":"corona ceca","pluralName":{"one":"corona ceca","other":"corone ceche"},"symbolNarrow":"Kč"},"DDM":{"name":"ostmark della Germania Orientale"},"DEM":{"name":"marco tedesco"},"DJF":{"name":"franco gibutiano","pluralName":{"one":"franco gibutiano","other":"franco gibutiano"}},"DKK":{"name":"corona danese","pluralName":{"one":"corona danese","other":"corone danesi"},"symbolNarrow":"kr"},"DOP":{"name":"peso dominicano","pluralName":{"one":"peso dominicano","other":"pesos dominicani"},"symbolNarrow":"$"},"DZD":{"name":"dinaro algerino","pluralName":{"one":"dinaro algerino","other":"dinari algerini"}},"ECS":{"name":"sucre dell’Ecuador"},"ECV":{"name":"unidad de valor constante (UVC) dell’Ecuador"},"EEK":{"name":"corona dell’Estonia"},"EGP":{"name":"sterlina egiziana","pluralName":{"one":"sterlina egiziana","other":"sterline egiziane"},"symbolNarrow":"E£"},"ERN":{"name":"nakfa eritreo","pluralName":{"one":"nakfa eritreo","other":"nakfa eritrei"}},"ESA":{"name":"peseta spagnola account"},"ESB":{"name":"peseta spagnola account convertibile"},"ESP":{"name":"peseta spagnola","symbolNarrow":"₧"},"ETB":{"name":"birr etiopico","pluralName":{"one":"birr etiopico","other":"birr etiopici"}},"EUR":{"symbol":"€","name":"euro","pluralName":{"one":"euro","other":"euro"},"symbolNarrow":"€"},"FIM":{"name":"markka finlandese"},"FJD":{"name":"dollaro delle Figi","pluralName":{"one":"dollaro delle Figi","other":"dollari delle Figi"},"symbolNarrow":"$"},"FKP":{"name":"sterlina delle Falkland","pluralName":{"one":"sterlina delle Falkland","other":"sterline delle Falkland"},"symbolNarrow":"£"},"FRF":{"name":"franco francese"},"GBP":{"symbol":"£","name":"sterlina inglese","pluralName":{"one":"sterlina britannica","other":"sterline britanniche"},"symbolNarrow":"£"},"GEK":{"name":"kupon larit georgiano"},"GEL":{"name":"lari georgiano","pluralName":{"one":"lari georgiano","other":"lari georgiani"}},"GHC":{"name":"cedi del Ghana"},"GHS":{"name":"cedi ghanese","pluralName":{"one":"cedi ghanese","other":"cedi ghanesi"}},"GIP":{"name":"sterlina di Gibilterra","pluralName":{"one":"sterlina di Gibilterra","other":"sterline di Gibilterra"},"symbolNarrow":"£"},"GMD":{"name":"dalasi del Gambia","pluralName":{"one":"dalasi del Gambia","other":"dalasi del Gambia"}},"GNF":{"name":"franco della Guinea","pluralName":{"one":"franco della Guinea","other":"franchi della Guinea"},"symbolNarrow":"FG"},"GNS":{"name":"syli della Guinea"},"GQE":{"name":"ekwele della Guinea Equatoriale"},"GRD":{"name":"dracma greca"},"GTQ":{"name":"quetzal guatemalteco","pluralName":{"one":"quetzal guatemalteco","other":"quetzal guatemaltechi"},"symbolNarrow":"Q"},"GWE":{"name":"escudo della Guinea portoghese"},"GWP":{"name":"peso della Guinea-Bissau"},"GYD":{"name":"dollaro della Guyana","pluralName":{"one":"dollaro della Guyana","other":"dollari della Guyana"},"symbolNarrow":"$"},"HKD":{"name":"dollaro di Hong Kong","pluralName":{"one":"dollaro di Hong Kong","other":"dollari di Hong Kong"},"symbolNarrow":"$"},"HNL":{"name":"lempira honduregna","pluralName":{"one":"lempira honduregna","other":"lempire honduregne"},"symbolNarrow":"L"},"HRD":{"name":"dinaro croato"},"HRK":{"name":"kuna croata","pluralName":{"one":"kuna croata","other":"kune croate"},"symbolNarrow":"kn"},"HTG":{"name":"gourde haitiano","pluralName":{"one":"gourde haitiano","other":"gourde haitiani"}},"HUF":{"name":"fiorino ungherese","pluralName":{"one":"fiorino ungherese","other":"fiorini ungheresi"},"symbolNarrow":"Ft"},"IDR":{"name":"rupia indonesiana","pluralName":{"one":"rupia indonesiana","other":"rupie indonesiane"},"symbolNarrow":"Rp"},"IEP":{"name":"sterlina irlandese"},"ILP":{"name":"sterlina israeliana"},"ILS":{"symbol":"₪","name":"nuovo siclo israeliano","pluralName":{"one":"nuovo siclo israeliano","other":"nuovi sicli israeliani"},"symbolNarrow":"₪"},"INR":{"symbol":"₹","name":"rupia indiana","pluralName":{"one":"rupia indiana","other":"rupie indiane"},"symbolNarrow":"₹"},"IQD":{"name":"dinaro iracheno","pluralName":{"one":"dinaro iracheno","other":"dinari iracheni"}},"IRR":{"name":"rial iraniano","pluralName":{"one":"rial iraniano","other":"rial iraniani"}},"ISK":{"name":"corona islandese","pluralName":{"one":"corona islandese","other":"corone islandesi"},"symbolNarrow":"kr"},"ITL":{"pattern":"¤ #,##0.00","decimal":",","group":".","name":"lira italiana"},"JMD":{"name":"dollaro giamaicano","pluralName":{"one":"dollaro giamaicano","other":"dollari giamaicani"},"symbolNarrow":"$"},"JOD":{"name":"dinaro giordano","pluralName":{"one":"dinaro giordano","other":"dinari giordani"}},"JPY":{"name":"yen giapponese","pluralName":{"one":"yen giapponese","other":"yen giapponesi"},"symbolNarrow":"¥"},"KES":{"name":"scellino keniota","pluralName":{"one":"scellino keniota","other":"scellini keniota"}},"KGS":{"name":"som Kirghiso","pluralName":{"one":"som Kirghiso","other":"som Kirghisi"}},"KHR":{"name":"riel cambogiano","pluralName":{"one":"riel cambogiano","other":"riel cambogiani"},"symbolNarrow":"៛"},"KMF":{"name":"franco Comoriano","pluralName":{"one":"franco Comoriano","other":"franchi Comoriani"},"symbolNarrow":"CF"},"KPW":{"name":"won nordcoreano","pluralName":{"one":"won nordcoreano","other":"won nordcoreani"},"symbolNarrow":"₩"},"KRH":{"name":"KRH"},"KRO":{"name":"KRO"},"KRW":{"name":"won sudcoreano","pluralName":{"one":"won sudcoreano","other":"won sudcoreani"},"symbolNarrow":"₩"},"KWD":{"name":"dinaro kuwaitiano","pluralName":{"one":"dinaro kuwaitiano","other":"dinari kuwaitiani"}},"KYD":{"name":"dollaro delle Isole Cayman","pluralName":{"one":"dollaro delle Isole Cayman","other":"dollari delle Isole Cayman"},"symbolNarrow":"$"},"KZT":{"name":"tenge kazako","pluralName":{"one":"tenge kazako","other":"tenge kazaki"},"symbolNarrow":"₸"},"LAK":{"name":"kip laotiano","pluralName":{"one":"kip laotiano","other":"kip laotiani"},"symbolNarrow":"₭"},"LBP":{"name":"lira libanese","pluralName":{"one":"lira libanese","other":"lire libanesi"},"symbolNarrow":"L£"},"LKR":{"name":"rupia di Sri Lanka","pluralName":{"one":"rupia singalese","other":"rupie singalesi"},"symbolNarrow":"Rs"},"LRD":{"name":"dollaro liberiano","pluralName":{"one":"dollaro liberiano","other":"dollari liberiani"},"symbolNarrow":"$"},"LSL":{"name":"loti del Lesotho"},"LTL":{"name":"litas lituano","pluralName":{"one":"litas lituano","other":"litas lituani"},"symbolNarrow":"Lt"},"LTT":{"name":"talonas lituani"},"LUC":{"name":"franco convertibile del Lussemburgo"},"LUF":{"name":"franco del Lussemburgo"},"LUL":{"name":"franco finanziario del Lussemburgo"},"LVL":{"name":"lats lettone","pluralName":{"one":"lats lettone","other":"lati lettoni"},"symbolNarrow":"Ls"},"LVR":{"name":"rublo lettone"},"LYD":{"name":"dinaro libico","pluralName":{"one":"dinaro libico","other":"dinari libici"}},"MAD":{"name":"dirham marocchino","pluralName":{"one":"dirham marocchino","other":"dirham marocchini"}},"MAF":{"name":"franco marocchino"},"MCF":{"name":"MCF"},"MDC":{"name":"MDC"},"MDL":{"name":"leu moldavo","pluralName":{"one":"leu moldavo","other":"lei moldavi"}},"MGA":{"name":"ariary malgascio","pluralName":{"one":"ariary malgascio","other":"ariary malgasci"},"symbolNarrow":"Ar"},"MGF":{"name":"franco malgascio"},"MKD":{"name":"dinaro macedone","pluralName":{"one":"denaro macedone","other":"denari macedoni"}},"MKN":{"name":"MKN"},"MLF":{"name":"franco di Mali"},"MMK":{"name":"kyat di Myanmar","pluralName":{"one":"kyat di Myanmar","other":"kyat di Myanmar"},"symbolNarrow":"K"},"MNT":{"name":"tugrik mongolo","pluralName":{"one":"tugrik mongolo","other":"tugrik mongoli"},"symbolNarrow":"₮"},"MOP":{"name":"pataca di Macao","pluralName":{"one":"pataca di Macao","other":"patacas di Macao"}},"MRO":{"name":"ouguiya della Mauritania","pluralName":{"one":"ouguiya della Mauritania","other":"ouguiya della Mauritania"}},"MTL":{"name":"lira maltese"},"MTP":{"name":"sterlina maltese"},"MUR":{"name":"rupia mauriziana","pluralName":{"one":"rupia mauriziana","other":"rupie mauriziane"},"symbolNarrow":"Rs"},"MVR":{"name":"rufiyaa delle Maldive","pluralName":{"one":"rufiyaa delle Maldive","other":"rufiyaa delle Maldive"}},"MWK":{"name":"kwacha malawiano","pluralName":{"one":"kwacha malawiano","other":"kwacha malawiani"}},"MXN":{"name":"peso messicano","pluralName":{"one":"peso messicano","other":"pesos messicani"},"symbolNarrow":"$"},"MXP":{"name":"peso messicano d’argento (1861–1992)"},"MXV":{"name":"unidad de inversion (UDI) messicana"},"MYR":{"name":"ringgit della Malesia","pluralName":{"one":"ringgit malese","other":"ringgit malesi"},"symbolNarrow":"RM"},"MZE":{"name":"escudo del Mozambico"},"MZM":{"name":"MZM"},"MZN":{"name":"metical mozambicano","pluralName":{"one":"metical mozambicano","other":"metical mozambicani"}},"NAD":{"name":"dollaro namibiano","pluralName":{"one":"dollaro namibiano","other":"dollari namibiani"},"symbolNarrow":"$"},"NGN":{"name":"naira nigeriana","pluralName":{"one":"naira nigeriana","other":"naire nigeriane"},"symbolNarrow":"₦"},"NIC":{"name":"cordoba nicaraguense","pluralName":{"one":"cordoba nicaraguense","other":"cordoba nicaraguense"}},"NIO":{"name":"córdoba nicaraguense","pluralName":{"one":"córdoba nicaraguense","other":"córdoba nicaraguensi"},"symbolNarrow":"C$"},"NLG":{"name":"fiorino olandese"},"NOK":{"name":"corona norvegese","pluralName":{"one":"corona norvegese","other":"corone norvegesi"},"symbolNarrow":"kr"},"NPR":{"name":"rupia nepalese","pluralName":{"one":"rupia nepalese","other":"rupie nepalesi"},"symbolNarrow":"Rs"},"NZD":{"symbol":"NZ$","name":"dollaro neozelandese","pluralName":{"one":"dollaro neozelandese","other":"dollari neozelandesi"},"symbolNarrow":"$"},"OMR":{"name":"rial dell’Oman","pluralName":{"one":"rial dell’Oman","other":"rial dell’Oman"}},"PAB":{"name":"balboa di Panama","pluralName":{"one":"balboa panamense","other":"balboa panamensi"}},"PEI":{"name":"inti peruviano"},"PEN":{"name":"sol nuevo peruviano","pluralName":{"one":"nuevo sol peruviano","other":"nuevos soles peruviani"}},"PES":{"name":"sol peruviano"},"PGK":{"name":"kina della Papua Nuova Guinea","pluralName":{"one":"kina papuana","other":"kina papuane"}},"PHP":{"name":"peso delle Filippine","pluralName":{"one":"peso filippino","other":"pesos filippini"},"symbolNarrow":"₱"},"PKR":{"name":"rupia del Pakistan","pluralName":{"one":"rupia pakistana","other":"rupie pakistane"},"symbolNarrow":"Rs"},"PLN":{"name":"złoty polacco","pluralName":{"one":"złoty polacco","other":"złoty polacchi"},"symbolNarrow":"zł"},"PLZ":{"name":"złoty Polacco (1950–1995)","pluralName":{"one":"złoty polacco (1950–1995)","other":"złoty polacchi (1950–1995)"}},"PTE":{"name":"escudo portoghese"},"PYG":{"name":"guaraní del Paraguay","pluralName":{"one":"guaraní paraguaiano","other":"guaraní paraguaiani"},"symbolNarrow":"₲"},"QAR":{"name":"rial del Qatar","pluralName":{"one":"rial del Qatar","other":"rial del Qatar"}},"RHD":{"name":"dollaro della Rhodesia"},"ROL":{"name":"leu della Romania"},"RON":{"name":"leu rumeno","pluralName":{"one":"leu rumeno","other":"lei rumeni"}},"RSD":{"name":"dinaro serbo","pluralName":{"one":"dinaro serbo","other":"dinara serbi"}},"RUB":{"name":"rublo russo","pluralName":{"one":"rublo russo","other":"rubli russi"},"symbolAlt":"₽"},"RUR":{"name":"rublo della CSI","symbolNarrow":"р."},"RWF":{"name":"franco ruandese","pluralName":{"one":"franco ruandese","other":"franchi ruandesi"},"symbolNarrow":"RF"},"SAR":{"name":"riyal saudita","pluralName":{"one":"riyal saudita","other":"riyal sauditi"}},"SBD":{"name":"dollaro delle Isole Solomon","pluralName":{"one":"dollaro delle Isole Solomon","other":"dollari delle Isole Solomon"},"symbolNarrow":"$"},"SCR":{"name":"rupia delle Seychelles","pluralName":{"one":"rupia delle Seychelles","other":"rupie delle Seychelles"}},"SDD":{"name":"dinaro sudanese"},"SDG":{"name":"sterlina sudanese","pluralName":{"one":"sterlina sudanese","other":"sterline sudanesi"}},"SDP":{"name":"SDP"},"SEK":{"name":"corona svedese","pluralName":{"one":"corona svedese","other":"corone svedesi"},"symbolNarrow":"kr"},"SGD":{"name":"dollaro di Singapore","pluralName":{"one":"dollaro di Singapore","other":"dollari di Singapore"},"symbolNarrow":"$"},"SHP":{"name":"sterlina di Sant’Elena","pluralName":{"one":"sterlina di Sant’Elena","other":"sterline di Sant’Elena"},"symbolNarrow":"£"},"SIT":{"name":"tallero sloveno"},"SKK":{"name":"corona slovacca"},"SLL":{"name":"leone della Sierra Leone","pluralName":{"one":"leone sierraleonese","other":"leoni della Sierra Leone"}},"SOS":{"name":"scellino somalo","pluralName":{"one":"scellino somalo","other":"scellini somali"}},"SRD":{"name":"dollaro surinamese","pluralName":{"one":"dollaro surinamese","other":"dollari surinamesi"},"symbolNarrow":"$"},"SRG":{"name":"fiorino del Suriname"},"SSP":{"name":"sterlina sudsudanese","pluralName":{"one":"sterlina sudsudanese","other":"sterline sudsudanesi"},"symbolNarrow":"£"},"STD":{"name":"dobra di Sao Tomé e Principe","pluralName":{"one":"dobra di Sao Tomé e Principe","other":"dobra di Sao Tomé e Principe"},"symbolNarrow":"Db"},"SUR":{"name":"rublo sovietico"},"SVC":{"name":"colón salvadoregno"},"SYP":{"name":"lira siriana","pluralName":{"one":"lira siriana","other":"lire siriane"},"symbolNarrow":"£"},"SZL":{"name":"lilangeni dello Swaziland","pluralName":{"one":"lilangeni dello Swaziland","other":"lilangeni dello Swaziland"}},"THB":{"symbol":"฿","name":"baht thailandese","pluralName":{"one":"baht thailandese","other":"baht thailandesi"},"symbolNarrow":"฿"},"TJR":{"name":"rublo del Tajikistan"},"TJS":{"name":"somoni del Tajikistan","pluralName":{"one":"somoni del Tajikistan","other":"somoni del Tajikistan"}},"TMM":{"name":"manat turkmeno (1993–2009)"},"TMT":{"name":"manat turkmeno","pluralName":{"one":"manat turkmeno","other":"manat turkmeni"}},"TND":{"name":"dinaro tunisino","pluralName":{"one":"dinaro tunisino","other":"dinari tunisini"}},"TOP":{"name":"paʻanga di Tonga","pluralName":{"one":"paʻanga di Tonga","other":"paʻanga di Tonga"},"symbolNarrow":"T$"},"TPE":{"name":"escudo di Timor"},"TRL":{"name":"lira turca (1922–2005)","pluralName":{"one":"lira turca (1922–2005)","other":"lire turche (1922–2005)"}},"TRY":{"name":"lira turca","pluralName":{"one":"lira turca","other":"lire turche"},"symbolNarrow":"₺","symbolAlt":"TL"},"TTD":{"name":"dollaro di Trinidad e Tobago","pluralName":{"one":"dollaro di Trinidad e Tobago","other":"dollari di Trinidad e Tobago"},"symbolNarrow":"$"},"TWD":{"name":"nuovo dollaro taiwanese","pluralName":{"one":"nuovo dollaro taiwanese","other":"nuovi dollari taiwanesi"},"symbolNarrow":"NT$"},"TZS":{"name":"scellino della Tanzania","pluralName":{"one":"scellino della Tanzania","other":"scellini della Tanzania"}},"UAH":{"name":"grivnia ucraina","pluralName":{"one":"grivnia ucraina","other":"grivnie ucraine"},"symbolNarrow":"₴"},"UAK":{"name":"karbovanetz ucraino"},"UGS":{"name":"scellino ugandese (1966–1987)"},"UGX":{"name":"scellino ugandese","pluralName":{"one":"scellino ugandese","other":"scellini ugandesi"}},"USD":{"symbol":"US$","name":"dollaro statunitense","pluralName":{"one":"dollaro statunitense","other":"dollari statunitensi"},"symbolNarrow":"$"},"USN":{"name":"dollaro statunitense (next day)"},"USS":{"name":"dollaro statunitense (same day)"},"UYI":{"name":"peso uruguaiano in unità indicizzate"},"UYP":{"name":"peso uruguaiano (1975–1993)"},"UYU":{"name":"peso uruguaiano","pluralName":{"one":"peso uruguaiano","other":"pesos uruguaiani"},"symbolNarrow":"$"},"UZS":{"name":"sum dell’Uzbekistan","pluralName":{"one":"sum dell’Uzbekistan","other":"sum dell’Uzbekistan"}},"VEB":{"name":"bolivar venezuelano (1871–2008)","pluralName":{"one":"bolivar venezuelano (1871–2008)","other":"bolivares venezuelani (1871–2008)"}},"VEF":{"name":"bolívar venezuelano","pluralName":{"one":"bolívar venezuelano","other":"bolívares venezuelani"},"symbolNarrow":"Bs"},"VND":{"symbol":"₫","name":"dong vietnamita","pluralName":{"one":"dong vietnamita","other":"dong vietnamiti"},"symbolNarrow":"₫"},"VNN":{"name":"VNN"},"VUV":{"name":"vatu di Vanuatu","pluralName":{"one":"vatu di Vanuatu","other":"vatu di Vanuatu"}},"WST":{"name":"tala della Samoa Occidentale","pluralName":{"one":"tala samoano","other":"tala samoani"}},"XAF":{"symbol":"FCFA","name":"franco CFA BEAC","pluralName":{"one":"franco CFA BEAC","other":"franchi CFA BEAC"}},"XAG":{"name":"argento"},"XAU":{"name":"oro"},"XBA":{"name":"unità composita europea"},"XBB":{"name":"unità monetaria europea"},"XBC":{"name":"unità di acconto europea (XBC)"},"XBD":{"name":"unità di acconto europea (XBD)"},"XCD":{"symbol":"EC$","name":"dollaro dei Caraibi Orientali","pluralName":{"one":"dollaro dei Caraibi orientali","other":"dollari dei Caraibi orientali"},"symbolNarrow":"$"},"XDR":{"name":"diritti speciali di incasso"},"XEU":{"name":"XEU"},"XFO":{"name":"franco oro francese"},"XFU":{"name":"franco UIC francese"},"XOF":{"symbol":"CFA","name":"franco CFA BCEAO","pluralName":{"one":"franco CFA BCEAO","other":"franchi CFA BCEAO"}},"XPD":{"name":"palladio"},"XPF":{"symbol":"CFPF","name":"franco CFP","pluralName":{"one":"franco CFP","other":"franchi CFP"}},"XPT":{"name":"platino"},"XRE":{"name":"fondi RINET"},"XSU":{"name":"XSU"},"XTS":{"name":"codice di verifica della valuta"},"XUA":{"name":"XUA"},"XXX":{"name":"valuta sconosciuta","pluralName":{"one":"(valuta sconosciuta)","other":"(valute sconosciute)"}},"YDD":{"name":"dinaro dello Yemen"},"YER":{"name":"riyal yemenita","pluralName":{"one":"rial yemenita","other":"rial yemeniti"}},"YUD":{"name":"dinaro forte yugoslavo"},"YUM":{"name":"dinaro noviy yugoslavo"},"YUN":{"name":"dinaro convertibile yugoslavo"},"YUR":{"name":"YUR"},"ZAL":{"name":"rand sudafricano (finanziario)"},"ZAR":{"name":"rand sudafricano","pluralName":{"one":"rand sudafricano","other":"rand sudafricani"},"symbolNarrow":"R"},"ZMK":{"name":"kwacha dello Zambia (1968–2012)","pluralName":{"one":"kwacha zambiano (1968–2012)","other":"kwacha zambiani (1968–2012)"}},"ZMW":{"name":"kwacha dello Zambia","pluralName":{"one":"kwacha zambiano","other":"kwacha zambiani"},"symbolNarrow":"ZK"},"ZRN":{"name":"nuovo zaire dello Zaire"},"ZRZ":{"name":"zaire dello Zaire"},"ZWD":{"name":"dollaro dello Zimbabwe"},"ZWL":{"name":"dollaro zimbabwiano (2009)"},"ZWR":{"name":"ZWR"},"ALK":{"name":"Albanian Lek (1946–1965)","pluralName":{"one":"Albanian lek (1946–1965)","other":"Albanian lekë (1946–1965)"}},"CNX":{"name":"Chinese People’s Bank Dollar","pluralName":{"one":"Chinese People’s Bank dollar","other":"Chinese People’s Bank dollars"}},"ILR":{"name":"Israeli Sheqel (1980–1985)","pluralName":{"one":"Israeli sheqel (1980–1985)","other":"Israeli sheqels (1980–1985)"}},"ISJ":{"name":"Icelandic Króna (1918–1981)","pluralName":{"one":"Icelandic króna (1918–1981)","other":"Icelandic krónur (1918–1981)"}},"MVP":{"name":"Maldivian Rupee (1947–1981)","pluralName":{"one":"Maldivian rupee (1947–1981)","other":"Maldivian rupees (1947–1981)"}}}