{"era":{"displayName":"Era"},"year":{"displayName":"Anno","relative-type--1":"anno scorso","relative-type-0":"quest’anno","relative-type-1":"anno prossimo","relativeTime-type-future":{"relativeTimePattern-count-one":"tra {0} anno","relativeTimePattern-count-other":"tra {0} anni"},"relativeTime-type-past":{"relativeTimePattern-count-one":"{0} anno fa","relativeTimePattern-count-other":"{0} anni fa"}},"year-short":{"displayName":"anno","relative-type--1":"anno scorso","relative-type-0":"quest’anno","relative-type-1":"anno prossimo","relativeTime-type-future":{"relativeTimePattern-count-one":"tra {0} anno","relativeTimePattern-count-other":"tra {0} anni"},"relativeTime-type-past":{"relativeTimePattern-count-one":"{0} anno fa","relativeTimePattern-count-other":"{0} anni fa"}},"year-narrow":{"displayName":"anno","relative-type--1":"anno scorso","relative-type-0":"quest’anno","relative-type-1":"anno prossimo","relativeTime-type-future":{"relativeTimePattern-count-one":"tra {0} anno","relativeTimePattern-count-other":"tra {0} anni"},"relativeTime-type-past":{"relativeTimePattern-count-one":"{0} anno fa","relativeTimePattern-count-other":"{0} anni fa"}},"quarter":{"displayName":"Trimestre","relative-type--1":"last quarter","relative-type-0":"this quarter","relative-type-1":"next quarter","relativeTime-type-future":{"relativeTimePattern-count-one":"tra {0} trimestre","relativeTimePattern-count-other":"tra {0} trimestri"},"relativeTime-type-past":{"relativeTimePattern-count-one":"{0} trimestre fa","relativeTimePattern-count-other":"{0} trimestri fa"}},"quarter-short":{"displayName":"trim.","relative-type--1":"last quarter","relative-type-0":"this quarter","relative-type-1":"next quarter","relativeTime-type-future":{"relativeTimePattern-count-one":"tra {0} trim.","relativeTimePattern-count-other":"tra {0} trim."},"relativeTime-type-past":{"relativeTimePattern-count-one":"{0} trim. fa","relativeTimePattern-count-other":"{0} trim. fa"}},"quarter-narrow":{"displayName":"trim.","relative-type--1":"last quarter","relative-type-0":"this quarter","relative-type-1":"next quarter","relativeTime-type-future":{"relativeTimePattern-count-one":"tra {0} trim.","relativeTimePattern-count-other":"tra {0} trim."},"relativeTime-type-past":{"relativeTimePattern-count-one":"{0} trim. fa","relativeTimePattern-count-other":"{0} trim. fa"}},"month":{"displayName":"Mese","relative-type--1":"mese scorso","relative-type-0":"questo mese","relative-type-1":"mese prossimo","relativeTime-type-future":{"relativeTimePattern-count-one":"tra {0} mese","relativeTimePattern-count-other":"tra {0} mesi"},"relativeTime-type-past":{"relativeTimePattern-count-one":"{0} mese fa","relativeTimePattern-count-other":"{0} mesi fa"}},"month-short":{"displayName":"mese","relative-type--1":"mese scorso","relative-type-0":"questo mese","relative-type-1":"mese prossimo","relativeTime-type-future":{"relativeTimePattern-count-one":"tra {0} mese","relativeTimePattern-count-other":"tra {0} mesi"},"relativeTime-type-past":{"relativeTimePattern-count-one":"{0} mese fa","relativeTimePattern-count-other":"{0} mesi fa"}},"month-narrow":{"displayName":"mese","relative-type--1":"mese scorso","relative-type-0":"questo mese","relative-type-1":"mese prossimo","relativeTime-type-future":{"relativeTimePattern-count-one":"tra {0} mese","relativeTimePattern-count-other":"tra {0} mesi"},"relativeTime-type-past":{"relativeTimePattern-count-one":"{0} mese fa","relativeTimePattern-count-other":"{0} mesi fa"}},"week":{"displayName":"Settimana","relative-type--1":"settimana scorsa","relative-type-0":"questa settimana","relative-type-1":"settimana prossima","relativeTime-type-future":{"relativeTimePattern-count-one":"tra {0} settimana","relativeTimePattern-count-other":"tra {0} settimane"},"relativeTime-type-past":{"relativeTimePattern-count-one":"{0} settimana fa","relativeTimePattern-count-other":"{0} settimane fa"}},"week-short":{"displayName":"sett.","relative-type--1":"settimana scorsa","relative-type-0":"questa settimana","relative-type-1":"settimana prossima","relativeTime-type-future":{"relativeTimePattern-count-one":"tra {0} sett.","relativeTimePattern-count-other":"tra {0} sett."},"relativeTime-type-past":{"relativeTimePattern-count-one":"{0} sett. fa","relativeTimePattern-count-other":"{0} sett. fa"}},"week-narrow":{"displayName":"sett.","relative-type--1":"settimana scorsa","relative-type-0":"questa settimana","relative-type-1":"settimana prossima","relativeTime-type-future":{"relativeTimePattern-count-one":"tra {0} sett.","relativeTimePattern-count-other":"tra {0} sett."},"relativeTime-type-past":{"relativeTimePattern-count-one":"{0} sett. fa","relativeTimePattern-count-other":"{0} sett. fa"}},"day":{"displayName":"Giorno","relative-type--1":"ieri","relative-type--2":"l’altro ieri","relative-type-0":"oggi","relative-type-1":"domani","relative-type-2":"dopodomani","relativeTime-type-future":{"relativeTimePattern-count-one":"tra {0} giorno","relativeTimePattern-count-other":"tra {0} giorni"},"relativeTime-type-past":{"relativeTimePattern-count-one":"{0} giorno fa","relativeTimePattern-count-other":"{0} giorni fa"}},"day-short":{"displayName":"g","relative-type--1":"ieri","relative-type--2":"l’altro ieri","relative-type-0":"oggi","relative-type-1":"domani","relative-type-2":"dopodomani","relativeTime-type-future":{"relativeTimePattern-count-one":"tra {0} g","relativeTimePattern-count-other":"tra {0} gg"},"relativeTime-type-past":{"relativeTimePattern-count-one":"{0} g fa","relativeTimePattern-count-other":"{0} gg fa"}},"day-narrow":{"displayName":"g","relative-type--1":"ieri","relative-type--2":"l’altro ieri","relative-type-0":"oggi","relative-type-1":"domani","relative-type-2":"dopodomani","relativeTime-type-future":{"relativeTimePattern-count-one":"tra {0} g","relativeTimePattern-count-other":"tra {0} gg"},"relativeTime-type-past":{"relativeTimePattern-count-one":"{0} g fa","relativeTimePattern-count-other":"{0} gg fa"}},"weekday":{"displayName":"Giorno della settimana"},"sun":{"relative-type--1":"domenica scorsa","relative-type-0":"questa domenica","relative-type-1":"domenica prossima"},"sun-short":{"relative-type--1":"dom. scorsa","relative-type-0":"questa dom.","relative-type-1":"dom. prossima"},"sun-narrow":{"relative-type--1":"do scorsa","relative-type-0":"questa do","relative-type-1":"do prossima"},"mon":{"relative-type--1":"lunedì scorso","relative-type-0":"questo lunedì","relative-type-1":"lunedì prossimo"},"mon-short":{"relative-type--1":"lun. scorso","relative-type-0":"questo lun.","relative-type-1":"lun. prossimo"},"mon-narrow":{"relative-type--1":"lu scorso","relative-type-0":"questo lu","relative-type-1":"lu prossimo"},"tue":{"relative-type--1":"martedì scorso","relative-type-0":"questo martedì","relative-type-1":"martedì prossimo"},"tue-short":{"relative-type--1":"mar. scorso","relative-type-0":"questo mar.","relative-type-1":"mar. prossimo"},"tue-narrow":{"relative-type--1":"ma scorso","relative-type-0":"questo ma","relative-type-1":"ma prossimo"},"wed":{"relative-type--1":"mercoledì scorso","relative-type-0":"questo mercoledì","relative-type-1":"mercoledì prossimo"},"wed-short":{"relative-type--1":"mer. scorso","relative-type-0":"questo mer.","relative-type-1":"mer. prossimo"},"wed-narrow":{"relative-type--1":"me scorso","relative-type-0":"questo me","relative-type-1":"me prossimo"},"thu":{"relative-type--1":"giovedì scorso","relative-type-0":"questo giovedì","relative-type-1":"giovedì prossimo"},"thu-short":{"relative-type--1":"gio. scorso","relative-type-0":"questo gio.","relative-type-1":"gio. prossimo"},"thu-narrow":{"relative-type--1":"gi scorso","relative-type-0":"questo gi","relative-type-1":"gi prossimo"},"fri":{"relative-type--1":"venerdì scorso","relative-type-0":"questo venerdì","relative-type-1":"venerdì prossimo"},"fri-short":{"relative-type--1":"ven. scorso","relative-type-0":"questo ven.","relative-type-1":"ven. prossimo"},"fri-narrow":{"relative-type--1":"ve scorso","relative-type-0":"questo ve","relative-type-1":"ve prossimo"},"sat":{"relative-type--1":"sabato scorso","relative-type-0":"questo sabato","relative-type-1":"sabato prossimo"},"sat-short":{"relative-type--1":"sab. scorso","relative-type-0":"questo sab.","relative-type-1":"sab. prossimo"},"sat-narrow":{"relative-type--1":"sa scorso","relative-type-0":"questo sa","relative-type-1":"sa prossimo"},"dayperiod":{"displayName":"AM/PM"},"hour":{"displayName":"Ora","relativeTime-type-future":{"relativeTimePattern-count-one":"tra {0} ora","relativeTimePattern-count-other":"tra {0} ore"},"relativeTime-type-past":{"relativeTimePattern-count-one":"{0} ora fa","relativeTimePattern-count-other":"{0} ore fa"}},"hour-short":{"displayName":"h.","relativeTime-type-future":{"relativeTimePattern-count-one":"tra {0} h.","relativeTimePattern-count-other":"tra {0} h."},"relativeTime-type-past":{"relativeTimePattern-count-one":"{0} h. fa","relativeTimePattern-count-other":"{0} h. fa"}},"hour-narrow":{"displayName":"h","relativeTime-type-future":{"relativeTimePattern-count-one":"tra {0} h","relativeTimePattern-count-other":"tra {0} h"},"relativeTime-type-past":{"relativeTimePattern-count-one":"{0} h fa","relativeTimePattern-count-other":"{0} h fa"}},"minute":{"displayName":"Minuto","relativeTime-type-future":{"relativeTimePattern-count-one":"tra {0} minuto","relativeTimePattern-count-other":"tra {0} minuti"},"relativeTime-type-past":{"relativeTimePattern-count-one":"{0} minuto fa","relativeTimePattern-count-other":"{0} minuti fa"}},"minute-short":{"displayName":"min.","relativeTime-type-future":{"relativeTimePattern-count-one":"tra {0} min.","relativeTimePattern-count-other":"tra {0} min."},"relativeTime-type-past":{"relativeTimePattern-count-one":"{0} min. fa","relativeTimePattern-count-other":"{0} min. fa"}},"minute-narrow":{"displayName":"m","relativeTime-type-future":{"relativeTimePattern-count-one":"tra {0} min","relativeTimePattern-count-other":"tra {0} min"},"relativeTime-type-past":{"relativeTimePattern-count-one":"{0} min fa","relativeTimePattern-count-other":"{0} min fa"}},"second":{"displayName":"Secondo","relative-type-0":"ora","relativeTime-type-future":{"relativeTimePattern-count-one":"tra {0} secondo","relativeTimePattern-count-other":"tra {0} secondi"},"relativeTime-type-past":{"relativeTimePattern-count-one":"{0} secondo fa","relativeTimePattern-count-other":"{0} secondi fa"}},"second-short":{"displayName":"sec.","relative-type-0":"ora","relativeTime-type-future":{"relativeTimePattern-count-one":"tra {0} sec.","relativeTimePattern-count-other":"tra {0} sec."},"relativeTime-type-past":{"relativeTimePattern-count-one":"{0} sec. fa","relativeTimePattern-count-other":"{0} sec. fa"}},"second-narrow":{"displayName":"s","relative-type-0":"ora","relativeTime-type-future":{"relativeTimePattern-count-one":"tra {0} s","relativeTimePattern-count-other":"tra {0} s"},"relativeTime-type-past":{"relativeTimePattern-count-one":"{0} s fa","relativeTimePattern-count-other":"{0} s fa"}},"zone":{"displayName":"Fuso orario"}}