{"localeDisplayPattern":{"localePattern":"%1$s (%2$s)","localeSeparator":"%1$s, %2$s","localeKeyTypePattern":"%1$s: %2$s"},"keys":{"calendar":"Calendario","colAlternate":"Ordinamento Ignora simboli","colBackwards":"Ordinamento Accento capovolto","colCaseFirst":"Ordinamento Maiuscole/Minuscole","colCaseLevel":"Ordinamento Distinzione fra maiuscole e minuscole","colHiraganaQuaternary":"Ordinamento Kana","colNormalization":"Ordinamento normalizzato","colNumeric":"Ordinamento numerico","colStrength":"Sicurezza ordinamento","collation":"Ordinamento","currency":"Valuta","numbers":"Numeri","timezone":"Fuso orario","va":"Variante lingua","variableTop":"Ordina come simboli","x":"Uso privato"},"types":{"calendar":{"buddhist":"Calendario buddista","chinese":"Calendario cinese","coptic":"Calendario copto","dangi":"Calendario Dangi","ethiopic":"Calendario etiope","ethiopic-amete-alem":"Calendario etiope Amete Alem","gregorian":"Calendario gregoriano","hebrew":"Calendario ebraico","indian":"calendario nazionale indiano","islamic":"Calendario islamico","islamic-civil":"calendario civile islamico","islamic-rgsa":"Calendario islamico (Arabia Saudita, osservazione)","islamic-tbla":"Calendario islamico (tabulare, era astronomica)","islamic-umalqura":"Calendario islamico (Umm al-Qura)","iso8601":"Calendario ISO-8601","japanese":"Calendario giapponese","persian":"Calendario persiano","roc":"Calendario Minguo"},"colAlternate":{"non-ignorable":"Ordina simboli","shifted":"Ordina ignorando i simboli"},"colBackwards":{"no":"Ordina accenti normalmente","yes":"Ordina accenti capovolti"},"colCaseFirst":{"lower":"Ordina prima lettere minuscole","no":"Ordina lettere maiuscole/minuscole normalmente","upper":"Ordina prima lettere minuscole"},"colCaseLevel":{"no":"Ordina senza distinzione tra maiuscole e minuscole","yes":"Ordina distinzione tra maiuscole e minuscole"},"colHiraganaQuaternary":{"no":"Ordina Kana separatamente","yes":"Ordina Kana diversamente"},"colNormalization":{"no":"Ordina senza normalizzazione","yes":"Ordina Unicode normalizzato"},"colNumeric":{"no":"Ordina cifre individualmente","yes":"Ordina cifre numericamente"},"colStrength":{"identical":"Ordina tutto","primary":"Ordina solo lettere di base","quaternary":"Ordina accenti/lettere/larghezza/Kana","secondary":"Ordina accenti","tertiary":"Ordina accenti/lettere/larghezza"},"collation":{"big5han":"cinese tradizionale","dictionary":"Ordinamento dizionario","ducet":"Ordinamento Unicode predefinito","eor":"eor","gb2312han":"cinese semplificato","phonebook":"ordine elenco telefonico","phonetic":"Ordinamento fonetico","pinyin":"ordine pinyin","reformed":"Ordinamento riformato","search":"Ricerca generica","searchjl":"Cerca per consonante hangul iniziale","standard":"Ordinamento standard","stroke":"ordine segni","traditional":"ordine tradizionale","unihan":"Ordinamento in base ai radicali","zhuyin":"Ordinamento Zhuyin"},"numbers":{"arab":"Cifre indo-arabe","arabext":"Cifre indo-arabe estese","armn":"Numeri armeni","armnlow":"Numeri armeni minuscoli","bali":"Cifre balinesi","beng":"Cifre bengalesi","brah":"Cifre brahmi","cakm":"Cifre chakma","cham":"Cifre cham","deva":"Cifre devanagari","ethi":"Numeri etiopi","finance":"Numeri finanziari","fullwide":"Cifre a larghezza intera","geor":"Numeri georgiani","grek":"Numeri greci","greklow":"Numeri greci minuscoli","gujr":"Cifre gujarati","guru":"Cifre gurmukhi","hanidec":"Numeri decimali cinesi","hans":"Numeri in cinese semplificato","hansfin":"Numeri finanziari in cinese semplificato","hant":"Numeri in cinese tradizionale","hantfin":"Numeri finanziari in cinese tradizionale","hebr":"Numeri ebraici","java":"Cifre giavanesi","jpan":"Numeri giapponesi","jpanfin":"Numeri finanziari giapponesi","kali":"Cifre Kayah Li","khmr":"Cifre khmer","knda":"Cifre kannada","lana":"Cifre tai tham hora","lanatham":"Cifre tai tham tham","laoo":"Cifre lao","latn":"Cifre occidentali","lepc":"Cifre lepcha","limb":"Cifre limbu","mlym":"Cifre malayalam","mong":"Numeri mongoli","mtei":"Cifre Meetei Mayek","mymr":"Cifre birmane","mymrshan":"Cifre shan birmane","native":"Cifre native","nkoo":"Cifre N’Ko","olck":"Cifre Ol Chiki","orya":"Cifre oriya","osma":"Cifre osmanya","roman":"Numeri romani","romanlow":"Numeri romani minuscoli","saur":"Cifre saurashtra","shrd":"Cifre sharada","sora":"Cifre Sora Sompeng","sund":"Cifre sundanesi","takr":"Cifre takri","talu":"Cifre nuovo Tai Lue","taml":"Numeri tamil tradizionali","tamldec":"Cifre tamil","telu":"Cifre telugu","thai":"Cifre thailandesi","tibt":"Cifre tibetane","traditional":"Numeri tradizionali","vaii":"Cifre Vai"}},"codePatterns":{"language":"Lingua: %1$s","script":"Scrittura: %1$s","territory":"Regione: %1$s"}}