{"long":{"_compoundPattern":"%1$s al %2$s","acceleration":{"g-force":{"_name":"forza g","one":"%1$s forza g","other":"%1$s forza g"},"meter-per-second-squared":{"_name":"metri al secondo quadrato","one":"%1$s metro al secondo quadrato","other":"%1$s metri al secondo quadrato"}},"angle":{"arc-minute":{"_name":"primi d’arco","one":"%1$s primo d'arco","other":"%1$s primi d'arco"},"arc-second":{"_name":"secondi d’arco","one":"%1$s secondo d'arco","other":"%1$s secondi d'arco"},"degree":{"_name":"gradi","one":"%1$s grado","other":"%1$s gradi"},"radian":{"_name":"radianti","one":"%1$s radiante","other":"%1$s radianti"}},"area":{"acre":{"_name":"acri","one":"%1$s acro","other":"%1$s acri"},"hectare":{"_name":"ettari","one":"%1$s ettaro","other":"%1$s ettari"},"square-centimeter":{"_name":"centimetri quadrati","one":"%1$s centimetro quadrato","other":"%1$s centimetri quadrati"},"square-foot":{"_name":"piedi quadrati","one":"%1$s piede quadrato","other":"%1$s piedi quadrati"},"square-inch":{"_name":"pollici quadrati","one":"%1$s pollice quadrato","other":"%1$s pollici quadrati"},"square-kilometer":{"_name":"chilometri quadrati","one":"%1$s chilometro quadrato","other":"%1$s chilometri quadrati"},"square-meter":{"_name":"metri quadrati","one":"%1$s metro quadrato","other":"%1$s metri quadrati"},"square-mile":{"_name":"miglia quadrate","one":"%1$s miglio quadrato","other":"%1$s miglia quadrate"},"square-yard":{"_name":"iarde quadrate","one":"%1$s iarda quadrata","other":"%1$s iarde quadrate"}},"consumption":{"liter-per-kilometer":{"_name":"litri per chilometro","one":"%1$s litro per chilometro","other":"%1$s litri per chilometro"},"mile-per-gallon":{"_name":"miglia per gallone","one":"%1$s miglio per gallone","other":"%1$s miglia per gallone"}},"digital":{"bit":{"_name":"bit","one":"%1$s bit","other":"%1$s bit"},"byte":{"_name":"byte","one":"%1$s byte","other":"%1$s byte"},"gigabit":{"_name":"gigabit","one":"%1$s gigabit","other":"%1$s gigabit"},"gigabyte":{"_name":"gigabyte","one":"%1$s gigabyte","other":"%1$s gigabyte"},"kilobit":{"_name":"kilobit","one":"%1$s kilobit","other":"%1$s kilobit"},"kilobyte":{"_name":"kilobyte","one":"%1$s kilobyte","other":"%1$s kilobyte"},"megabit":{"_name":"megabit","one":"%1$s megabit","other":"%1$s megabit"},"megabyte":{"_name":"megabyte","one":"%1$s megabyte","other":"%1$s megabyte"},"terabit":{"_name":"terabit","one":"%1$s terabit","other":"%1$s terabit"},"terabyte":{"_name":"terabyte","one":"%1$s terabyte","other":"%1$s terabyte"}},"duration":{"day":{"_name":"giorni","one":"%1$s giorno","other":"%1$s giorni"},"hour":{"_name":"ore","one":"%1$s ora","other":"%1$s ore","_per":"%1$s/h"},"microsecond":{"_name":"microsecondi","one":"%1$s microsecondo","other":"%1$s microsecondi"},"millisecond":{"_name":"millisecondi","one":"%1$s millisecondo","other":"%1$s millisecondi"},"minute":{"_name":"minuti","one":"%1$s minuto","other":"%1$s minuti"},"month":{"_name":"mesi","one":"%1$s mese","other":"%1$s mesi"},"nanosecond":{"_name":"nanosecondi","one":"%1$s nanosecondo","other":"%1$s nanosecondi"},"second":{"_name":"secondi","one":"%1$s secondo","other":"%1$s secondi","_per":"%1$s/s"},"week":{"_name":"settimane","one":"%1$s settimana","other":"%1$s settimane"},"year":{"_name":"anni","one":"%1$s anno","other":"%1$s anni"}},"electric":{"ampere":{"_name":"ampere","one":"%1$s ampere","other":"%1$s ampere"},"milliampere":{"_name":"milliampere","one":"%1$s milliampere","other":"%1$s milliampere"},"ohm":{"_name":"ohm","one":"%1$s ohm","other":"%1$s ohm"},"volt":{"_name":"volt","one":"%1$s volt","other":"%1$s volt"}},"energy":{"calorie":{"_name":"calorie","one":"%1$s caloria","other":"%1$s calorie"},"foodcalorie":{"_name":"Calorie","one":"%1$s caloria","other":"%1$s calorie"},"joule":{"_name":"joule","one":"%1$s joule","other":"%1$s joule"},"kilocalorie":{"_name":"chilocalorie","one":"%1$s chilocaloria","other":"%1$s chilocalorie"},"kilojoule":{"_name":"kilojoule","one":"%1$s kilojoule","other":"%1$s kilojoule"},"kilowatt-hour":{"_name":"chilowattora","one":"%1$s chilowattora","other":"%1$s chilowattora"}},"frequency":{"gigahertz":{"_name":"gigahertz","one":"%1$s gigahertz","other":"%1$s gigahertz"},"hertz":{"_name":"hertz","one":"%1$s hertz","other":"%1$s hertz"},"kilohertz":{"_name":"kilohertz","one":"%1$s kilohertz","other":"%1$s kilohertz"},"megahertz":{"_name":"megahertz","one":"%1$s megahertz","other":"%1$s megahertz"}},"length":{"astronomical-unit":{"_name":"unità astronomiche","one":"%1$s unità astronomica","other":"%1$s unità astronomiche"},"centimeter":{"_name":"centimetri","one":"%1$s centimetro","other":"%1$s centimetri"},"decimeter":{"_name":"decimetri","one":"%1$s decimetro","other":"%1$s decimetri"},"fathom":{"_name":"fm","other":"%1$s fm"},"foot":{"_name":"piedi","one":"%1$s piede","other":"%1$s piedi"},"furlong":{"_name":"fur","other":"%1$s fur"},"inch":{"_name":"pollici","one":"%1$s pollice","other":"%1$s pollici"},"kilometer":{"_name":"chilometri","one":"%1$s chilometro","other":"%1$s chilometri"},"light-year":{"_name":"anni luce","one":"%1$s anno luce","other":"%1$s anni luce"},"meter":{"_name":"metri","one":"%1$s metro","other":"%1$s metri"},"micrometer":{"_name":"micrometri","one":"%1$s micrometro","other":"%1$s micrometri"},"mile":{"_name":"miglia","one":"%1$s miglio","other":"%1$s miglia"},"millimeter":{"_name":"millimetri","one":"%1$s millimetro","other":"%1$s millimetri"},"nanometer":{"_name":"nanometri","one":"%1$s nanometro","other":"%1$s nanometri"},"nautical-mile":{"_name":"miglia nautiche","one":"%1$s miglio nautico","other":"%1$s miglia nautiche"},"parsec":{"_name":"parsec","one":"%1$s parsec","other":"%1$s parsec"},"picometer":{"_name":"picometri","one":"%1$s picometro","other":"%1$s picometri"},"yard":{"_name":"iarde","one":"%1$s iarda","other":"%1$s iarde"}},"light":{"lux":{"_name":"lux","one":"%1$s lux","other":"%1$s lux"}},"mass":{"carat":{"_name":"carati","one":"%1$s carato","other":"%1$s carati"},"gram":{"_name":"grammi","one":"%1$s grammo","other":"%1$s grammi"},"kilogram":{"_name":"chilogrammi","one":"%1$s chilogrammo","other":"%1$s chilogrammi"},"metric-ton":{"_name":"tonnellate metriche","one":"%1$s tonnellata metrica","other":"%1$s tonnellate metriche"},"microgram":{"_name":"microgrammi","one":"%1$s microgrammo","other":"%1$s microgrammi"},"milligram":{"_name":"milligrammi","one":"%1$s milligrammo","other":"%1$s milligrammi"},"ounce":{"_name":"once","one":"%1$s oncia","other":"%1$s once"},"ounce-troy":{"_name":"once troy","one":"%1$s oncia troy","other":"%1$s once troy"},"pound":{"_name":"libbre","one":"%1$s libbra","other":"%1$s libbre"},"stone":{"_name":"st","other":"%1$s st"},"ton":{"_name":"tonnellate","one":"%1$s tonnellata","other":"%1$s tonnellate"}},"power":{"gigawatt":{"_name":"gigawatt","one":"%1$s gigawatt","other":"%1$s gigawatt"},"horsepower":{"_name":"cavalli vapore","one":"%1$s cavallo vapore","other":"%1$s cavalli vapore"},"kilowatt":{"_name":"kilowatt","one":"%1$s kilowatt","other":"%1$s kilowatt"},"megawatt":{"_name":"megawatt","one":"%1$s megawatt","other":"%1$s megawatt"},"milliwatt":{"_name":"milliwatt","one":"%1$s milliwatt","other":"%1$s milliwatt"},"watt":{"_name":"watt","one":"%1$s watt","other":"%1$s watt"}},"pressure":{"hectopascal":{"_name":"ettopascal","one":"%1$s ettopascal","other":"%1$s ettopascal"},"inch-hg":{"_name":"pollici di mercurio","one":"%1$s pollice di mercurio","other":"%1$s pollici di mercurio"},"millibar":{"_name":"millibar","one":"%1$s millibar","other":"%1$s millibar"},"millimeter-of-mercury":{"_name":"millimetri di mercurio","one":"%1$s millimetro di mercurio","other":"%1$s millimetri di mercurio"},"pound-per-square-inch":{"_name":"libbre per pollice quadrato","one":"%1$s libbra per pollice quadrato","other":"%1$s libbre per pollice quadrato"}},"proportion":{"karat":{"_name":"carati","one":"%1$s carato","other":"%1$s carati"}},"speed":{"kilometer-per-hour":{"_name":"chilometri orari","one":"%1$s chilometro orario","other":"%1$s chilometri orari"},"meter-per-second":{"_name":"metri al secondo","one":"%1$s metro al secondo","other":"%1$s metri al secondo"},"mile-per-hour":{"_name":"miglia all’ora","one":"%1$s miglio all’ora","other":"%1$s miglia all’ora"}},"temperature":{"celsius":{"_name":"gradi Celsius","one":"%1$s grado Celsius","other":"%1$s gradi Celsius"},"fahrenheit":{"_name":"gradi Fahrenheit","one":"%1$s grado Fahrenheit","other":"%1$s gradi Fahrenheit"},"generic":{"_name":"°","other":"%1$s°"},"kelvin":{"_name":"Kelvin","one":"%1$s Kelvin","other":"%1$s Kelvin"}},"volume":{"acre-foot":{"_name":"acre-feet","one":"%1$s acre-foot","other":"%1$s acre-feet"},"bushel":{"_name":"bu","other":"%1$s bu"},"centiliter":{"_name":"centilitri","one":"%1$s centilitro","other":"%1$s centilitri"},"cubic-centimeter":{"_name":"centimetri cubi","one":"%1$s centimetro cubo","other":"%1$s centimetri cubi"},"cubic-foot":{"_name":"piedi cubi","one":"%1$s piede cubo","other":"%1$s piedi cubi"},"cubic-inch":{"_name":"pollici cubi","one":"%1$s pollice cubo","other":"%1$s pollici cubi"},"cubic-kilometer":{"_name":"chilometri cubi","one":"%1$s chilometro cubo","other":"%1$s chilometri cubi"},"cubic-meter":{"_name":"metri cubi","one":"%1$s metro cubo","other":"%1$s metri cubi"},"cubic-mile":{"_name":"miglia cube","one":"%1$s miglio cubo","other":"%1$s miglia cube"},"cubic-yard":{"_name":"iarde cubiche","one":"%1$s iarda cubica","other":"%1$s iarde cubiche"},"cup":{"_name":"tazze","one":"%1$s tazza","other":"%1$s tazze"},"deciliter":{"_name":"decilitri","one":"%1$s decilitro","other":"%1$s decilitri"},"fluid-ounce":{"_name":"once fluide","one":"%1$s oncia fluida","other":"%1$s once fluide"},"gallon":{"_name":"galloni","one":"%1$s gallone","other":"%1$s galloni"},"hectoliter":{"_name":"ettolitri","one":"%1$s ettolitro","other":"%1$s ettolitri"},"liter":{"_name":"litri","one":"%1$s litro","other":"%1$s litri"},"megaliter":{"_name":"megalitri","one":"%1$s megalitro","other":"%1$s megalitri"},"milliliter":{"_name":"millilitri","one":"%1$s millilitro","other":"%1$s millilitri"},"pint":{"_name":"pinte","one":"%1$s pinta","other":"%1$s pinte"},"quart":{"_name":"quarti","one":"%1$s quarto","other":"%1$s quarti"},"tablespoon":{"_name":"cucchiai da tavola","one":"%1$s cucchiaio da tavola","other":"%1$s cucchiai da tavola"},"teaspoon":{"_name":"cucchiai da tè","one":"%1$s cucchiaio da tè","other":"%1$s cucchiai da tè"}}},"short":{"_compoundPattern":"%1$s/%2$s","acceleration":{"g-force":{"_name":"forza g","one":"%1$s G","other":"%1$s G"},"meter-per-second-squared":{"_name":"m/s²","one":"%1$s m/s²","other":"%1$s m/s²"}},"angle":{"arc-minute":{"_name":"′","one":"%1$s′","other":"%1$s′"},"arc-second":{"_name":"″","one":"%1$s″","other":"%1$s″"},"degree":{"_name":"°","one":"%1$s°","other":"%1$s°"},"radian":{"_name":"rad","one":"%1$s rad","other":"%1$s rad"}},"area":{"acre":{"_name":"acri","one":"%1$s ac","other":"%1$s ac"},"hectare":{"_name":"ettari","one":"%1$s ha","other":"%1$s ha"},"square-centimeter":{"_name":"cm²","one":"%1$s cm²","other":"%1$s cm²"},"square-foot":{"_name":"piedi quadrati","one":"%1$s ft²","other":"%1$s ft²"},"square-inch":{"_name":"in²","one":"%1$s in²","other":"%1$s in²"},"square-kilometer":{"_name":"km²","one":"%1$s km²","other":"%1$s km²"},"square-meter":{"_name":"m²","one":"%1$s m²","other":"%1$s m²"},"square-mile":{"_name":"mi²","one":"%1$s mi²","other":"%1$s mi²"},"square-yard":{"_name":"yd²","one":"%1$s yd²","other":"%1$s yd²"}},"consumption":{"liter-per-kilometer":{"_name":"L/km","one":"%1$s L/km","other":"%1$s L/km"},"mile-per-gallon":{"_name":"mpg","one":"%1$s mpg","other":"%1$s mpg"}},"digital":{"bit":{"_name":"bit","one":"%1$s bit","other":"%1$s bit"},"byte":{"_name":"byte","one":"%1$s byte","other":"%1$s byte"},"gigabit":{"_name":"Gb","one":"%1$s Gb","other":"%1$s Gb"},"gigabyte":{"_name":"GB","one":"%1$s GB","other":"%1$s GB"},"kilobit":{"_name":"kb","one":"%1$s kb","other":"%1$s kb"},"kilobyte":{"_name":"kB","one":"%1$s kB","other":"%1$s kB"},"megabit":{"_name":"Mb","one":"%1$s Mb","other":"%1$s Mb"},"megabyte":{"_name":"MB","one":"%1$s MB","other":"%1$s MB"},"terabit":{"_name":"Tb","one":"%1$s Tb","other":"%1$s Tb"},"terabyte":{"_name":"TB","one":"%1$s TB","other":"%1$s TB"}},"duration":{"day":{"_name":"giorni","one":"%1$s giorno","other":"%1$s giorni"},"hour":{"_name":"ore","one":"%1$s h","other":"%1$s h","_per":"%1$s/h"},"microsecond":{"_name":"μs","one":"%1$s μs","other":"%1$s μs"},"millisecond":{"_name":"ms","one":"%1$s ms","other":"%1$s ms"},"minute":{"_name":"min","one":"%1$s min","other":"%1$s min"},"month":{"_name":"mesi","one":"%1$s mese","other":"%1$s mesi"},"nanosecond":{"_name":"ns","one":"%1$s ns","other":"%1$s ns"},"second":{"_name":"sec","one":"%1$s sec","other":"%1$s sec","_per":"%1$s/s"},"week":{"_name":"settimane","one":"%1$s settimana","other":"%1$s settimane"},"year":{"_name":"anni","one":"%1$s anno","other":"%1$s anni"}},"electric":{"ampere":{"_name":"A","one":"%1$s A","other":"%1$s A"},"milliampere":{"_name":"mA","one":"%1$s mA","other":"%1$s mA"},"ohm":{"_name":"Ω","one":"%1$s Ω","other":"%1$s Ω"},"volt":{"_name":"V","one":"%1$s V","other":"%1$s V"}},"energy":{"calorie":{"_name":"cal","one":"%1$s cal","other":"%1$s cal"},"foodcalorie":{"_name":"Cal","one":"%1$s Cal","other":"%1$s Cal"},"joule":{"_name":"J","one":"%1$s J","other":"%1$s J"},"kilocalorie":{"_name":"kcal","one":"%1$s kcal","other":"%1$s kcal"},"kilojoule":{"_name":"kJ","one":"%1$s kJ","other":"%1$s kJ"},"kilowatt-hour":{"_name":"kWh","one":"%1$s kWh","other":"%1$s kWh"}},"frequency":{"gigahertz":{"_name":"GHz","one":"%1$s GHz","other":"%1$s GHz"},"hertz":{"_name":"Hz","one":"%1$s Hz","other":"%1$s Hz"},"kilohertz":{"_name":"kHz","one":"%1$s kHz","other":"%1$s kHz"},"megahertz":{"_name":"MHz","one":"%1$s MHz","other":"%1$s MHz"}},"length":{"astronomical-unit":{"_name":"au","one":"%1$s au","other":"%1$s au"},"centimeter":{"_name":"cm","one":"%1$s cm","other":"%1$s cm"},"decimeter":{"_name":"dm","one":"%1$s dm","other":"%1$s dm"},"fathom":{"_name":"fm","other":"%1$s fm"},"foot":{"_name":"piedi","one":"%1$s ft","other":"%1$s ft"},"furlong":{"_name":"fur","other":"%1$s fur"},"inch":{"_name":"pollici","one":"%1$s in","other":"%1$s in"},"kilometer":{"_name":"km","one":"%1$s km","other":"%1$s km"},"light-year":{"_name":"anni luce","one":"%1$s al","other":"%1$s al"},"meter":{"_name":"metri","one":"%1$s m","other":"%1$s m"},"micrometer":{"_name":"µm","one":"%1$s µm","other":"%1$s µm"},"mile":{"_name":"miglia","one":"%1$s mi","other":"%1$s mi"},"millimeter":{"_name":"mm","one":"%1$s mm","other":"%1$s mm"},"nanometer":{"_name":"nm","one":"%1$s nm","other":"%1$s nm"},"nautical-mile":{"_name":"nmi","one":"%1$s nmi","other":"%1$s nmi"},"parsec":{"_name":"pc","one":"%1$s pc","other":"%1$s pc"},"picometer":{"_name":"pm","one":"%1$s pm","other":"%1$s pm"},"yard":{"_name":"iarde","one":"%1$s yd","other":"%1$s yd"}},"light":{"lux":{"_name":"lx","one":"%1$s lx","other":"%1$s lx"}},"mass":{"carat":{"_name":"carati","one":"%1$s kt","other":"%1$s kt"},"gram":{"_name":"grammi","one":"%1$s g","other":"%1$s g"},"kilogram":{"_name":"kg","one":"%1$s kg","other":"%1$s kg"},"metric-ton":{"_name":"t","one":"%1$s t","other":"%1$s t"},"microgram":{"_name":"µg","one":"%1$s µg","other":"%1$s µg"},"milligram":{"_name":"mg","one":"%1$s mg","other":"%1$s mg"},"ounce":{"_name":"oz","one":"%1$s oz","other":"%1$s oz"},"ounce-troy":{"_name":"ozt","one":"%1$s ozt","other":"%1$s ozt"},"pound":{"_name":"lb","one":"%1$s lb","other":"%1$s lb"},"stone":{"_name":"st","other":"%1$s st"},"ton":{"_name":"tn","one":"%1$s tn","other":"%1$s tn"}},"power":{"gigawatt":{"_name":"GW","one":"%1$s GW","other":"%1$s GW"},"horsepower":{"_name":"hp","one":"%1$s hp","other":"%1$s hp"},"kilowatt":{"_name":"kW","one":"%1$s kW","other":"%1$s kW"},"megawatt":{"_name":"MW","one":"%1$s MW","other":"%1$s MW"},"milliwatt":{"_name":"mW","one":"%1$s mW","other":"%1$s mW"},"watt":{"_name":"W","one":"%1$s W","other":"%1$s W"}},"pressure":{"hectopascal":{"_name":"hPa","one":"%1$s hPa","other":"%1$s hPa"},"inch-hg":{"_name":"inHg","one":"%1$s inHg","other":"%1$s inHg"},"millibar":{"_name":"mbar","one":"%1$s mbar","other":"%1$s mbar"},"millimeter-of-mercury":{"_name":"mm Hg","one":"%1$s mm Hg","other":"%1$s mm Hg"},"pound-per-square-inch":{"_name":"psi","one":"%1$s psi","other":"%1$s psi"}},"proportion":{"karat":{"_name":"kt","one":"%1$s kt","other":"%1$s kt"}},"speed":{"kilometer-per-hour":{"_name":"km/h","one":"%1$s km/h","other":"%1$s km/h"},"meter-per-second":{"_name":"m/s","one":"%1$s m/s","other":"%1$s m/s"},"mile-per-hour":{"_name":"mi/h","one":"%1$s mi/h","other":"%1$s mi/h"}},"temperature":{"celsius":{"_name":"°C","one":"%1$s °C","other":"%1$s °C"},"fahrenheit":{"_name":"°F","one":"%1$s °F","other":"%1$s °F"},"generic":{"_name":"°","other":"%1$s°"},"kelvin":{"_name":"K","one":"%1$s K","other":"%1$s K"}},"volume":{"acre-foot":{"_name":"ac ft","one":"%1$s ac ft","other":"%1$s ac ft"},"bushel":{"_name":"bu","other":"%1$s bu"},"centiliter":{"_name":"cl","one":"%1$s cl","other":"%1$s cl"},"cubic-centimeter":{"_name":"cm³","one":"%1$s cm³","other":"%1$s cm³"},"cubic-foot":{"_name":"ft³","one":"%1$s ft³","other":"%1$s ft³"},"cubic-inch":{"_name":"in³","one":"%1$s in³","other":"%1$s in³"},"cubic-kilometer":{"_name":"km³","one":"%1$s km³","other":"%1$s km³"},"cubic-meter":{"_name":"m³","one":"%1$s m³","other":"%1$s m³"},"cubic-mile":{"_name":"mi³","one":"%1$s mi³","other":"%1$s mi³"},"cubic-yard":{"_name":"yd³","one":"%1$s yd³","other":"%1$s yd³"},"cup":{"_name":"c","one":"%1$s c","other":"%1$s c"},"deciliter":{"_name":"dl","one":"%1$s dl","other":"%1$s dl"},"fluid-ounce":{"_name":"fl oz","one":"%1$s fl oz","other":"%1$s fl oz"},"gallon":{"_name":"gal","one":"%1$s gal","other":"%1$s gal"},"hectoliter":{"_name":"hl","one":"%1$s hl","other":"%1$s hl"},"liter":{"_name":"litri","one":"%1$s l","other":"%1$s l"},"megaliter":{"_name":"Ml","one":"%1$s Ml","other":"%1$s Ml"},"milliliter":{"_name":"ml","one":"%1$s ml","other":"%1$s ml"},"pint":{"_name":"pt","one":"%1$s pt","other":"%1$s pt"},"quart":{"_name":"qt","one":"%1$s qt","other":"%1$s qt"},"tablespoon":{"_name":"tbsp","one":"%1$s tbsp","other":"%1$s tbsp"},"teaspoon":{"_name":"tsp","one":"%1$s tsp","other":"%1$s tsp"}}},"narrow":{"_compoundPattern":"%1$s/%2$s","acceleration":{"g-force":{"_name":"forza g","one":"%1$sG","other":"%1$sG"},"meter-per-second-squared":{"_name":"m/s²","one":"%1$s m/s²","other":"%1$s m/s²"}},"angle":{"arc-minute":{"_name":"′","one":"%1$smin","other":"%1$smin"},"arc-second":{"_name":"″","one":"%1$ss","other":"%1$ss"},"degree":{"_name":"°","one":"%1$s°","other":"%1$s°"},"radian":{"_name":"rad","one":"%1$s rad","other":"%1$s rad"}},"area":{"acre":{"_name":"acri","one":"%1$sac","other":"%1$sac"},"hectare":{"_name":"ettari","one":"%1$sha","other":"%1$sha"},"square-centimeter":{"_name":"cm²","one":"%1$s cm²","other":"%1$s cm²"},"square-foot":{"_name":"piedi quadrati","one":"%1$sft²","other":"%1$sft²"},"square-inch":{"_name":"in²","one":"%1$s in²","other":"%1$s in²"},"square-kilometer":{"_name":"km²","one":"%1$skm²","other":"%1$skm²"},"square-meter":{"_name":"m²","one":"%1$sm²","other":"%1$sm²"},"square-mile":{"_name":"mi²","one":"%1$smi²","other":"%1$smi²"},"square-yard":{"_name":"yd²","one":"%1$s yd²","other":"%1$s yd²"}},"consumption":{"liter-per-kilometer":{"_name":"L/km","one":"%1$s L/km","other":"%1$s L/km"},"mile-per-gallon":{"_name":"mpg","one":"%1$s mpg","other":"%1$s mpg"}},"digital":{"bit":{"_name":"bit","one":"%1$s bit","other":"%1$s bit"},"byte":{"_name":"byte","one":"%1$s byte","other":"%1$s byte"},"gigabit":{"_name":"Gb","one":"%1$s Gb","other":"%1$s Gb"},"gigabyte":{"_name":"GB","one":"%1$s GB","other":"%1$s GB"},"kilobit":{"_name":"kb","one":"%1$s kb","other":"%1$s kb"},"kilobyte":{"_name":"kB","one":"%1$s kB","other":"%1$s kB"},"megabit":{"_name":"Mb","one":"%1$s Mb","other":"%1$s Mb"},"megabyte":{"_name":"MB","one":"%1$s MB","other":"%1$s MB"},"terabit":{"_name":"Tb","one":"%1$s Tb","other":"%1$s Tb"},"terabyte":{"_name":"TB","one":"%1$s TB","other":"%1$s TB"}},"duration":{"day":{"_name":"giorno","one":"%1$sgg","other":"%1$sgg"},"hour":{"_name":"ora","one":"%1$sh","other":"%1$sh","_per":"%1$s/h"},"microsecond":{"_name":"μs","one":"%1$s μs","other":"%1$s μs"},"millisecond":{"_name":"ms","one":"%1$sms","other":"%1$sms"},"minute":{"_name":"min","one":"%1$smin","other":"%1$smin"},"month":{"_name":"mese","one":"%1$smesi","other":"%1$smesi"},"nanosecond":{"_name":"ns","one":"%1$s ns","other":"%1$s ns"},"second":{"_name":"s","one":"%1$ss","other":"%1$ss","_per":"%1$s/s"},"week":{"_name":"sett.","one":"%1$ssett.","other":"%1$ssett."},"year":{"_name":"anno","one":"%1$sanno","other":"%1$sanni"}},"electric":{"ampere":{"_name":"A","one":"%1$s A","other":"%1$s A"},"milliampere":{"_name":"mA","one":"%1$s mA","other":"%1$s mA"},"ohm":{"_name":"Ω","one":"%1$s Ω","other":"%1$s Ω"},"volt":{"_name":"V","one":"%1$s V","other":"%1$s V"}},"energy":{"calorie":{"_name":"cal","one":"%1$s cal","other":"%1$s cal"},"foodcalorie":{"_name":"Cal","one":"%1$s Cal","other":"%1$s Cal"},"joule":{"_name":"J","one":"%1$s J","other":"%1$s J"},"kilocalorie":{"_name":"kcal","one":"%1$s kcal","other":"%1$s kcal"},"kilojoule":{"_name":"kJ","one":"%1$s kJ","other":"%1$s kJ"},"kilowatt-hour":{"_name":"kWh","one":"%1$s kWh","other":"%1$s kWh"}},"frequency":{"gigahertz":{"_name":"GHz","one":"%1$s GHz","other":"%1$s GHz"},"hertz":{"_name":"Hz","one":"%1$s Hz","other":"%1$s Hz"},"kilohertz":{"_name":"kHz","one":"%1$s kHz","other":"%1$s kHz"},"megahertz":{"_name":"MHz","one":"%1$s MHz","other":"%1$s MHz"}},"length":{"astronomical-unit":{"_name":"au","one":"%1$s au","other":"%1$s au"},"centimeter":{"_name":"cm","one":"%1$scm","other":"%1$scm"},"decimeter":{"_name":"dm","one":"%1$s dm","other":"%1$s dm"},"fathom":{"_name":"fm","other":"%1$s fm"},"foot":{"_name":"piedi","one":"%1$sft","other":"%1$sft"},"furlong":{"_name":"fur","other":"%1$s fur"},"inch":{"_name":"pollici","one":"%1$s″","other":"%1$s″"},"kilometer":{"_name":"km","one":"%1$skm","other":"%1$skm"},"light-year":{"_name":"al","one":"%1$sal","other":"%1$sal"},"meter":{"_name":"metro","one":"%1$sm","other":"%1$sm"},"micrometer":{"_name":"µm","one":"%1$s µm","other":"%1$s µm"},"mile":{"_name":"miglia","one":"%1$smi","other":"%1$smi"},"millimeter":{"_name":"mm","one":"%1$smm","other":"%1$smm"},"nanometer":{"_name":"nm","one":"%1$s nm","other":"%1$s nm"},"nautical-mile":{"_name":"nmi","one":"%1$s nmi","other":"%1$s nmi"},"parsec":{"_name":"pc","one":"%1$s pc","other":"%1$s pc"},"picometer":{"_name":"pm","one":"%1$spm","other":"%1$spm"},"yard":{"_name":"iarde","one":"%1$syd","other":"%1$syd"}},"light":{"lux":{"_name":"lx","one":"%1$s lx","other":"%1$s lx"}},"mass":{"carat":{"_name":"carati","one":"%1$s kt","other":"%1$s kt"},"gram":{"_name":"g","one":"%1$sg","other":"%1$sg"},"kilogram":{"_name":"kg","one":"%1$skg","other":"%1$skg"},"metric-ton":{"_name":"t","one":"%1$s t","other":"%1$s t"},"microgram":{"_name":"µg","one":"%1$s µg","other":"%1$s µg"},"milligram":{"_name":"mg","one":"%1$s mg","other":"%1$s mg"},"ounce":{"_name":"oz","one":"%1$soz","other":"%1$soz"},"ounce-troy":{"_name":"ozt","one":"%1$s ozt","other":"%1$s ozt"},"pound":{"_name":"lb","one":"%1$slb","other":"%1$slb"},"stone":{"_name":"st","other":"%1$s st"},"ton":{"_name":"tn","one":"%1$s tn","other":"%1$s tn"}},"power":{"gigawatt":{"_name":"GW","one":"%1$s GW","other":"%1$s GW"},"horsepower":{"_name":"hp","one":"%1$shp","other":"%1$shp"},"kilowatt":{"_name":"kW","one":"%1$skW","other":"%1$skW"},"megawatt":{"_name":"MW","one":"%1$s MW","other":"%1$s MW"},"milliwatt":{"_name":"mW","one":"%1$s mW","other":"%1$s mW"},"watt":{"_name":"W","one":"%1$sW","other":"%1$sW"}},"pressure":{"hectopascal":{"_name":"hPa","one":"%1$shPa","other":"%1$shPa"},"inch-hg":{"_name":"inHg","one":"%1$sinHg","other":"%1$sinHg"},"millibar":{"_name":"mbar","one":"%1$smbar","other":"%1$smbar"},"millimeter-of-mercury":{"_name":"mm Hg","one":"%1$s mm Hg","other":"%1$s mm Hg"},"pound-per-square-inch":{"_name":"psi","one":"%1$s psi","other":"%1$s psi"}},"proportion":{"karat":{"_name":"kt","one":"%1$s kt","other":"%1$s kt"}},"speed":{"kilometer-per-hour":{"_name":"km/h","one":"%1$skm/h","other":"%1$skm/h"},"meter-per-second":{"_name":"m/s","one":"%1$sm/s","other":"%1$sm/s"},"mile-per-hour":{"_name":"mi/h","one":"%1$smi/h","other":"%1$smi/h"}},"temperature":{"celsius":{"_name":"°C","one":"%1$s°C","other":"%1$s°C"},"fahrenheit":{"_name":"°F","one":"%1$s°F","other":"%1$s°F"},"generic":{"_name":"°","other":"%1$s°"},"kelvin":{"_name":"K","one":"%1$s K","other":"%1$s K"}},"volume":{"acre-foot":{"_name":"ac ft","one":"%1$s ac ft","other":"%1$s ac ft"},"bushel":{"_name":"bu","other":"%1$s bu"},"centiliter":{"_name":"cl","one":"%1$s cl","other":"%1$s cl"},"cubic-centimeter":{"_name":"cm³","one":"%1$s cm³","other":"%1$s cm³"},"cubic-foot":{"_name":"ft³","one":"%1$s ft³","other":"%1$s ft³"},"cubic-inch":{"_name":"in³","one":"%1$s in³","other":"%1$s in³"},"cubic-kilometer":{"_name":"km³","one":"%1$skm³","other":"%1$skm³"},"cubic-meter":{"_name":"m³","one":"%1$s m³","other":"%1$s m³"},"cubic-mile":{"_name":"mi³","one":"%1$smi³","other":"%1$smi³"},"cubic-yard":{"_name":"yd³","one":"%1$s yd³","other":"%1$s yd³"},"cup":{"_name":"c","one":"%1$s c","other":"%1$s c"},"deciliter":{"_name":"dl","one":"%1$s dl","other":"%1$s dl"},"fluid-ounce":{"_name":"fl oz","one":"%1$s fl oz","other":"%1$s fl oz"},"gallon":{"_name":"gal","one":"%1$s gal","other":"%1$s gal"},"hectoliter":{"_name":"hl","one":"%1$s hl","other":"%1$s hl"},"liter":{"_name":"l","one":"%1$sl","other":"%1$sl"},"megaliter":{"_name":"Ml","one":"%1$s Ml","other":"%1$s Ml"},"milliliter":{"_name":"ml","one":"%1$s ml","other":"%1$s ml"},"pint":{"_name":"pt","one":"%1$s pt","other":"%1$s pt"},"quart":{"_name":"qt","one":"%1$s qt","other":"%1$s qt"},"tablespoon":{"_name":"tbsp","one":"%1$s tbsp","other":"%1$s tbsp"},"teaspoon":{"_name":"tsp","one":"%1$s tsp","other":"%1$s tsp"}}},"_durationPattern":{"hm":"h:mm","hms":"h:mm:ss","ms":"m:ss"}}