{"months":{"format":{"abbreviated":{"1":"Jan.","2":"Feb.","3":"März","4":"Apr.","5":"Mai","6":"Juni","7":"Juli","8":"Aug.","9":"Sep.","10":"Okt.","11":"Nov.","12":"Dez."},"narrow":{"1":"J","2":"F","3":"M","4":"A","5":"M","6":"J","7":"J","8":"A","9":"S","10":"O","11":"N","12":"D"},"wide":{"1":"Januar","2":"Februar","3":"März","4":"April","5":"Mai","6":"Juni","7":"Juli","8":"August","9":"September","10":"Oktober","11":"November","12":"Dezember"}},"stand-alone":{"abbreviated":{"1":"Jan","2":"Feb","3":"Mär","4":"Apr","5":"Mai","6":"Jun","7":"Jul","8":"Aug","9":"Sep","10":"Okt","11":"Nov","12":"Dez"},"narrow":{"1":"J","2":"F","3":"M","4":"A","5":"M","6":"J","7":"J","8":"A","9":"S","10":"O","11":"N","12":"D"},"wide":{"1":"Januar","2":"Februar","3":"März","4":"April","5":"Mai","6":"Juni","7":"Juli","8":"August","9":"September","10":"Oktober","11":"November","12":"Dezember"}}},"days":{"format":{"abbreviated":{"sun":"So.","mon":"Mo.","tue":"Di.","wed":"Mi.","thu":"Do.","fri":"Fr.","sat":"Sa."},"narrow":{"sun":"S","mon":"M","tue":"D","wed":"M","thu":"D","fri":"F","sat":"S"},"short":{"sun":"So.","mon":"Mo.","tue":"Di.","wed":"Mi.","thu":"Do.","fri":"Fr.","sat":"Sa."},"wide":{"sun":"Sonntag","mon":"Montag","tue":"Dienstag","wed":"Mittwoch","thu":"Donnerstag","fri":"Freitag","sat":"Samstag"}},"stand-alone":{"abbreviated":{"sun":"So","mon":"Mo","tue":"Di","wed":"Mi","thu":"Do","fri":"Fr","sat":"Sa"},"narrow":{"sun":"S","mon":"M","tue":"D","wed":"M","thu":"D","fri":"F","sat":"S"},"short":{"sun":"So.","mon":"Mo.","tue":"Di.","wed":"Mi.","thu":"Do.","fri":"Fr.","sat":"Sa."},"wide":{"sun":"Sonntag","mon":"Montag","tue":"Dienstag","wed":"Mittwoch","thu":"Donnerstag","fri":"Freitag","sat":"Samstag"}}},"quarters":{"format":{"abbreviated":{"1":"Q1","2":"Q2","3":"Q3","4":"Q4"},"narrow":{"1":"1","2":"2","3":"3","4":"4"},"wide":{"1":"1. Quartal","2":"2. Quartal","3":"3. Quartal","4":"4. Quartal"}},"stand-alone":{"abbreviated":{"1":"Q1","2":"Q2","3":"Q3","4":"Q4"},"narrow":{"1":"1","2":"2","3":"3","4":"4"},"wide":{"1":"1. Quartal","2":"2. Quartal","3":"3. Quartal","4":"4. Quartal"}}},"dayPeriods":{"format":{"abbreviated":{"afternoon":"nachmittags","am":"vorm.","earlyMorning":"morgens","evening":"abends","morning":"vormittags","night":"nachts","noon":"mittags","pm":"nachm."},"narrow":{"am":"vm.","noon":"m.","pm":"nm."},"wide":{"afternoon":"nachmittags","am":"vorm.","earlyMorning":"morgens","evening":"abends","morning":"vormittags","night":"nachts","noon":"mittags","pm":"nachm."}},"stand-alone":{"abbreviated":{"afternoon":"nachmittags","am":"vorm.","earlyMorning":"morgens","evening":"abends","morning":"vormittags","night":"nachts","noon":"mittags","pm":"nachm."},"narrow":{"am":"vm.","noon":"m.","pm":"nm."},"wide":{"afternoon":"Nachmittag","am":"vorm.","earlyMorning":"Morgen","evening":"Abend","morning":"Vormittag","night":"Nacht","noon":"Mittag","pm":"nachm."}}},"eras":{"wide":{"0":"v. Chr.","0-alt-variant":"vor unserer Zeitrechnung","1":"n. Chr.","1-alt-variant":"unserer Zeitrechnung"},"abbreviated":{"0":"v. Chr.","0-alt-variant":"v. u. Z.","1":"n. Chr.","1-alt-variant":"u. Z."},"narrow":{"0":"v. Chr.","0-alt-variant":"v. u. Z.","1":"n. Chr.","1-alt-variant":"u. Z."}},"dateFormats":{"full":"EEEE, d. MMMM y","long":"d. MMMM y","medium":"dd.MM.y","short":"dd.MM.yy"},"timeFormats":{"full":"HH:mm:ss zzzz","long":"HH:mm:ss z","medium":"HH:mm:ss","short":"HH:mm"},"dateTimeFormats":{"full":"%2$s 'um' %1$s","long":"%2$s 'um' %1$s","medium":"%2$s, %1$s","short":"%2$s, %1$s"}}