{"ADP":{"name":"Andorranische Pesete","pluralName":{"one":"Andorranische Pesete","other":"Andorranische Peseten"}},"AED":{"name":"VAE-Dirham","pluralName":{"one":"VAE-Dirham","other":"VAE-Dirham"}},"AFA":{"name":"Afghanische Afghani (1927–2002)","pluralName":{"one":"Afghanische Afghani (1927–2002)","other":"Afghanische Afghani (1927–2002)"}},"AFN":{"name":"Afghanischer Afghani","pluralName":{"one":"Afghanischer Afghani","other":"Afghanische Afghani"}},"ALK":{"name":"Albanischer Lek (1946–1965)","pluralName":{"one":"Albanischer Lek (1946–1965)","other":"Albanische Lek (1946–1965)"}},"ALL":{"name":"Albanischer Lek","pluralName":{"one":"Albanischer Lek","other":"Albanische Lek"}},"AMD":{"name":"Armenischer Dram","pluralName":{"one":"Armenischer Dram","other":"Armenische Dram"}},"ANG":{"name":"Niederländische-Antillen-Gulden","pluralName":{"one":"Niederländische-Antillen-Gulden","other":"Niederländische-Antillen-Gulden"}},"AOA":{"name":"Angolanischer Kwanza","pluralName":{"one":"Angolanischer Kwanza","other":"Angolanische Kwanza"},"symbolNarrow":"Kz"},"AOK":{"name":"Angolanischer Kwanza (1977–1990)","pluralName":{"one":"Angolanischer Kwanza (1977–1990)","other":"Angolanische Kwanza (1977–1990)"}},"AON":{"name":"Angolanischer Neuer Kwanza (1990–2000)","pluralName":{"one":"Angolanischer Neuer Kwanza (1990–2000)","other":"Angolanische Neue Kwanza (1990–2000)"}},"AOR":{"name":"Angolanischer Kwanza Reajustado (1995–1999)","pluralName":{"one":"Angolanischer Kwanza Reajustado (1995–1999)","other":"Angolanische Kwanza Reajustado (1995–1999)"}},"ARA":{"name":"Argentinischer Austral","pluralName":{"one":"Argentinischer Austral","other":"Argentinische Austral"}},"ARL":{"name":"Argentinischer Peso Ley (1970–1983)","pluralName":{"one":"Argentinischer Peso Ley (1970–1983)","other":"Argentinische Pesos Ley (1970–1983)"}},"ARM":{"name":"Argentinischer Peso (1881–1970)","pluralName":{"one":"Argentinischer Peso (1881–1970)","other":"Argentinische Pesos (1881–1970)"}},"ARP":{"name":"Argentinischer Peso (1983–1985)","pluralName":{"one":"Argentinischer Peso (1983–1985)","other":"Argentinische Peso (1983–1985)"}},"ARS":{"name":"Argentinischer Peso","pluralName":{"one":"Argentinischer Peso","other":"Argentinische Pesos"},"symbolNarrow":"$"},"ATS":{"symbol":"öS","name":"Österreichischer Schilling","pluralName":{"one":"Österreichischer Schilling","other":"Österreichische Schilling"}},"AUD":{"symbol":"AU$","name":"Australischer Dollar","pluralName":{"one":"Australischer Dollar","other":"Australische Dollar"},"symbolNarrow":"$"},"AWG":{"name":"Aruba-Florin","pluralName":{"one":"Aruba-Florin","other":"Aruba-Florin"}},"AZM":{"name":"Aserbaidschan-Manat (1993–2006)","pluralName":{"one":"Aserbaidschan-Manat (1993–2006)","other":"Aserbaidschan-Manat (1993–2006)"}},"AZN":{"name":"Aserbaidschan-Manat","pluralName":{"one":"Aserbaidschan-Manat","other":"Aserbaidschan-Manat"}},"BAD":{"name":"Bosnien und Herzegowina Dinar (1992–1994)","pluralName":{"one":"Bosnien und Herzegowina Dinar (1992–1994)","other":"Bosnien und Herzegowina Dinar (1992–1994)"}},"BAM":{"name":"Bosnien und Herzegowina Konvertierbare Mark","pluralName":{"one":"Bosnien und Herzegowina Konvertierbare Mark","other":"Bosnien und Herzegowina Konvertierbare Mark"},"symbolNarrow":"KM"},"BAN":{"name":"Bosnien und Herzegowina Neuer Dinar (1994–1997)","pluralName":{"one":"Bosnien und Herzegowina Neuer Dinar (1994–1997)","other":"Bosnien und Herzegowina Neue Dinar (1994–1997)"}},"BBD":{"name":"Barbados-Dollar","pluralName":{"one":"Barbados-Dollar","other":"Barbados-Dollar"},"symbolNarrow":"$"},"BDT":{"name":"Bangladesch-Taka","pluralName":{"one":"Bangladesch-Taka","other":"Bangladesch-Taka"},"symbolNarrow":"৳"},"BEC":{"name":"Belgischer Franc (konvertibel)","pluralName":{"one":"Belgischer Franc (konvertibel)","other":"Belgische Franc (konvertibel)"}},"BEF":{"name":"Belgischer Franc","pluralName":{"one":"Belgischer Franc","other":"Belgische Franc"}},"BEL":{"name":"Belgischer Finanz-Franc","pluralName":{"one":"Belgischer Finanz-Franc","other":"Belgische Finanz-Franc"}},"BGL":{"name":"Bulgarische Lew (1962–1999)","pluralName":{"one":"Bulgarische Lew (1962–1999)","other":"Bulgarische Lew (1962–1999)"}},"BGM":{"symbol":"BGK","name":"Bulgarischer Lew (1952–1962)","pluralName":{"one":"Bulgarischer Lew (1952–1962)","other":"Bulgarische Lew (1952–1962)"}},"BGN":{"name":"Bulgarischer Lew","pluralName":{"one":"Bulgarischer Lew","other":"Bulgarische Lew"}},"BGO":{"symbol":"BGJ","name":"Bulgarischer Lew (1879–1952)","pluralName":{"one":"Bulgarischer Lew (1879–1952)","other":"Bulgarische Lew (1879–1952)"}},"BHD":{"name":"Bahrain-Dinar","pluralName":{"one":"Bahrain-Dinar","other":"Bahrain-Dinar"}},"BIF":{"name":"Burundi-Franc","pluralName":{"one":"Burundi-Franc","other":"Burundi-Francs"}},"BMD":{"name":"Bermuda-Dollar","pluralName":{"one":"Bermuda-Dollar","other":"Bermuda-Dollar"},"symbolNarrow":"$"},"BND":{"name":"Brunei-Dollar","pluralName":{"one":"Brunei-Dollar","other":"Brunei-Dollar"},"symbolNarrow":"$"},"BOB":{"name":"Bolivanischer Boliviano","pluralName":{"one":"Bolivanischer Boliviano","other":"Bolivianische Bolivianos"},"symbolNarrow":"Bs"},"BOL":{"name":"Bolivianischer Boliviano (1863–1963)","pluralName":{"one":"Bolivianischer Boliviano (1863–1963)","other":"Bolivianische Bolivianos (1863–1963)"}},"BOP":{"name":"Bolivianischer Peso","pluralName":{"one":"Bolivianischer Peso","other":"Bolivianische Peso"}},"BOV":{"name":"Boliviansiche Mvdol","pluralName":{"one":"Boliviansiche Mvdol","other":"Bolivianische Mvdol"}},"BRB":{"name":"Brasilianischer Cruzeiro Novo (1967–1986)","pluralName":{"one":"Brasilianischer Cruzeiro Novo (1967–1986)","other":"Brasilianische Cruzeiro Novo (1967–1986)"}},"BRC":{"name":"Brasilianischer Cruzado (1986–1989)","pluralName":{"one":"Brasilianischer Cruzado (1986–1989)","other":"Brasilianische Cruzado (1986–1989)"}},"BRE":{"name":"Brasilianischer Cruzeiro (1990–1993)","pluralName":{"one":"Brasilianischer Cruzeiro (1990–1993)","other":"Brasilianische Cruzeiro (1990–1993)"}},"BRL":{"symbol":"R$","name":"Brasilianischer Real","pluralName":{"one":"Brasilianischer Real","other":"Brasilianische Real"},"symbolNarrow":"R$"},"BRN":{"name":"Brasilianischer Cruzado Novo (1989–1990)","pluralName":{"one":"Brasilianischer Cruzado Novo (1989–1990)","other":"Brasilianische Cruzado Novo (1989–1990)"}},"BRR":{"name":"Brasilianischer Cruzeiro (1993–1994)","pluralName":{"one":"Brasilianischer Cruzeiro (1993–1994)","other":"Brasilianische Cruzeiro (1993–1994)"}},"BRZ":{"name":"Brasilianischer Cruzeiro (1942–1967)","pluralName":{"one":"Brasilianischer Cruzeiro (1942–1967)","other":"Brasilianischer Cruzeiro (1942–1967)"}},"BSD":{"name":"Bahamas-Dollar","pluralName":{"one":"Bahamas-Dollar","other":"Bahamas-Dollar"},"symbolNarrow":"$"},"BTN":{"name":"Bhutan-Ngultrum","pluralName":{"one":"Bhutan-Ngultrum","other":"Bhutan-Ngultrum"}},"BUK":{"name":"Birmanischer Kyat","pluralName":{"one":"Birmanischer Kyat","other":"Birmanische Kyat"}},"BWP":{"name":"Botswanischer Pula","pluralName":{"one":"Botswanischer Pula","other":"Botswanische Pula"},"symbolNarrow":"P"},"BYB":{"name":"Belarus-Rubel (1994–1999)","pluralName":{"one":"Belarus-Rubel (1994–1999)","other":"Belarus-Rubel (1994–1999)"}},"BYR":{"name":"Weißrussischer Rubel","pluralName":{"one":"Weißrussischer Rubel","other":"Weißrussische Rubel"},"symbolNarrow":"р."},"BZD":{"name":"Belize-Dollar","pluralName":{"one":"Belize-Dollar","other":"Belize-Dollar"},"symbolNarrow":"$"},"CAD":{"symbol":"CA$","name":"Kanadischer Dollar","pluralName":{"one":"Kanadischer Dollar","other":"Kanadische Dollar"},"symbolNarrow":"$"},"CDF":{"name":"Kongo-Franc","pluralName":{"one":"Kongo-Franc","other":"Kongo-Francs"}},"CHE":{"name":"WIR-Euro","pluralName":{"one":"WIR-Euro","other":"WIR-Euro"}},"CHF":{"name":"Schweizer Franken","pluralName":{"one":"Schweizer Franken","other":"Schweizer Franken"}},"CHW":{"name":"WIR Franken","pluralName":{"one":"WIR Franken","other":"WIR Franken"}},"CLE":{"name":"Chilenischer Escudo","pluralName":{"one":"Chilenischer Escudo","other":"Chilenische Escudo"}},"CLF":{"name":"Chilenische Unidades de Fomento","pluralName":{"one":"Chilenische Unidades de Fomento","other":"Chilenische Unidades de Fomento"}},"CLP":{"name":"Chilenischer Peso","pluralName":{"one":"Chilenischer Peso","other":"Chilenische Pesos"},"symbolNarrow":"$"},"CNX":{"name":"Dollar der Chinesischen Volksbank","pluralName":{"one":"Dollar der Chinesischen Volksbank","other":"Dollar der Chinesischen Volksbank"}},"CNY":{"symbol":"CN¥","name":"Renminbi Yuan","pluralName":{"one":"Chinesischer Yuan","other":"Renminbi Yuan"},"symbolNarrow":"¥"},"COP":{"name":"Kolumbianischer Peso","pluralName":{"one":"Kolumbianischer Peso","other":"Kolumbianische Pesos"},"symbolNarrow":"$"},"COU":{"name":"Kolumbianische Unidades de valor real","pluralName":{"one":"Kolumbianische Unidad de valor real","other":"Kolumbianische Unidades de valor real"}},"CRC":{"name":"Costa-Rica-Colón","pluralName":{"one":"Costa-Rica-Colón","other":"Costa-Rica-Colón"},"symbolNarrow":"₡"},"CSD":{"name":"Serbischer Dinar (2002–2006)","pluralName":{"one":"Serbischer Dinar (2002–2006)","other":"Serbische Dinar (2002–2006)"}},"CSK":{"name":"Tschechoslowakische Krone","pluralName":{"one":"Tschechoslowakische Kronen","other":"Tschechoslowakische Kronen"}},"CUC":{"name":"Kubanischer Peso (konvertibel)","pluralName":{"one":"Kubanischer Peso (konvertibel)","other":"Kubanische Pesos (konvertibel)"},"symbolNarrow":"$"},"CUP":{"name":"Kubanischer Peso","pluralName":{"one":"Kubanischer Peso","other":"Kubanische Pesos"},"symbolNarrow":"$"},"CVE":{"name":"Kap-Verde-Escudo","pluralName":{"one":"Kap-Verde-Escudo","other":"Kap-Verde-Escudos"}},"CYP":{"name":"Zypern-Pfund","pluralName":{"one":"Zypern Pfund","other":"Zypern Pfund"}},"CZK":{"name":"Tschechische Krone","pluralName":{"one":"Tschechische Krone","other":"Tschechische Kronen"},"symbolNarrow":"Kč"},"DDM":{"name":"Mark der DDR","pluralName":{"one":"Mark der DDR","other":"Mark der DDR"}},"DEM":{"symbol":"DM","name":"Deutsche Mark","pluralName":{"one":"Deutsche Mark","other":"Deutsche Mark"}},"DJF":{"name":"Dschibuti-Franc","pluralName":{"one":"Dschibuti-Franc","other":"Dschibuti-Franc"}},"DKK":{"name":"Dänische Krone","pluralName":{"one":"Dänische Krone","other":"Dänische Kronen"},"symbolNarrow":"kr"},"DOP":{"name":"Dominikanischer Peso","pluralName":{"one":"Dominikanischer Peso","other":"Dominikanische Pesos"},"symbolNarrow":"$"},"DZD":{"name":"Algerischer Dinar","pluralName":{"one":"Algerischer Dinar","other":"Algerische Dinar"}},"ECS":{"name":"Ecuadorianischer Sucre","pluralName":{"one":"Ecuadorianischer Sucre","other":"Ecuadorianische Sucre"}},"ECV":{"name":"Verrechnungseinheit für Ecuador","pluralName":{"one":"Verrechnungseinheiten für Ecuador","other":"Verrechnungseinheiten für Ecuador"}},"EEK":{"name":"Estnische Krone","pluralName":{"one":"Estnische Krone","other":"Estnische Kronen"}},"EGP":{"name":"Ägyptisches Pfund","pluralName":{"one":"Ägyptisches Pfund","other":"Ägyptische Pfund"},"symbolNarrow":"E£"},"ERN":{"name":"Eritreischer Nakfa","pluralName":{"one":"Eritreischer Nakfa","other":"Eritreische Nakfa"}},"ESA":{"name":"Spanische Peseta (A–Konten)","pluralName":{"one":"Spanische Peseta (A–Konten)","other":"Spanische Peseten (A–Konten)"}},"ESB":{"name":"Spanische Peseta (konvertibel)","pluralName":{"one":"Spanische Peseta (konvertibel)","other":"Spanische Peseten (konvertibel)"}},"ESP":{"name":"Spanische Peseta","pluralName":{"one":"Spanische Peseta","other":"Spanische Peseten"},"symbolNarrow":"₧"},"ETB":{"name":"Äthiopischer Birr","pluralName":{"one":"Äthiopischer Birr","other":"Äthiopische Birr"}},"EUR":{"symbol":"€","name":"Euro","pluralName":{"one":"Euro","other":"Euro"},"symbolNarrow":"€"},"FIM":{"name":"Finnische Mark","pluralName":{"one":"Finnische Mark","other":"Finnische Mark"}},"FJD":{"name":"Fidschi-Dollar","pluralName":{"one":"Fidschi-Dollar","other":"Fidschi-Dollar"},"symbolNarrow":"$"},"FKP":{"name":"Falkland-Pfund","pluralName":{"one":"Falkland-Pfund","other":"Falkland-Pfund"},"symbolNarrow":"£"},"FRF":{"name":"Französischer Franc","pluralName":{"one":"Französischer Franc","other":"Französische Franc"}},"GBP":{"symbol":"£","name":"Britisches Pfund","pluralName":{"one":"Britisches Pfund","other":"Britische Pfund"},"symbolNarrow":"£"},"GEK":{"name":"Georgischer Kupon Larit","pluralName":{"one":"Georgischer Kupon Larit","other":"Georgische Kupon Larit"}},"GEL":{"name":"Georgischer Lari","pluralName":{"one":"Georgischer Lari","other":"Georgische Lari"}},"GHC":{"name":"Ghanaischer Cedi (1979–2007)","pluralName":{"one":"Ghanaischer Cedi (1979–2007)","other":"Ghanaische Cedi (1979–2007)"}},"GHS":{"name":"Ghanaischer Cedi","pluralName":{"one":"Ghanaischer Cedi","other":"Ghanaische Cedi"}},"GIP":{"name":"Gibraltar-Pfund","pluralName":{"one":"Gibraltar-Pfund","other":"Gibraltar Pfund"},"symbolNarrow":"£"},"GMD":{"name":"Gambia-Dalasi","pluralName":{"one":"Gambia-Dalasi","other":"Gambia-Dalasi"}},"GNF":{"name":"Guinea-Franc","pluralName":{"one":"Guinea-Franc","other":"Guinea-Franc"},"symbolNarrow":"FG"},"GNS":{"name":"Guineischer Syli","pluralName":{"one":"Guineischer Syli","other":"Guineische Syli"}},"GQE":{"name":"Äquatorialguinea-Ekwele","pluralName":{"one":"Äquatorialguinea-Ekwele","other":"Äquatorialguinea-Ekwele"}},"GRD":{"name":"Griechische Drachme","pluralName":{"one":"Griechische Drachme","other":"Griechische Drachmen"}},"GTQ":{"name":"Guatemaltekischer Quetzal","pluralName":{"one":"Guatemaltekischer Quetzal","other":"Guatemaltekische Quetzales"},"symbolNarrow":"Q"},"GWE":{"name":"Portugiesisch Guinea Escudo","pluralName":{"one":"Portugiesisch Guinea Escudo","other":"Portugiesisch Guinea Escudo"}},"GWP":{"name":"Guinea-Bissau Peso","pluralName":{"one":"Guinea-Bissau Peso","other":"Guinea-Bissau Pesos"}},"GYD":{"name":"Guyana-Dollar","pluralName":{"one":"Guyana-Dollar","other":"Guyana-Dollar"},"symbolNarrow":"$"},"HKD":{"symbol":"HK$","name":"Hongkong-Dollar","pluralName":{"one":"Hongkong-Dollar","other":"Hongkong-Dollar"},"symbolNarrow":"$"},"HNL":{"name":"Honduras-Lempira","pluralName":{"one":"Honduras-Lempira","other":"Honduras-Lempira"},"symbolNarrow":"L"},"HRD":{"name":"Kroatischer Dinar","pluralName":{"one":"Kroatischer Dinar","other":"Kroatische Dinar"}},"HRK":{"name":"Kroatischer Kuna","pluralName":{"one":"Kroatischer Kuna","other":"Kroatische Kuna"},"symbolNarrow":"kn"},"HTG":{"name":"Haitianische Gourde","pluralName":{"one":"Haitianische Gourde","other":"Haitianische Gourdes"}},"HUF":{"name":"Ungarischer Forint","pluralName":{"one":"Ungarischer Forint","other":"Ungarische Forint"},"symbolNarrow":"Ft"},"IDR":{"name":"Indonesische Rupiah","pluralName":{"one":"Indonesische Rupiah","other":"Indonesische Rupiah"},"symbolNarrow":"Rp"},"IEP":{"name":"Irisches Pfund","pluralName":{"one":"Irisches Pfund","other":"Irische Pfund"}},"ILP":{"name":"Israelisches Pfund","pluralName":{"one":"Israelisches Pfund","other":"Israelische Pfund"}},"ILR":{"name":"Israelischer Schekel (1980–1985)","pluralName":{"one":"Israelischer Schekel (1980–1985)","other":"Israelische Schekel (1980–1985)"}},"ILS":{"symbol":"₪","name":"Israelischer Neuer Schekel","pluralName":{"one":"Israelischer Neuer Schekel","other":"Israelische Neue Schekel"},"symbolNarrow":"₪"},"INR":{"symbol":"₹","name":"Indische Rupie","pluralName":{"one":"Indische Rupie","other":"Indische Rupien"},"symbolNarrow":"₹"},"IQD":{"name":"Irakischer Dinar","pluralName":{"one":"Irakischer Dinar","other":"Irakische Dinar"}},"IRR":{"name":"Iranischer Rial","pluralName":{"one":"Iranischer Rial","other":"Iranische Rial"}},"ISJ":{"name":"Isländische Krone (1918–1981)","pluralName":{"one":"Isländische Krone (1918–1981)","other":"Isländische Kronen (1918–1981)"}},"ISK":{"name":"Isländische Krone","pluralName":{"one":"Isländische Krone","other":"Isländische Kronen"},"symbolNarrow":"kr"},"ITL":{"name":"Italienische Lira","pluralName":{"one":"Italienische Lira","other":"Italienische Lire"}},"JMD":{"name":"Jamaika-Dollar","pluralName":{"one":"Jamaika-Dollar","other":"Jamaika-Dollar"},"symbolNarrow":"$"},"JOD":{"name":"Jordanischer Dinar","pluralName":{"one":"Jordanischer Dinar","other":"Jordanische Dinar"}},"JPY":{"symbol":"¥","name":"Japanischer Yen","pluralName":{"one":"Japanischer Yen","other":"Japanische Yen"},"symbolNarrow":"¥"},"KES":{"name":"Kenia-Schilling","pluralName":{"one":"Kenia-Schilling","other":"Kenia-Schilling"}},"KGS":{"name":"Kirgisischer Som","pluralName":{"one":"Kirgisischer Som","other":"Kirgisische Som"}},"KHR":{"name":"Kambodschanischer Riel","pluralName":{"one":"Kambodschanischer Riel","other":"Kambodschanische Riel"},"symbolNarrow":"៛"},"KMF":{"name":"Komoren-Franc","pluralName":{"one":"Komoren-Franc","other":"Komoren-Francs"},"symbolNarrow":"CF"},"KPW":{"name":"Nordkoreanischer Won","pluralName":{"one":"Nordkoreanischer Won","other":"Nordkoreanische Won"},"symbolNarrow":"₩"},"KRH":{"name":"Südkoreanischer Hwan (1953–1962)","pluralName":{"one":"Südkoreanischer Hwan (1953–1962)","other":"Südkoreanischer Hwan (1953–1962)"}},"KRO":{"name":"Südkoreanischer Won (1945–1953)","pluralName":{"one":"Südkoreanischer Won (1945–1953)","other":"Südkoreanischer Won (1945–1953)"}},"KRW":{"symbol":"₩","name":"Südkoreanischer Won","pluralName":{"one":"Südkoreanischer Won","other":"Südkoreanische Won"},"symbolNarrow":"₩"},"KWD":{"name":"Kuwait-Dinar","pluralName":{"one":"Kuwait-Dinar","other":"Kuwait-Dinar"}},"KYD":{"name":"Kaiman-Dollar","pluralName":{"one":"Kaiman-Dollar","other":"Kaiman-Dollar"},"symbolNarrow":"$"},"KZT":{"name":"Kasachischer Tenge","pluralName":{"one":"Kasachischer Tenge","other":"Kasachische Tenge"},"symbolNarrow":"₸"},"LAK":{"name":"Laotischer Kip","pluralName":{"one":"Laotischer Kip","other":"Laotische Kip"},"symbolNarrow":"₭"},"LBP":{"name":"Libanesisches Pfund","pluralName":{"one":"Libanesisches Pfund","other":"Libanesische Pfund"},"symbolNarrow":"L£"},"LKR":{"name":"Sri-Lanka-Rupie","pluralName":{"one":"Sri-Lanka-Rupie","other":"Sri-Lanka-Rupien"},"symbolNarrow":"Rs"},"LRD":{"name":"Liberianischer Dollar","pluralName":{"one":"Liberianischer Dollar","other":"Liberianische Dollar"},"symbolNarrow":"$"},"LSL":{"name":"Loti","pluralName":{"one":"Loti","other":"Loti"}},"LTL":{"name":"Litauischer Litas","pluralName":{"one":"Litauischer Litas","other":"Litauische Litas"},"symbolNarrow":"Lt"},"LTT":{"name":"Litauischer Talonas","pluralName":{"one":"Litauische Talonas","other":"Litauische Talonas"}},"LUC":{"name":"Luxemburgischer Franc (konvertibel)","pluralName":{"one":"Luxemburgische Franc (konvertibel)","other":"Luxemburgische Franc (konvertibel)"}},"LUF":{"name":"Luxemburgischer Franc","pluralName":{"one":"Luxemburgische Franc","other":"Luxemburgische Franc"}},"LUL":{"name":"Luxemburgischer Finanz-Franc","pluralName":{"one":"Luxemburgische Finanz-Franc","other":"Luxemburgische Finanz-Franc"}},"LVL":{"name":"Lettischer Lats","pluralName":{"one":"Lettischer Lats","other":"Lettische Lats"},"symbolNarrow":"Ls"},"LVR":{"name":"Lettischer Rubel","pluralName":{"one":"Lettische Rubel","other":"Lettische Rubel"}},"LYD":{"name":"Libyscher Dinar","pluralName":{"one":"Libyscher Dinar","other":"Libysche Dinar"}},"MAD":{"name":"Marokkanischer Dirham","pluralName":{"one":"Marokkanischer Dirham","other":"Marokkanische Dirham"}},"MAF":{"name":"Marokkanischer Franc","pluralName":{"one":"Marokkanische Franc","other":"Marokkanische Franc"}},"MCF":{"name":"Monegassischer Franc","pluralName":{"one":"Monegassischer Franc","other":"Monegassische Franc"}},"MDC":{"name":"Moldau-Cupon","pluralName":{"one":"Moldau-Cupon","other":"Moldau-Cupon"}},"MDL":{"name":"Moldau-Leu","pluralName":{"one":"Moldau-Leu","other":"Moldau-Leu"}},"MGA":{"name":"Madagaskar-Ariary","pluralName":{"one":"Madagaskar-Ariary","other":"Madagaskar-Ariary"},"symbolNarrow":"Ar"},"MGF":{"name":"Madagaskar-Franc","pluralName":{"one":"Madagaskar-Franc","other":"Madagaskar-Franc"}},"MKD":{"name":"Mazedonischer Denar","pluralName":{"one":"Mazedonischer Denar","other":"Mazedonische Denari"}},"MKN":{"name":"Mazedonischer Denar (1992–1993)","pluralName":{"one":"Mazedonischer Denar (1992–1993)","other":"Mazedonische Denar (1992–1993)"}},"MLF":{"name":"Malischer Franc","pluralName":{"one":"Malische Franc","other":"Malische Franc"}},"MMK":{"name":"Myanmarischer Kyat","pluralName":{"one":"Myanmarischer Kyat","other":"Myanmarische Kyat"},"symbolNarrow":"K"},"MNT":{"name":"Mongolischer Tögrög","pluralName":{"one":"Mongolischer Tögrög","other":"Mongolische Tögrög"},"symbolNarrow":"₮"},"MOP":{"name":"Macao-Pataca","pluralName":{"one":"Macao-Pataca","other":"Macao-Pataca"}},"MRO":{"name":"Mauretanischer Ouguiya","pluralName":{"one":"Mauretanischer Ouguiya","other":"Mauretanische Ouguiya"}},"MTL":{"name":"Maltesische Lira","pluralName":{"one":"Maltesische Lira","other":"Maltesische Lira"}},"MTP":{"name":"Maltesisches Pfund","pluralName":{"one":"Maltesische Pfund","other":"Maltesische Pfund"}},"MUR":{"name":"Mauritius-Rupie","pluralName":{"one":"Mauritius-Rupie","other":"Mauritius-Rupien"},"symbolNarrow":"Rs"},"MVP":{"name":"Malediven-Rupie (alt)","pluralName":{"one":"Malediven-Rupie (alt)","other":"Malediven-Rupien (alt)"}},"MVR":{"name":"Malediven-Rufiyaa","pluralName":{"one":"Malediven-Rufiyaa","other":"Malediven-Rupien"}},"MWK":{"name":"Malawi-Kwacha","pluralName":{"one":"Malawi-Kwacha","other":"Malawi-Kwacha"}},"MXN":{"symbol":"MX$","name":"Mexikanischer Peso","pluralName":{"one":"Mexikanischer Peso","other":"Mexikanische Pesos"},"symbolNarrow":"$"},"MXP":{"name":"Mexikanischer Silber-Peso (1861–1992)","pluralName":{"one":"Mexikanische Silber-Peso (1861–1992)","other":"Mexikanische Silber-Pesos (1861–1992)"}},"MXV":{"name":"Mexicanischer Unidad de Inversion (UDI)","pluralName":{"one":"Mexicanischer Unidad de Inversion (UDI)","other":"Mexikanische Unidad de Inversion (UDI)"}},"MYR":{"name":"Malaysischer Ringgit","pluralName":{"one":"Malaysischer Ringgit","other":"Malaysische Ringgit"},"symbolNarrow":"RM"},"MZE":{"name":"Mosambikanischer Escudo","pluralName":{"one":"Mozambikanische Escudo","other":"Mozambikanische Escudo"}},"MZM":{"name":"Mosambikanischer Metical (1980–2006)","pluralName":{"one":"Mosambikanischer Metical (1980–2006)","other":"Mosambikanische Meticais (1980–2006)"}},"MZN":{"name":"Mosambikanischer Metical","pluralName":{"one":"Mosambikanischer Metical","other":"Mosambikanische Meticais"}},"NAD":{"name":"Namibia-Dollar","pluralName":{"one":"Namibia-Dollar","other":"Namibia-Dollar"},"symbolNarrow":"$"},"NGN":{"name":"Nigerianischer Naira","pluralName":{"one":"Nigerianischer Naira","other":"Nigerianische Naira"},"symbolNarrow":"₦"},"NIC":{"name":"Nicaraguanischer Córdoba (1988–1991)","pluralName":{"one":"Nicaraguanischer Córdoba (1988–1991)","other":"Nicaraguanische Córdoba (1988–1991)"}},"NIO":{"name":"Nicaragua-Córdoba","pluralName":{"one":"Nicaragua-Córdoba","other":"Nicaragua-Córdobas"},"symbolNarrow":"C$"},"NLG":{"name":"Niederländischer Gulden","pluralName":{"one":"Niederländischer Gulden","other":"Niederländische Gulden"}},"NOK":{"name":"Norwegische Krone","pluralName":{"one":"Norwegische Krone","other":"Norwegische Kronen"},"symbolNarrow":"kr"},"NPR":{"name":"Nepalesische Rupie","pluralName":{"one":"Nepalesische Rupie","other":"Nepalesische Rupien"},"symbolNarrow":"Rs"},"NZD":{"symbol":"NZ$","name":"Neuseeland-Dollar","pluralName":{"one":"Neuseeland-Dollar","other":"Neuseeland-Dollar"},"symbolNarrow":"$"},"OMR":{"name":"Omanischer Rial","pluralName":{"one":"Omanischer Rial","other":"Omanische Rials"}},"PAB":{"name":"Panamaischer Balboa","pluralName":{"one":"Panamaischer Balboa","other":"Panamaische Balboas"}},"PEI":{"name":"Peruanischer Inti","pluralName":{"one":"Peruanische Inti","other":"Peruanische Inti"}},"PEN":{"name":"Peruanischer Neuer Sol","pluralName":{"one":"Peruanischer Neuer Sol","other":"Peruanische Neue Sol"}},"PES":{"name":"Peruanischer Sol (1863–1965)","pluralName":{"one":"Peruanischer Sol (1863–1965)","other":"Peruanische Sol (1863–1965)"}},"PGK":{"name":"Papua-Neuguineischer Kina","pluralName":{"one":"Papua-Neuguineischer Kina","other":"Papua-Neuguineische Kina"}},"PHP":{"name":"Philippinischer Peso","pluralName":{"one":"Philippinischer Peso","other":"Philippinische Pesos"},"symbolNarrow":"₱"},"PKR":{"name":"Pakistanische Rupie","pluralName":{"one":"Pakistanische Rupie","other":"Pakistanische Rupien"},"symbolNarrow":"Rs"},"PLN":{"name":"Polnischer Złoty","pluralName":{"one":"Polnischer Złoty","other":"Polnische Złoty"},"symbolNarrow":"zł"},"PLZ":{"name":"Polnischer Zloty (1950–1995)","pluralName":{"one":"Polnischer Zloty (1950–1995)","other":"Polnische Zloty (1950–1995)"}},"PTE":{"name":"Portugiesischer Escudo","pluralName":{"one":"Portugiesische Escudo","other":"Portugiesische Escudo"}},"PYG":{"name":"Paraguayischer Guaraní","pluralName":{"one":"Paraguayischer Guaraní","other":"Paraguayische Guaraníes"},"symbolNarrow":"₲"},"QAR":{"name":"Katar-Riyal","pluralName":{"one":"Katar-Riyal","other":"Katar-Riyal"}},"RHD":{"name":"Rhodesischer Dollar","pluralName":{"one":"Rhodesische Dollar","other":"Rhodesische Dollar"}},"ROL":{"name":"Rumänischer Leu (1952–2006)","pluralName":{"one":"Rumänischer Leu (1952–2006)","other":"Rumänische Leu (1952–2006)"}},"RON":{"name":"Rumänischer Leu","pluralName":{"one":"Rumänischer Leu","other":"Rumänische Leu"}},"RSD":{"name":"Serbischer Dinar","pluralName":{"one":"Serbischer Dinar","other":"Serbische Dinaren"}},"RUB":{"name":"Russischer Rubel","pluralName":{"one":"Russischer Rubel","other":"Russische Rubel"},"symbolAlt":"₽"},"RUR":{"name":"Russischer Rubel (1991–1998)","pluralName":{"one":"Russischer Rubel (1991–1998)","other":"Russische Rubel (1991–1998)"},"symbolNarrow":"р."},"RWF":{"name":"Ruanda-Franc","pluralName":{"one":"Ruanda-Franc","other":"Ruanda-Francs"},"symbolNarrow":"RF"},"SAR":{"name":"Saudi-Rial","pluralName":{"one":"Saudi-Rial","other":"Saudi-Rial"}},"SBD":{"name":"Salomonen-Dollar","pluralName":{"one":"Salomonen-Dollar","other":"Salomonen-Dollar"},"symbolNarrow":"$"},"SCR":{"name":"Seychellen-Rupie","pluralName":{"one":"Seychellen-Rupie","other":"Seychellen-Rupien"}},"SDD":{"name":"Sudanesischer Dinar (1992–2007)","pluralName":{"one":"Sudanesischer Dinar (1992–2007)","other":"Sudanesische Dinar (1992–2007)"}},"SDG":{"name":"Sudanesisches Pfund","pluralName":{"one":"Sudanesisches Pfund","other":"Sudanesische Pfund"}},"SDP":{"name":"Sudanesisches Pfund (1957–1998)","pluralName":{"one":"Sudanesisches Pfund (1957–1998)","other":"Sudanesische Pfund (1957–1998)"}},"SEK":{"name":"Schwedische Krone","pluralName":{"one":"Schwedische Krone","other":"Schwedische Kronen"},"symbolNarrow":"kr"},"SGD":{"name":"Singapur-Dollar","pluralName":{"one":"Singapur-Dollar","other":"Singapur-Dollar"},"symbolNarrow":"$"},"SHP":{"name":"St. Helena-Pfund","pluralName":{"one":"St. Helena-Pfund","other":"St. Helena-Pfund"},"symbolNarrow":"£"},"SIT":{"name":"Slowenischer Tolar","pluralName":{"one":"Slowenischer Tolar","other":"Slowenische Tolar"}},"SKK":{"name":"Slowakische Krone","pluralName":{"one":"Slowakische Kronen","other":"Slowakische Kronen"}},"SLL":{"name":"Sierra-leonischer Leone","pluralName":{"one":"Sierra-leonischer Leone","other":"Sierra-leonische Leones"}},"SOS":{"name":"Somalia-Schilling","pluralName":{"one":"Somalia-Schilling","other":"Somalia-Schilling"}},"SRD":{"name":"Suriname-Dollar","pluralName":{"one":"Suriname-Dollar","other":"Suriname-Dollar"},"symbolNarrow":"$"},"SRG":{"name":"Suriname Gulden","pluralName":{"one":"Suriname-Gulden","other":"Suriname-Gulden"}},"SSP":{"name":"Südsudanesisches Pfund","pluralName":{"one":"Südsudanesisches Pfund","other":"Südsudanesische Pfund"},"symbolNarrow":"£"},"STD":{"name":"São-toméischer Dobra","pluralName":{"one":"São-toméischer Dobra","other":"São-toméische Dobra"},"symbolNarrow":"Db"},"SUR":{"name":"Sowjetischer Rubel","pluralName":{"one":"Sowjetische Rubel","other":"Sowjetische Rubel"}},"SVC":{"name":"El Salvador Colon","pluralName":{"one":"El Salvador-Colon","other":"El Salvador-Colon"}},"SYP":{"name":"Syrisches Pfund","pluralName":{"one":"Syrisches Pfund","other":"Syrische Pfund"},"symbolNarrow":"£"},"SZL":{"name":"Swasiländischer Lilangeni","pluralName":{"one":"Swasiländischer Lilangeni","other":"Swasiländische Emalangeni"}},"THB":{"symbol":"฿","name":"Thailändischer Baht","pluralName":{"one":"Thailändischer Baht","other":"Thailändische Baht"},"symbolNarrow":"฿"},"TJR":{"name":"Tadschikistan Rubel","pluralName":{"one":"Tadschikistan-Rubel","other":"Tadschikistan-Rubel"}},"TJS":{"name":"Tadschikistan-Somoni","pluralName":{"one":"Tadschikistan-Somoni","other":"Tadschikistan-Somoni"}},"TMM":{"name":"Turkmenistan-Manat (1993–2009)","pluralName":{"one":"Turkmenistan-Manat (1993–2009)","other":"Turkmenistan-Manat (1993–2009)"}},"TMT":{"name":"Turkmenistan-Manat","pluralName":{"one":"Turkmenistan-Manat","other":"Turkmenistan-Manat"}},"TND":{"name":"Tunesischer Dinar","pluralName":{"one":"Tunesischer Dinar","other":"Tunesische Dinar"}},"TOP":{"name":"Tongaischer Paʻanga","pluralName":{"one":"Tongaischer Paʻanga","other":"Tongaische Paʻanga"},"symbolNarrow":"T$"},"TPE":{"name":"Timor-Escudo","pluralName":{"one":"Timor-Escudo","other":"Timor-Escudo"}},"TRL":{"name":"Türkische Lira (1922–2005)","pluralName":{"one":"Türkische Lira (1922–2005)","other":"Türkische Lira (1922–2005)"}},"TRY":{"name":"Türkische Lira","pluralName":{"one":"Türkische Lira","other":"Türkische Lira"},"symbolNarrow":"₺","symbolAlt":"TL"},"TTD":{"name":"Trinidad und Tobago-Dollar","pluralName":{"one":"Trinidad und Tobago-Dollar","other":"Trinidad und Tobago-Dollar"},"symbolNarrow":"$"},"TWD":{"symbol":"NT$","name":"Neuer Taiwan-Dollar","pluralName":{"one":"Neuer Taiwan-Dollar","other":"Neue Taiwan-Dollar"},"symbolNarrow":"NT$"},"TZS":{"name":"Tansania-Schilling","pluralName":{"one":"Tansania-Schilling","other":"Tansania-Schilling"}},"UAH":{"name":"Ukrainische Hrywnja","pluralName":{"one":"Ukrainische Hrywnja","other":"Ukrainische Hrywen"},"symbolNarrow":"₴"},"UAK":{"name":"Ukrainischer Karbovanetz","pluralName":{"one":"Ukrainische Karbovanetz","other":"Ukrainische Karbovanetz"}},"UGS":{"name":"Uganda-Schilling (1966–1987)","pluralName":{"one":"Uganda-Schilling (1966–1987)","other":"Uganda-Schilling (1966–1987)"}},"UGX":{"name":"Uganda-Schilling","pluralName":{"one":"Uganda-Schilling","other":"Uganda-Schilling"}},"USD":{"symbol":"$","name":"US-Dollar","pluralName":{"one":"US-Dollar","other":"US-Dollar"},"symbolNarrow":"$"},"USN":{"name":"US Dollar (Nächster Tag)","pluralName":{"one":"US-Dollar (Nächster Tag)","other":"US-Dollar (Nächster Tag)"}},"USS":{"name":"US Dollar (Gleicher Tag)","pluralName":{"one":"US-Dollar (Gleicher Tag)","other":"US-Dollar (Gleicher Tag)"}},"UYI":{"name":"Uruguayischer Peso (Indexierte Rechnungseinheiten)","pluralName":{"one":"Uruguayischer Peso (Indexierte Rechnungseinheiten)","other":"Uruguayische Pesos (Indexierte Rechnungseinheiten)"}},"UYP":{"name":"Uruguayischer Peso (1975–1993)","pluralName":{"one":"Uruguayischer Peso (1975–1993)","other":"Uruguayische Pesos (1975–1993)"}},"UYU":{"name":"Uruguayischer Peso","pluralName":{"one":"Uruguayischer Peso","other":"Uruguayische Pesos"},"symbolNarrow":"$"},"UZS":{"name":"Usbekistan-Sum","pluralName":{"one":"Usbekistan-Sum","other":"Usbekistan-Sum"}},"VEB":{"name":"Venezolanischer Bolívar (1871–2008)","pluralName":{"one":"Venezolanischer Bolívar (1871–2008)","other":"Venezolanische Bolívares (1871–2008)"}},"VEF":{"name":"Venezolanischer Bolívar","pluralName":{"one":"Venezolanischer Bolívar","other":"Venezolanische Bolívares"},"symbolNarrow":"Bs"},"VND":{"symbol":"₫","name":"Vietnamesischer Dong","pluralName":{"one":"Vietnamesischer Dong","other":"Vietnamesische Dong"},"symbolNarrow":"₫"},"VNN":{"name":"Vietnamesischer Dong(1978–1985)","pluralName":{"one":"Vietnamesischer Dong(1978–1985)","other":"Vietnamesische Dong(1978–1985)"}},"VUV":{"name":"Vanuatu-Vatu","pluralName":{"one":"Vanuatu-Vatu","other":"Vanuatu-Vatu"}},"WST":{"name":"Samoanischer Tala","pluralName":{"one":"Samoanischer Tala","other":"Samoanische Tala"}},"XAF":{"symbol":"FCFA","name":"CFA-Franc (BEAC)","pluralName":{"one":"CFA-Franc (BEAC)","other":"CFA-Franc (BEAC)"}},"XAG":{"name":"Unze Silber","pluralName":{"one":"Unze Silber","other":"Unzen Silber"}},"XAU":{"name":"Unze Gold","pluralName":{"one":"Unze Gold","other":"Unzen Gold"}},"XBA":{"name":"Europäische Rechnungseinheit","pluralName":{"one":"Europäische Rechnungseinheiten","other":"Europäische Rechnungseinheiten"}},"XBB":{"name":"Europäische Währungseinheit (XBB)","pluralName":{"one":"Europäische Währungseinheiten (XBB)","other":"Europäische Währungseinheiten (XBB)"}},"XBC":{"name":"Europäische Rechnungseinheit (XBC)","pluralName":{"one":"Europäische Rechnungseinheiten (XBC)","other":"Europäische Rechnungseinheiten (XBC)"}},"XBD":{"name":"Europäische Rechnungseinheit (XBD)","pluralName":{"one":"Europäische Rechnungseinheiten (XBD)","other":"Europäische Rechnungseinheiten (XBD)"}},"XCD":{"symbol":"EC$","name":"Ostkaribischer Dollar","pluralName":{"one":"Ostkaribischer Dollar","other":"Ostkaribische Dollar"},"symbolNarrow":"$"},"XDR":{"name":"Sonderziehungsrechte","pluralName":{"one":"Sonderziehungsrechte","other":"Sonderziehungsrechte"}},"XEU":{"name":"Europäische Währungseinheit (XEU)","pluralName":{"one":"Europäische Währungseinheiten (XEU)","other":"Europäische Währungseinheiten (XEU)"}},"XFO":{"name":"Französischer Gold-Franc","pluralName":{"one":"Französische Gold-Franc","other":"Französische Gold-Franc"}},"XFU":{"name":"Französischer UIC-Franc","pluralName":{"one":"Französische UIC-Franc","other":"Französische UIC-Franc"}},"XOF":{"symbol":"CFA","name":"CFA-Franc (BCEAO)","pluralName":{"one":"CFA-Franc (BCEAO)","other":"CFA-Francs (BCEAO)"}},"XPD":{"name":"Unze Palladium","pluralName":{"one":"Unze Palladium","other":"Unzen Palladium"}},"XPF":{"symbol":"CFPF","name":"CFP-Franc","pluralName":{"one":"CFP-Franc","other":"CFP-Franc"}},"XPT":{"name":"Unze Platin","pluralName":{"one":"Unze Platin","other":"Unzen Platin"}},"XRE":{"name":"RINET Funds","pluralName":{"one":"RINET Funds","other":"RINET Funds"}},"XSU":{"name":"SUCRE","pluralName":{"one":"SUCRE","other":"SUCRE"}},"XTS":{"name":"Testwährung","pluralName":{"one":"Testwährung","other":"Testwährung"}},"XUA":{"name":"Rechnungseinheit der AfEB","pluralName":{"one":"Rechnungseinheit der AfEB","other":"Rechnungseinheiten der AfEB"}},"XXX":{"name":"Unbekannte Währung","pluralName":{"one":"(unbekannte Währung)","other":"(unbekannte Währung)"}},"YDD":{"name":"Jemen-Dinar","pluralName":{"one":"Jemen-Dinar","other":"Jemen-Dinar"}},"YER":{"name":"Jemen-Rial","pluralName":{"one":"Jemen-Rial","other":"Jemen-Rial"}},"YUD":{"name":"Jugoslawischer Dinar (1966–1990)","pluralName":{"one":"Jugoslawischer Dinar (1966–1990)","other":"Jugoslawische Dinar (1966–1990)"}},"YUM":{"name":"Jugoslawischer Neuer Dinar (1994–2002)","pluralName":{"one":"Jugoslawischer Neuer Dinar (1994–2002)","other":"Jugoslawische Neue Dinar (1994–2002)"}},"YUN":{"name":"Jugoslawischer Dinar (konvertibel)","pluralName":{"one":"Jugoslawische Dinar (konvertibel)","other":"Jugoslawische Dinar (konvertibel)"}},"YUR":{"name":"Jugoslawischer reformierter Dinar (1992–1993)","pluralName":{"one":"Jugoslawischer reformierter Dinar (1992–1993)","other":"Jugoslawische reformierte Dinar (1992–1993)"}},"ZAL":{"name":"Südafrikanischer Rand (Finanz)","pluralName":{"one":"Südafrikanischer Rand (Finanz)","other":"Südafrikanischer Rand (Finanz)"}},"ZAR":{"name":"Südafrikanischer Rand","pluralName":{"one":"Südafrikanischer Rand","other":"Südafrikanische Rand"},"symbolNarrow":"R"},"ZMK":{"name":"Kwacha (1968–2012)","pluralName":{"one":"Kwacha (1968–2012)","other":"Kwacha (1968–2012)"}},"ZMW":{"name":"Kwacha","pluralName":{"one":"Kwacha","other":"Kwacha"},"symbolNarrow":"ZK"},"ZRN":{"name":"Zaire-Neuer Zaïre (1993–1998)","pluralName":{"one":"Zaire-Neuer Zaïre (1993–1998)","other":"Zaire-Neue Zaïre (1993–1998)"}},"ZRZ":{"name":"Zaire-Zaïre (1971–1993)","pluralName":{"one":"Zaire-Zaïre (1971–1993)","other":"Zaire-Zaïre (1971–1993)"}},"ZWD":{"name":"Simbabwe-Dollar (1980–2008)","pluralName":{"one":"Simbabwe-Dollar (1980–2008)","other":"Simbabwe-Dollar (1980–2008)"}},"ZWL":{"name":"Simbabwe-Dollar (2009)","pluralName":{"one":"Simbabwe-Dollar (2009)","other":"Simbabwe-Dollar (2009)"}},"ZWR":{"name":"Simbabwe-Dollar (2008)","pluralName":{"one":"Simbabwe-Dollar (2008)","other":"Simbabwe-Dollar (2008)"}}}