{"era":{"displayName":"Epoche"},"year":{"displayName":"Jahr","relative-type--1":"letztes Jahr","relative-type-0":"dieses Jahr","relative-type-1":"nächstes Jahr","relativeTime-type-future":{"relativeTimePattern-count-one":"in {0} Jahr","relativeTimePattern-count-other":"in {0} Jahren"},"relativeTime-type-past":{"relativeTimePattern-count-one":"vor {0} Jahr","relativeTimePattern-count-other":"vor {0} Jahren"}},"year-short":{"displayName":"Jahr","relative-type--1":"letztes Jahr","relative-type-0":"dieses Jahr","relative-type-1":"nächstes Jahr","relativeTime-type-future":{"relativeTimePattern-count-one":"in {0} Jahr","relativeTimePattern-count-other":"in {0} Jahren"},"relativeTime-type-past":{"relativeTimePattern-count-one":"vor {0} Jahr","relativeTimePattern-count-other":"vor {0} Jahren"}},"year-narrow":{"displayName":"J","relative-type--1":"letztes Jahr","relative-type-0":"dieses Jahr","relative-type-1":"nächstes Jahr","relativeTime-type-future":{"relativeTimePattern-count-one":"in {0} Jahr","relativeTimePattern-count-other":"in {0} Jahren"},"relativeTime-type-past":{"relativeTimePattern-count-one":"vor {0} Jahr","relativeTimePattern-count-other":"vor {0} Jahren"}},"quarter":{"displayName":"Quartal","relative-type--1":"last quarter","relative-type-0":"this quarter","relative-type-1":"next quarter","relativeTime-type-future":{"relativeTimePattern-count-one":"in {0} Quartal","relativeTimePattern-count-other":"in {0} Quartalen"},"relativeTime-type-past":{"relativeTimePattern-count-one":"vor {0} Quartal","relativeTimePattern-count-other":"vor {0} Quartalen"}},"quarter-short":{"displayName":"Quart.","relative-type--1":"last quarter","relative-type-0":"this quarter","relative-type-1":"next quarter","relativeTime-type-future":{"relativeTimePattern-count-one":"in {0} Quart.","relativeTimePattern-count-other":"in {0} Quart."},"relativeTime-type-past":{"relativeTimePattern-count-one":"vor {0} Quart.","relativeTimePattern-count-other":"vor {0} Quart."}},"quarter-narrow":{"displayName":"Q","relative-type--1":"last quarter","relative-type-0":"this quarter","relative-type-1":"next quarter","relativeTime-type-future":{"relativeTimePattern-count-one":"in {0} Q","relativeTimePattern-count-other":"in {0} Q"},"relativeTime-type-past":{"relativeTimePattern-count-one":"vor {0} Q","relativeTimePattern-count-other":"vor {0} Q"}},"month":{"displayName":"Monat","relative-type--1":"letzten Monat","relative-type-0":"diesen Monat","relative-type-1":"nächsten Monat","relativeTime-type-future":{"relativeTimePattern-count-one":"in {0} Monat","relativeTimePattern-count-other":"in {0} Monaten"},"relativeTime-type-past":{"relativeTimePattern-count-one":"vor {0} Monat","relativeTimePattern-count-other":"vor {0} Monaten"}},"month-short":{"displayName":"Monat","relative-type--1":"letzten Monat","relative-type-0":"diesen Monat","relative-type-1":"nächsten Monat","relativeTime-type-future":{"relativeTimePattern-count-one":"in {0} Monat","relativeTimePattern-count-other":"in {0} Monaten"},"relativeTime-type-past":{"relativeTimePattern-count-one":"vor {0} Monat","relativeTimePattern-count-other":"vor {0} Monaten"}},"month-narrow":{"displayName":"M","relative-type--1":"letzten Monat","relative-type-0":"diesen Monat","relative-type-1":"nächsten Monat","relativeTime-type-future":{"relativeTimePattern-count-one":"in {0} Monat","relativeTimePattern-count-other":"in {0} Monaten"},"relativeTime-type-past":{"relativeTimePattern-count-one":"vor {0} Monat","relativeTimePattern-count-other":"vor {0} Monaten"}},"week":{"displayName":"Woche","relative-type--1":"letzte Woche","relative-type-0":"diese Woche","relative-type-1":"nächste Woche","relativeTime-type-future":{"relativeTimePattern-count-one":"in {0} Woche","relativeTimePattern-count-other":"in {0} Wochen"},"relativeTime-type-past":{"relativeTimePattern-count-one":"vor {0} Woche","relativeTimePattern-count-other":"vor {0} Wochen"}},"week-short":{"displayName":"Woche","relative-type--1":"letzte Woche","relative-type-0":"diese Woche","relative-type-1":"nächste Woche","relativeTime-type-future":{"relativeTimePattern-count-one":"in {0} Woche","relativeTimePattern-count-other":"in {0} Wochen"},"relativeTime-type-past":{"relativeTimePattern-count-one":"vor {0} Woche","relativeTimePattern-count-other":"vor {0} Wochen"}},"week-narrow":{"displayName":"W","relative-type--1":"letzte Woche","relative-type-0":"diese Woche","relative-type-1":"nächste Woche","relativeTime-type-future":{"relativeTimePattern-count-one":"in {0} Wo.","relativeTimePattern-count-other":"in {0} Wo."},"relativeTime-type-past":{"relativeTimePattern-count-one":"vor {0} Wo.","relativeTimePattern-count-other":"vor {0} Wo."}},"day":{"displayName":"Tag","relative-type--1":"gestern","relative-type--2":"vorgestern","relative-type-0":"heute","relative-type-1":"morgen","relative-type-2":"übermorgen","relativeTime-type-future":{"relativeTimePattern-count-one":"in {0} Tag","relativeTimePattern-count-other":"in {0} Tagen"},"relativeTime-type-past":{"relativeTimePattern-count-one":"vor {0} Tag","relativeTimePattern-count-other":"vor {0} Tagen"}},"day-short":{"displayName":"Tag","relative-type--1":"gestern","relative-type--2":"vorgestern","relative-type-0":"heute","relative-type-1":"morgen","relative-type-2":"übermorgen","relativeTime-type-future":{"relativeTimePattern-count-one":"in {0} Tag","relativeTimePattern-count-other":"in {0} Tagen"},"relativeTime-type-past":{"relativeTimePattern-count-one":"vor {0} Tag","relativeTimePattern-count-other":"vor {0} Tagen"}},"day-narrow":{"displayName":"Tag","relative-type--1":"gestern","relative-type--2":"vorgestern","relative-type-0":"heute","relative-type-1":"morgen","relative-type-2":"übermorgen","relativeTime-type-future":{"relativeTimePattern-count-one":"in {0} Tag","relativeTimePattern-count-other":"in {0} Tagen"},"relativeTime-type-past":{"relativeTimePattern-count-one":"vor {0} Tag","relativeTimePattern-count-other":"vor {0} Tagen"}},"weekday":{"displayName":"Wochentag"},"sun":{"relative-type--1":"letzten Sonntag","relative-type-0":"diesen Sonntag","relative-type-1":"nächsten Sonntag"},"sun-short":{"relative-type--1":"letzten So.","relative-type-0":"diesen So.","relative-type-1":"nächsten So."},"sun-narrow":{"relative-type--1":"letzten So.","relative-type-0":"diesen So.","relative-type-1":"nächsten So."},"mon":{"relative-type--1":"letzten Montag","relative-type-0":"diesen Montag","relative-type-1":"nächsten Montag"},"mon-short":{"relative-type--1":"letzten Mo.","relative-type-0":"diesen Mo.","relative-type-1":"nächsten Mo."},"mon-narrow":{"relative-type--1":"letzten Mo.","relative-type-0":"diesen Mo.","relative-type-1":"nächsten Mo."},"tue":{"relative-type--1":"letzten Dienstag","relative-type-0":"diesen Dienstag","relative-type-1":"nächsten Dienstag"},"tue-short":{"relative-type--1":"letzten Di.","relative-type-0":"diesen Di.","relative-type-1":"nächsten Di."},"tue-narrow":{"relative-type--1":"letzten Di.","relative-type-0":"diesen Di.","relative-type-1":"nächsten Di."},"wed":{"relative-type--1":"letzten Mittwoch","relative-type-0":"diesen Mittwoch","relative-type-1":"nächsten Mittwoch"},"wed-short":{"relative-type--1":"letzten Mi.","relative-type-0":"diesen Mi.","relative-type-1":"nächsten Mi."},"wed-narrow":{"relative-type--1":"letzten Mi.","relative-type-0":"diesen Mi.","relative-type-1":"nächsten Mi."},"thu":{"relative-type--1":"letzten Donnerstag","relative-type-0":"diesen Donnerstag","relative-type-1":"nächsten Donnerstag"},"thu-short":{"relative-type--1":"letzten Do.","relative-type-0":"diesen Do.","relative-type-1":"nächsten Do."},"thu-narrow":{"relative-type--1":"letzten Do.","relative-type-0":"diesen Do.","relative-type-1":"nächsten Do."},"fri":{"relative-type--1":"letzten Freitag","relative-type-0":"diesen Freitag","relative-type-1":"nächsten Freitag"},"fri-short":{"relative-type--1":"letzten Fr.","relative-type-0":"diesen Fr.","relative-type-1":"nächsten Fr."},"fri-narrow":{"relative-type--1":"letzten Fr.","relative-type-0":"diesen Fr.","relative-type-1":"nächsten Fr."},"sat":{"relative-type--1":"letzten Samstag","relative-type-0":"diesen Samstag","relative-type-1":"nächsten Samstag"},"sat-short":{"relative-type--1":"letzten Sa.","relative-type-0":"diesen Sa.","relative-type-1":"nächsten Sa."},"sat-narrow":{"relative-type--1":"letzten Sa.","relative-type-0":"diesen Sa.","relative-type-1":"nächsten Sa."},"dayperiod":{"displayName":"Tageshälfte"},"hour":{"displayName":"Stunde","relativeTime-type-future":{"relativeTimePattern-count-one":"in {0} Stunde","relativeTimePattern-count-other":"in {0} Stunden"},"relativeTime-type-past":{"relativeTimePattern-count-one":"vor {0} Stunde","relativeTimePattern-count-other":"vor {0} Stunden"}},"hour-short":{"displayName":"Std.","relativeTime-type-future":{"relativeTimePattern-count-one":"in {0} Std.","relativeTimePattern-count-other":"in {0} Std."},"relativeTime-type-past":{"relativeTimePattern-count-one":"vor {0} Std.","relativeTimePattern-count-other":"vor {0} Std."}},"hour-narrow":{"displayName":"Std.","relativeTime-type-future":{"relativeTimePattern-count-one":"in {0} Std.","relativeTimePattern-count-other":"in {0} Std."},"relativeTime-type-past":{"relativeTimePattern-count-one":"vor {0} Std.","relativeTimePattern-count-other":"vor {0} Std."}},"minute":{"displayName":"Minute","relativeTime-type-future":{"relativeTimePattern-count-one":"in {0} Minute","relativeTimePattern-count-other":"in {0} Minuten"},"relativeTime-type-past":{"relativeTimePattern-count-one":"vor {0} Minute","relativeTimePattern-count-other":"vor {0} Minuten"}},"minute-short":{"displayName":"Min.","relativeTime-type-future":{"relativeTimePattern-count-one":"in {0} Min.","relativeTimePattern-count-other":"in {0} Min."},"relativeTime-type-past":{"relativeTimePattern-count-one":"vor {0} Min.","relativeTimePattern-count-other":"vor {0} Min."}},"minute-narrow":{"displayName":"Min.","relativeTime-type-future":{"relativeTimePattern-count-one":"in {0} m","relativeTimePattern-count-other":"in {0} m"},"relativeTime-type-past":{"relativeTimePattern-count-one":"vor {0} m","relativeTimePattern-count-other":"vor {0} m"}},"second":{"displayName":"Sekunde","relative-type-0":"jetzt","relativeTime-type-future":{"relativeTimePattern-count-one":"in {0} Sekunde","relativeTimePattern-count-other":"in {0} Sekunden"},"relativeTime-type-past":{"relativeTimePattern-count-one":"vor {0} Sekunde","relativeTimePattern-count-other":"vor {0} Sekunden"}},"second-short":{"displayName":"Sek.","relative-type-0":"jetzt","relativeTime-type-future":{"relativeTimePattern-count-one":"in {0} Sek.","relativeTimePattern-count-other":"in {0} Sek."},"relativeTime-type-past":{"relativeTimePattern-count-one":"vor {0} Sek.","relativeTimePattern-count-other":"vor {0} Sek."}},"second-narrow":{"displayName":"Sek.","relative-type-0":"jetzt","relativeTime-type-future":{"relativeTimePattern-count-one":"in {0} s","relativeTimePattern-count-other":"in {0} s"},"relativeTime-type-past":{"relativeTimePattern-count-one":"vor {0} s","relativeTimePattern-count-other":"vor {0} s"}},"zone":{"displayName":"Zeitzone"}}