{"localeDisplayPattern":{"localePattern":"%1$s (%2$s)","localeSeparator":"%1$s, %2$s","localeKeyTypePattern":"%1$s: %2$s"},"keys":{"calendar":"Kalender","colAlternate":"Sortierung ohne Symbole","colBackwards":"Umgekehrte Sortierung von Akzenten","colCaseFirst":"Sortierung nach Groß- bzw. Kleinbuchstaben","colCaseLevel":"Sortierung nach Groß- oder Kleinschreibung","colHiraganaQuaternary":"Kana-Sortierung","colNormalization":"Normierte Sortierung","colNumeric":"Sortierung nach Zahlen","colStrength":"Sortierstärke","collation":"Sortierung","currency":"Währung","numbers":"Zahlen","timezone":"Zeitzone","va":"Lokale Variante","variableTop":"Nach Symbolen sortieren","x":"Privatnutzung"},"types":{"calendar":{"buddhist":"Buddhistischer Kalender","chinese":"Chinesischer Kalender","coptic":"Koptischer Kalender","dangi":"Dangi Kalender","ethiopic":"Äthiopischer Kalender","ethiopic-amete-alem":"Äthiopischer Kalender \"Amete Alem\"","gregorian":"Gregorianischer Kalender","hebrew":"Hebräischer Kalender","indian":"Indischer Nationalkalender","islamic":"Islamischer Kalender","islamic-civil":"Bürgerlicher islamischer Kalender","islamic-rgsa":"Islamischer Kalender (Saudi-Arabien, Beobachtung)","islamic-tbla":"Islamischer Kalender (tabellarisch, astronomische Epoche)","islamic-umalqura":"Islamischer Kalender (Umm al-Qura","iso8601":"ISO-8601-Kalender","japanese":"Japanischer Kalender","persian":"Persischer Kalender","roc":"Kalender der Republik China"},"colAlternate":{"non-ignorable":"Symbole sortieren","shifted":"Symbole sortieren ignorieren"},"colBackwards":{"no":"Akzente normal sortieren","yes":"Akzente umgekehrt sortieren"},"colCaseFirst":{"lower":"Kleinbuchstaben zuerst aufführen","no":"Normal sortieren","upper":"Großbuchstaben zuerst aufführen"},"colCaseLevel":{"no":"Ohne Groß-/Kleinschreibung sortieren","yes":"Nach Groß-/Kleinschreibung sortieren"},"colHiraganaQuaternary":{"no":"Kana separat sortieren","yes":"Kana anders sortieren"},"colNormalization":{"no":"Ohne Normierung sortieren","yes":"Nach Unicode sortieren"},"colNumeric":{"no":"Ziffern einzeln sortieren","yes":"Ziffern numerisch sortieren"},"colStrength":{"identical":"Alle sortieren","primary":"Nur Basisbuchstaben sortieren","quaternary":"Akzente/Fall/Breite/Kana sortieren","secondary":"Akzente sortieren","tertiary":"Akzente/Fall/Breite sortieren"},"collation":{"big5han":"Traditionelles Chinesisch - Big5","dictionary":"Lexikographische Sortierreihenfolge","ducet":"Unicode-Sortierung","eor":"Europäische Sortierregeln","gb2312han":"Vereinfachtes Chinesisch - GB2312","phonebook":"Telefonbuch-Sortierung","phonetic":"Sortierung nach Phonetik","pinyin":"Pinyin-Sortierregeln","reformed":"Reformierte Sortierreihenfolge","search":"Allgemeine Suche","searchjl":"Suche nach Anfangsbuchstaben des koreanischen Alphabets","standard":"Standard-Sortierung","stroke":"Strichfolge","traditional":"Traditionelle Sortierregeln","unihan":"Radikal-Strich-Sortierregeln","zhuyin":"Zhuyin-Sortierregeln"},"numbers":{"arab":"Arabisch-indische Ziffern","arabext":"Erweiterte arabisch-indische Ziffern","armn":"Armenische Ziffern","armnlow":"Armenische Ziffern in Kleinschrift","bali":"Balinesische Ziffern","beng":"Bengalische Ziffern","brah":"Brahmi-Ziffern","cakm":"Chakma-Ziffern","cham":"Cham-Ziffern","deva":"Devanagari-Ziffern","ethi":"Äthiopische Ziffern","finance":"Finanzzahlen","fullwide":"Vollbreite Ziffern","geor":"Georgische Ziffern","grek":"Griechische Ziffern","greklow":"Griechische Ziffern in Kleinschrift","gujr":"Gujarati-Ziffern","guru":"Gurmukhi-Ziffern","hanidec":"Chinesische Dezimalzahlen","hans":"Vereinfacht-chinesische Ziffern","hansfin":"Vereinfacht-chinesische Finanzziffern","hant":"Traditionell-chinesische Ziffern","hantfin":"Traditionell-chinesische Finanzziffern","hebr":"Hebräische Ziffern","java":"Javanesische Ziffern","jpan":"Japanische Ziffern","jpanfin":"Japanische Finanzziffern","kali":"Kayah-Li-Ziffern","khmr":"Khmer-Ziffern","knda":"Kannada-Ziffern","lana":"Lanna-Ziffern (säkular)","lanatham":"Lanna-Ziffern (sakral)","laoo":"Laotische Ziffern","latn":"Westliche Ziffern","lepc":"Lepcha-Ziffern","limb":"Limbu-Ziffern","mlym":"Malayalam-Ziffern","mong":"Mongolische Ziffern","mtei":"Meitei-Mayek-Ziffern","mymr":"Myanmar-Ziffern","mymrshan":"Myanmarische Shan-Ziffern","native":"Native Ziffern","nkoo":"N’Ko-Ziffern","olck":"Ol-Chiki-Ziffern","orya":"Oriya-Ziffern","osma":"osma","roman":"Römische Ziffern","romanlow":"Römische Ziffern in Kleinschrift","saur":"Saurashtra-Ziffern","shrd":"Sharada-Ziffern","sora":"Sora-Sompeng-Ziffern","sund":"Sundanesische Ziffern","takr":"Takri-Ziffern","talu":"Neue Tai-Lü-Ziffern","taml":"Tamilische Ziffern","tamldec":"Tamil-Ziffern","telu":"Telugu-Ziffern","thai":"Thai-Ziffern","tibt":"Tibetische Ziffern","traditional":"Traditionelle Zahlen","vaii":"Vai-Ziffern"}},"codePatterns":{"language":"Sprache: %1$s","script":"Schrift: %1$s","territory":"Region: %1$s"}}