{"long":{"_compoundPattern":"%1$s pro %2$s","acceleration":{"g-force":{"_name":"g-Kraft","one":"%1$s-fache Erdbeschleunigung","other":"%1$s-fache Erdbeschleunigung"},"meter-per-second-squared":{"_name":"Meter pro Quadratsekunde","one":"%1$s m/s²","other":"%1$s m/s²"}},"angle":{"arc-minute":{"_name":"Winkelminuten","one":"%1$s Winkelminute","other":"%1$s Winkelminuten"},"arc-second":{"_name":"Winkelsekunden","one":"%1$s Winkelsekunde","other":"%1$s Winkelsekunden"},"degree":{"_name":"Grad","one":"%1$s Grad","other":"%1$s Grad"},"radian":{"_name":"Radianten","one":"%1$s Radiant","other":"%1$s Radianten"}},"area":{"acre":{"_name":"Acres","one":"%1$s Acre","other":"%1$s Acres"},"hectare":{"_name":"Hektar","one":"%1$s Hektar","other":"%1$s Hektar"},"square-centimeter":{"_name":"Quadratzentimeter","one":"%1$s Quadratzentimeter","other":"%1$s Quadratzentimeter"},"square-foot":{"_name":"Quadratfuß","one":"%1$s Quadratfuß","other":"%1$s Quadratfuß"},"square-inch":{"_name":"Quadratzoll","one":"%1$s Quadratzoll","other":"%1$s Quadratzoll"},"square-kilometer":{"_name":"Quadratkilometer","one":"%1$s Quadratkilometer","other":"%1$s Quadratkilometer"},"square-meter":{"_name":"Quadratmeter","one":"%1$s Quadratmeter","other":"%1$s Quadratmeter"},"square-mile":{"_name":"Quadratmeilen","one":"%1$s Quadratmeile","other":"%1$s Quadratmeilen"},"square-yard":{"_name":"Quadratyards","one":"%1$s Quadratyard","other":"%1$s Quadratyards"}},"consumption":{"liter-per-kilometer":{"_name":"Liter pro Kilometer","one":"%1$s Liter pro Kilometer","other":"%1$s Liter pro Kilometer"},"mile-per-gallon":{"_name":"Meilen pro Gallone","one":"%1$s Meile pro Gallone","other":"%1$s Meilen pro Gallone"}},"digital":{"bit":{"_name":"Bits","one":"%1$s Bit","other":"%1$s Bits"},"byte":{"_name":"Bytes","one":"%1$s Byte","other":"%1$s Bytes"},"gigabit":{"_name":"Gigabits","one":"%1$s Gigabit","other":"%1$s Gigabits"},"gigabyte":{"_name":"Gigabytes","one":"%1$s Gigabyte","other":"%1$s Gigabytes"},"kilobit":{"_name":"Kilobits","one":"%1$s Kilobit","other":"%1$s Kilobits"},"kilobyte":{"_name":"Kilobytes","one":"%1$s Kilobyte","other":"%1$s Kilobytes"},"megabit":{"_name":"Megabits","one":"%1$s Megabit","other":"%1$s Megabits"},"megabyte":{"_name":"Megabytes","one":"%1$s Megabyte","other":"%1$s Megabytes"},"terabit":{"_name":"Terabits","one":"%1$s Terabit","other":"%1$s Terabits"},"terabyte":{"_name":"Terabytes","one":"%1$s Terabyte","other":"%1$s Terabytes"}},"duration":{"day":{"_name":"Tage","one":"%1$s Tag","other":"%1$s Tage"},"hour":{"_name":"Stunden","one":"%1$s Stunde","other":"%1$s Stunden","_per":"%1$s pro Stunde"},"microsecond":{"_name":"Mikrosekunden","one":"%1$s Mikrosekunde","other":"%1$s Mikrosekunden"},"millisecond":{"_name":"Millisekunden","one":"%1$s Millisekunde","other":"%1$s Millisekunden"},"minute":{"_name":"Minuten","one":"%1$s Minute","other":"%1$s Minuten"},"month":{"_name":"Monate","one":"%1$s Monat","other":"%1$s Monate"},"nanosecond":{"_name":"Nanosekunden","one":"%1$s Nanosekunde","other":"%1$s Nanosekunden"},"second":{"_name":"Sekunden","one":"%1$s Sekunde","other":"%1$s Sekunden","_per":"%1$s pro Sekunde"},"week":{"_name":"Wochen","one":"%1$s Woche","other":"%1$s Wochen"},"year":{"_name":"Jahre","one":"%1$s Jahr","other":"%1$s Jahre"}},"electric":{"ampere":{"_name":"Ampere","one":"%1$s Ampere","other":"%1$s Ampere"},"milliampere":{"_name":"Milliampere","one":"%1$s Milliampere","other":"%1$s Milliampere"},"ohm":{"_name":"Ohm","one":"%1$s Ohm","other":"%1$s Ohm"},"volt":{"_name":"Volt","one":"%1$s Volt","other":"%1$s Volt"}},"energy":{"calorie":{"_name":"Kalorien","one":"%1$s Kalorie","other":"%1$s Kalorien"},"foodcalorie":{"_name":"Kilokalorien","one":"%1$s Cal","other":"%1$s Kilokalorien"},"joule":{"_name":"Joule","one":"%1$s Joule","other":"%1$s Joule"},"kilocalorie":{"_name":"Kilokalorien","one":"%1$s Kilokalorie","other":"%1$s Kilokalorien"},"kilojoule":{"_name":"Kilojoule","one":"%1$s Kilojoule","other":"%1$s Kilojoule"},"kilowatt-hour":{"_name":"Kilowattstunden","one":"%1$s Kilowattstunde","other":"%1$s Kilowattstunden"}},"frequency":{"gigahertz":{"_name":"Gigahertz","one":"%1$s Gigahertz","other":"%1$s Gigahertz"},"hertz":{"_name":"Hertz","one":"%1$s Hertz","other":"%1$s Hertz"},"kilohertz":{"_name":"Kilohertz","one":"%1$s Kilohertz","other":"%1$s Kilohertz"},"megahertz":{"_name":"Megahertz","one":"%1$s Megahertz","other":"%1$s Megahertz"}},"length":{"astronomical-unit":{"_name":"Astronomische Einheiten","one":"%1$s AE","other":"%1$s AE"},"centimeter":{"_name":"Zentimeter","one":"%1$s Zentimeter","other":"%1$s Zentimeter"},"decimeter":{"_name":"Dezimeter","one":"%1$s Dezimeter","other":"%1$s Dezimeter"},"fathom":{"_name":"Nautischer Faden","one":"%1$s Faden","other":"%1$s Faden"},"foot":{"_name":"Fuß","one":"%1$s Fuß","other":"%1$s Fuß"},"furlong":{"_name":"Furlong","one":"%1$s Furlong","other":"%1$s Furlong"},"inch":{"_name":"Zoll","one":"%1$s Zoll","other":"%1$s Zoll"},"kilometer":{"_name":"Kilometer","one":"%1$s Kilometer","other":"%1$s Kilometer"},"light-year":{"_name":"Lichtjahre","one":"%1$s Lichtjahr","other":"%1$s Lichtjahre"},"meter":{"_name":"Meter","one":"%1$s Meter","other":"%1$s Meter"},"micrometer":{"_name":"Mikrometer","one":"%1$s Mikrometer","other":"%1$s Mikrometer"},"mile":{"_name":"Meilen","one":"%1$s Meile","other":"%1$s Meilen"},"millimeter":{"_name":"Millimeter","one":"%1$s Millimeter","other":"%1$s Millimeter"},"nanometer":{"_name":"Nanometer","one":"%1$s Nanometer","other":"%1$s Nanometer"},"nautical-mile":{"_name":"Seemeilen","one":"%1$s Seemeile","other":"%1$s Seemeilen"},"parsec":{"_name":"Parsec","one":"%1$s Parsec","other":"%1$s Parsec"},"picometer":{"_name":"Pikometer","one":"%1$s Pikometer","other":"%1$s Pikometer"},"yard":{"_name":"Yards","one":"%1$s Yard","other":"%1$s Yards"}},"light":{"lux":{"_name":"Lux","one":"%1$s Lux","other":"%1$s Lux"}},"mass":{"carat":{"_name":"Karat","one":"%1$s Karat","other":"%1$s Karat"},"gram":{"_name":"Gramm","one":"%1$s Gramm","other":"%1$s Gramm"},"kilogram":{"_name":"Kilogramm","one":"%1$s Kilogramm","other":"%1$s Kilogramm"},"metric-ton":{"_name":"Tonnen","one":"%1$s Tonne","other":"%1$s Tonnen"},"microgram":{"_name":"Mikrogramm","one":"%1$s Mikrogramm","other":"%1$s Mikrogramm"},"milligram":{"_name":"Milligramm","one":"%1$s Milligramm","other":"%1$s Milligramm"},"ounce":{"_name":"Unzen","one":"%1$s Unze","other":"%1$s Unzen"},"ounce-troy":{"_name":"Feinunzen","one":"%1$s Feinunze","other":"%1$s Feinunzen"},"pound":{"_name":"Pfund","one":"%1$s Pfund","other":"%1$s Pfund"},"stone":{"_name":"Stones","one":"%1$s Stone","other":"%1$s Stones"},"ton":{"_name":"Short Tons","one":"%1$s Short Ton","other":"%1$s Short Tons"}},"power":{"gigawatt":{"_name":"Gigawatt","one":"%1$s Gigawatt","other":"%1$s Gigawatt"},"horsepower":{"_name":"Pferdestärken","one":"%1$s Pferdestärke","other":"%1$s Pferdestärken"},"kilowatt":{"_name":"Kilowatt","one":"%1$s Kilowatt","other":"%1$s Kilowatt"},"megawatt":{"_name":"Megawatt","one":"%1$s Megawatt","other":"%1$s Megawatt"},"milliwatt":{"_name":"Milliwatt","one":"%1$s Milliwatt","other":"%1$s Milliwatt"},"watt":{"_name":"Watt","one":"%1$s Watt","other":"%1$s Watt"}},"pressure":{"hectopascal":{"_name":"Hektopascal","one":"%1$s Hektopascal","other":"%1$s Hektopascal"},"inch-hg":{"_name":"Zoll Quecksilbersäule","one":"%1$s Zoll Quecksilbersäule","other":"%1$s Zoll Quecksilbersäule"},"millibar":{"_name":"Millibar","one":"%1$s Millibar","other":"%1$s Millibar"},"millimeter-of-mercury":{"_name":"Millimeter Quecksilbersäule","one":"%1$s Millimeter Quecksilbersäule","other":"%1$s Millimeter Quecksilbersäule"},"pound-per-square-inch":{"_name":"Pfund pro Quadratzoll","one":"%1$s Pfund pro Quadratzoll","other":"%1$s Pfund pro Quadratzoll"}},"proportion":{"karat":{"_name":"Karat","one":"%1$s Karat","other":"%1$s Karat"}},"speed":{"kilometer-per-hour":{"_name":"Kilometer pro Stunde","one":"%1$s Kilometer pro Stunde","other":"%1$s Kilometer pro Stunde"},"meter-per-second":{"_name":"Meter pro Sekunde","one":"%1$s Meter pro Sekunde","other":"%1$s Meter pro Sekunde"},"mile-per-hour":{"_name":"Meilen pro Stunde","one":"%1$s Meile pro Stunde","other":"%1$s Meilen pro Stunde"}},"temperature":{"celsius":{"_name":"Grad Celsius","one":"%1$s Grad Celsius","other":"%1$s Grad Celsius"},"fahrenheit":{"_name":"Grad Fahrenheit","one":"%1$s Grad Fahrenheit","other":"%1$s Grad Fahrenheit"},"generic":{"_name":"°","other":"%1$s°"},"kelvin":{"_name":"Kelvin","one":"%1$s Kelvin","other":"%1$s Kelvin"}},"volume":{"acre-foot":{"_name":"Acre-Feet","one":"%1$s Acre-Foot","other":"%1$s Acre-Feet"},"bushel":{"_name":"Bushel","one":"%1$s Bushel","other":"%1$s Bushel"},"centiliter":{"_name":"Zentiliter","one":"%1$s Zentiliter","other":"%1$s Zentiliter"},"cubic-centimeter":{"_name":"Kubikzentimeter","one":"%1$s Kubikzentimeter","other":"%1$s Kubikzentimeter"},"cubic-foot":{"_name":"Kubikfuß","one":"%1$s Kubikfuß","other":"%1$s Kubikfuß"},"cubic-inch":{"_name":"Kubikzoll","one":"%1$s Kubikzoll","other":"%1$s Kubikzoll"},"cubic-kilometer":{"_name":"Kubikkilometer","one":"%1$s Kubikkilometer","other":"%1$s Kubikkilometer"},"cubic-meter":{"_name":"Kubikmeter","one":"%1$s Kubikmeter","other":"%1$s Kubikmeter"},"cubic-mile":{"_name":"Kubikmeilen","one":"%1$s Kubikmeile","other":"%1$s Kubikmeilen"},"cubic-yard":{"_name":"Kubikyards","one":"%1$s Kubikyard","other":"%1$s Kubikyards"},"cup":{"_name":"Cups","one":"%1$s Cup","other":"%1$s Cups"},"deciliter":{"_name":"Deziliter","one":"%1$s Deziliter","other":"%1$s Deziliter"},"fluid-ounce":{"_name":"Flüssigunzen","one":"%1$s Flüssigunze","other":"%1$s Flüssigunzen"},"gallon":{"_name":"Gallonen","one":"%1$s Gallone","other":"%1$s Gallonen"},"hectoliter":{"_name":"Hektoliter","one":"%1$s Hektoliter","other":"%1$s Hektoliter"},"liter":{"_name":"Liter","one":"%1$s Liter","other":"%1$s Liter"},"megaliter":{"_name":"Megaliter","one":"%1$s Megaliter","other":"%1$s Megaliter"},"milliliter":{"_name":"Milliliter","one":"%1$s Milliliter","other":"%1$s Milliliter"},"pint":{"_name":"Pints","one":"%1$s Pint","other":"%1$s Pints"},"quart":{"_name":"Quart","one":"%1$s Quart","other":"%1$s Quart"},"tablespoon":{"_name":"Esslöffel","one":"%1$s Esslöffel","other":"%1$s Esslöffel"},"teaspoon":{"_name":"Teelöffel","one":"%1$s Teelöffel","other":"%1$s Teelöffel"}}},"short":{"_compoundPattern":"%1$s/%2$s","acceleration":{"g-force":{"_name":"g-Kraft","one":"%1$s G","other":"%1$s G"},"meter-per-second-squared":{"_name":"m/s²","one":"%1$s m/s²","other":"%1$s m/s²"}},"angle":{"arc-minute":{"_name":"Winkelminuten","one":"%1$s′","other":"%1$s′"},"arc-second":{"_name":"Winkelsekunden","one":"%1$s″","other":"%1$s″"},"degree":{"_name":"Grad","one":"%1$s°","other":"%1$s°"},"radian":{"_name":"rad","one":"%1$s rad","other":"%1$s rad"}},"area":{"acre":{"_name":"Acres","one":"%1$s ac","other":"%1$s ac"},"hectare":{"_name":"Hektar","one":"%1$s ha","other":"%1$s ha"},"square-centimeter":{"_name":"cm²","one":"%1$s cm²","other":"%1$s cm²"},"square-foot":{"_name":"ft²","one":"%1$s ft²","other":"%1$s ft²"},"square-inch":{"_name":"in²","one":"%1$s in²","other":"%1$s in²"},"square-kilometer":{"_name":"km²","one":"%1$s km²","other":"%1$s km²"},"square-meter":{"_name":"m²","one":"%1$s m²","other":"%1$s m²"},"square-mile":{"_name":"mi²","one":"%1$s mi²","other":"%1$s mi²"},"square-yard":{"_name":"yd²","one":"%1$s yd²","other":"%1$s yd²"}},"consumption":{"liter-per-kilometer":{"_name":"l/km","one":"%1$s l/km","other":"%1$s l/km"},"mile-per-gallon":{"_name":"mpg","one":"%1$s mpg","other":"%1$s mpg"}},"digital":{"bit":{"_name":"Bit","one":"%1$s Bit","other":"%1$s Bits"},"byte":{"_name":"Byte","one":"%1$s Byte","other":"%1$s Bytes"},"gigabit":{"_name":"Gigabit","one":"%1$s Gb","other":"%1$s Gb"},"gigabyte":{"_name":"Gigabyte","one":"%1$s GB","other":"%1$s GB"},"kilobit":{"_name":"kbit","one":"%1$s kb","other":"%1$s kb"},"kilobyte":{"_name":"kbyte","one":"%1$s kB","other":"%1$s kB"},"megabit":{"_name":"Mbit","one":"%1$s Mb","other":"%1$s Mb"},"megabyte":{"_name":"Mbyte","one":"%1$s MB","other":"%1$s MB"},"terabit":{"_name":"Tb","one":"%1$s Tb","other":"%1$s Tb"},"terabyte":{"_name":"TB","one":"%1$s TB","other":"%1$s TB"}},"duration":{"day":{"_name":"Tage","one":"%1$s T","other":"%1$s T"},"hour":{"_name":"Stunden","one":"%1$s Std.","other":"%1$s Std.","_per":"%1$s/h"},"microsecond":{"_name":"μs","one":"%1$s μs","other":"%1$s μs"},"millisecond":{"_name":"Millisekunden","one":"%1$s ms","other":"%1$s ms"},"minute":{"_name":"Min.","one":"%1$s Min.","other":"%1$s Min."},"month":{"_name":"Monate","one":"%1$s Mon","other":"%1$s Mon"},"nanosecond":{"_name":"Nanosekunden","one":"%1$s ns","other":"%1$s ns"},"second":{"_name":"Sek.","one":"%1$s Sek.","other":"%1$s Sek.","_per":"%1$s/s"},"week":{"_name":"Wochen","one":"%1$s W","other":"%1$s W"},"year":{"_name":"Jahre","one":"%1$s J","other":"%1$s J"}},"electric":{"ampere":{"_name":"Ampere","one":"%1$s A","other":"%1$s A"},"milliampere":{"_name":"mA","one":"%1$s mA","other":"%1$s mA"},"ohm":{"_name":"Ohm","one":"%1$s Ω","other":"%1$s Ω"},"volt":{"_name":"Volt","one":"%1$s V","other":"%1$s V"}},"energy":{"calorie":{"_name":"cal","one":"%1$s cal","other":"%1$s cal"},"foodcalorie":{"_name":"kcal","one":"%1$s kcal","other":"%1$s kcal"},"joule":{"_name":"Joule","one":"%1$s J","other":"%1$s J"},"kilocalorie":{"_name":"kcal","one":"%1$s kcal","other":"%1$s kcal"},"kilojoule":{"_name":"Kilojoule","one":"%1$s kJ","other":"%1$s kJ"},"kilowatt-hour":{"_name":"kWh","one":"%1$s kWh","other":"%1$s kWh"}},"frequency":{"gigahertz":{"_name":"GHz","one":"%1$s GHz","other":"%1$s GHz"},"hertz":{"_name":"Hz","one":"%1$s Hz","other":"%1$s Hz"},"kilohertz":{"_name":"kHz","one":"%1$s kHz","other":"%1$s kHz"},"megahertz":{"_name":"MHz","one":"%1$s MHz","other":"%1$s MHz"}},"length":{"astronomical-unit":{"_name":"AE","one":"%1$s AE","other":"%1$s AE"},"centimeter":{"_name":"cm","one":"%1$s cm","other":"%1$s cm"},"decimeter":{"_name":"dm","one":"%1$s dm","other":"%1$s dm"},"fathom":{"_name":"Faden","one":"%1$s fm","other":"%1$s fm"},"foot":{"_name":"Fuß","one":"%1$s ft","other":"%1$s ft"},"furlong":{"_name":"Furlong","one":"%1$s fur","other":"%1$s fur"},"inch":{"_name":"Zoll","one":"%1$s in","other":"%1$s in"},"kilometer":{"_name":"Kilometer","one":"%1$s km","other":"%1$s km"},"light-year":{"_name":"Lichtjahre","one":"%1$s Lj","other":"%1$s Lj"},"meter":{"_name":"Meter","one":"%1$s m","other":"%1$s m"},"micrometer":{"_name":"µm","one":"%1$s µm","other":"%1$s µm"},"mile":{"_name":"Meilen","one":"%1$s mi","other":"%1$s mi"},"millimeter":{"_name":"Millimeter","one":"%1$s mm","other":"%1$s mm"},"nanometer":{"_name":"nm","one":"%1$s nm","other":"%1$s nm"},"nautical-mile":{"_name":"sm","one":"%1$s sm","other":"%1$s sm"},"parsec":{"_name":"Parsec","one":"%1$s pc","other":"%1$s pc"},"picometer":{"_name":"Pikometer","one":"%1$s pm","other":"%1$s pm"},"yard":{"_name":"Yards","one":"%1$s yd","other":"%1$s yd"}},"light":{"lux":{"_name":"Lux","one":"%1$s lx","other":"%1$s lx"}},"mass":{"carat":{"_name":"Karat","one":"%1$s Kt","other":"%1$s Kt"},"gram":{"_name":"Gramm","one":"%1$s g","other":"%1$s g"},"kilogram":{"_name":"kg","one":"%1$s kg","other":"%1$s kg"},"metric-ton":{"_name":"t","one":"%1$s t","other":"%1$s t"},"microgram":{"_name":"µg","one":"%1$s µg","other":"%1$s µg"},"milligram":{"_name":"mg","one":"%1$s mg","other":"%1$s mg"},"ounce":{"_name":"Unzen","one":"%1$s oz","other":"%1$s oz"},"ounce-troy":{"_name":"oz.tr.","one":"%1$s oz.tr.","other":"%1$s oz.tr."},"pound":{"_name":"Pfund","one":"%1$s lb","other":"%1$s lb"},"stone":{"_name":"Stones","one":"%1$s st","other":"%1$s st"},"ton":{"_name":"Tons","one":"%1$s tn","other":"%1$s tn"}},"power":{"gigawatt":{"_name":"GW","one":"%1$s GW","other":"%1$s GW"},"horsepower":{"_name":"Pferdestärken","one":"%1$s PS","other":"%1$s PS"},"kilowatt":{"_name":"Kilowatt","one":"%1$s kW","other":"%1$s kW"},"megawatt":{"_name":"MW","one":"%1$s MW","other":"%1$s MW"},"milliwatt":{"_name":"mW","one":"%1$s mW","other":"%1$s mW"},"watt":{"_name":"Watt","one":"%1$s W","other":"%1$s W"}},"pressure":{"hectopascal":{"_name":"hPa","one":"%1$s hPa","other":"%1$s hPa"},"inch-hg":{"_name":"inHg","one":"%1$s inHg","other":"%1$s inHg"},"millibar":{"_name":"Millibar","one":"%1$s mbar","other":"%1$s mbar"},"millimeter-of-mercury":{"_name":"mm Hg","one":"%1$s mm Hg","other":"%1$s mm Hg"},"pound-per-square-inch":{"_name":"psi","one":"%1$s psi","other":"%1$s psi"}},"proportion":{"karat":{"_name":"Karat","one":"%1$s kt","other":"%1$s kt"}},"speed":{"kilometer-per-hour":{"_name":"km/h","one":"%1$s km/h","other":"%1$s km/h"},"meter-per-second":{"_name":"m/s","one":"%1$s m/s","other":"%1$s m/s"},"mile-per-hour":{"_name":"mi/h","one":"%1$s mi/h","other":"%1$s mi/h"}},"temperature":{"celsius":{"_name":"°C","one":"%1$s °C","other":"%1$s °C"},"fahrenheit":{"_name":"°F","one":"%1$s°F","other":"%1$s°F"},"generic":{"_name":"°","other":"%1$s°"},"kelvin":{"_name":"K","one":"%1$s K","other":"%1$s K"}},"volume":{"acre-foot":{"_name":"Acre-Feet","one":"%1$s ac ft","other":"%1$s ac ft"},"bushel":{"_name":"Bushel","one":"%1$s bu","other":"%1$s bu"},"centiliter":{"_name":"cl","one":"%1$s cl","other":"%1$s cl"},"cubic-centimeter":{"_name":"cm³","one":"%1$s cm³","other":"%1$s cm³"},"cubic-foot":{"_name":"ft³","one":"%1$s ft³","other":"%1$s ft³"},"cubic-inch":{"_name":"in³","one":"%1$s in³","other":"%1$s in³"},"cubic-kilometer":{"_name":"km³","one":"%1$s km³","other":"%1$s km³"},"cubic-meter":{"_name":"m³","one":"%1$s m³","other":"%1$s m³"},"cubic-mile":{"_name":"mi³","one":"%1$s mi³","other":"%1$s mi³"},"cubic-yard":{"_name":"yd³","one":"%1$s yd³","other":"%1$s yd³"},"cup":{"_name":"Cups","one":"%1$s Cup","other":"%1$s Cups"},"deciliter":{"_name":"dl","one":"%1$s dl","other":"%1$s dl"},"fluid-ounce":{"_name":"fl oz","one":"%1$s fl oz","other":"%1$s fl oz"},"gallon":{"_name":"gal","one":"%1$s gal","other":"%1$s gal"},"hectoliter":{"_name":"hl","one":"%1$s hl","other":"%1$s hl"},"liter":{"_name":"Liter","one":"%1$s l","other":"%1$s l"},"megaliter":{"_name":"Ml","one":"%1$s Ml","other":"%1$s Ml"},"milliliter":{"_name":"ml","one":"%1$s ml","other":"%1$s ml"},"pint":{"_name":"Pints","one":"%1$s pt","other":"%1$s pt"},"quart":{"_name":"Quart","one":"%1$s qt","other":"%1$s qt"},"tablespoon":{"_name":"EL","one":"%1$s EL","other":"%1$s EL"},"teaspoon":{"_name":"TL","one":"%1$s TL","other":"%1$s TL"}}},"narrow":{"_compoundPattern":"%1$s/%2$s","acceleration":{"g-force":{"_name":"g-Kraft","one":"%1$s G","other":"%1$s G"},"meter-per-second-squared":{"_name":"m/s²","one":"%1$s m/s²","other":"%1$s m/s²"}},"angle":{"arc-minute":{"_name":"Winkelminuten","one":"%1$s′","other":"%1$s′"},"arc-second":{"_name":"Winkelsekunden","one":"%1$s″","other":"%1$s″"},"degree":{"_name":"Grad","one":"%1$s°","other":"%1$s°"},"radian":{"_name":"rad","one":"%1$s rad","other":"%1$s rad"}},"area":{"acre":{"_name":"Acres","one":"%1$s ac","other":"%1$s ac"},"hectare":{"_name":"Hektar","one":"%1$s ha","other":"%1$s ha"},"square-centimeter":{"_name":"cm²","one":"%1$s cm²","other":"%1$s cm²"},"square-foot":{"_name":"ft²","one":"%1$s ft²","other":"%1$s ft²"},"square-inch":{"_name":"in²","one":"%1$s in²","other":"%1$s in²"},"square-kilometer":{"_name":"km²","one":"%1$s km²","other":"%1$s km²"},"square-meter":{"_name":"m²","one":"%1$s m²","other":"%1$s m²"},"square-mile":{"_name":"mi²","one":"%1$s mi²","other":"%1$s mi²"},"square-yard":{"_name":"yd²","one":"%1$s yd²","other":"%1$s yd²"}},"consumption":{"liter-per-kilometer":{"_name":"l/km","one":"%1$s l/km","other":"%1$s l/km"},"mile-per-gallon":{"_name":"mpg","one":"%1$s mpg","other":"%1$s mpg"}},"digital":{"bit":{"_name":"Bit","one":"%1$s Bit","other":"%1$s Bits"},"byte":{"_name":"Byte","one":"%1$s Byte","other":"%1$s Bytes"},"gigabit":{"_name":"Gigabit","one":"%1$s Gb","other":"%1$s Gb"},"gigabyte":{"_name":"Gigabyte","one":"%1$s GB","other":"%1$s GB"},"kilobit":{"_name":"kbit","one":"%1$s kb","other":"%1$s kb"},"kilobyte":{"_name":"kbyte","one":"%1$s kB","other":"%1$s kB"},"megabit":{"_name":"Mbit","one":"%1$s Mb","other":"%1$s Mb"},"megabyte":{"_name":"Mbyte","one":"%1$s MB","other":"%1$s MB"},"terabit":{"_name":"Tb","one":"%1$s Tb","other":"%1$s Tb"},"terabyte":{"_name":"TB","one":"%1$s TB","other":"%1$s TB"}},"duration":{"day":{"_name":"Tag","one":"%1$s T","other":"%1$s T"},"hour":{"_name":"Std.","one":"%1$s Std.","other":"%1$s Std.","_per":"%1$s/h"},"microsecond":{"_name":"μs","one":"%1$s μs","other":"%1$s μs"},"millisecond":{"_name":"Millisekunden","one":"%1$s ms","other":"%1$s ms"},"minute":{"_name":"Min.","one":"%1$s Min.","other":"%1$s Min."},"month":{"_name":"Monat","one":"%1$s M","other":"%1$s M"},"nanosecond":{"_name":"Nanosekunden","one":"%1$s ns","other":"%1$s ns"},"second":{"_name":"Sek.","one":"%1$s s","other":"%1$s s","_per":"%1$s/s"},"week":{"_name":"Woche","one":"%1$s W","other":"%1$s W"},"year":{"_name":"J","one":"%1$s J","other":"%1$s J"}},"electric":{"ampere":{"_name":"Ampere","one":"%1$s A","other":"%1$s A"},"milliampere":{"_name":"mA","one":"%1$s mA","other":"%1$s mA"},"ohm":{"_name":"Ohm","one":"%1$s Ω","other":"%1$s Ω"},"volt":{"_name":"Volt","one":"%1$s V","other":"%1$s V"}},"energy":{"calorie":{"_name":"cal","one":"%1$s cal","other":"%1$s cal"},"foodcalorie":{"_name":"kcal","one":"%1$s kcal","other":"%1$s kcal"},"joule":{"_name":"Joule","one":"%1$s J","other":"%1$s J"},"kilocalorie":{"_name":"kcal","one":"%1$s kcal","other":"%1$s kcal"},"kilojoule":{"_name":"Kilojoule","one":"%1$s kJ","other":"%1$s kJ"},"kilowatt-hour":{"_name":"kWh","one":"%1$s kWh","other":"%1$s kWh"}},"frequency":{"gigahertz":{"_name":"GHz","one":"%1$s GHz","other":"%1$s GHz"},"hertz":{"_name":"Hz","one":"%1$s Hz","other":"%1$s Hz"},"kilohertz":{"_name":"kHz","one":"%1$s kHz","other":"%1$s kHz"},"megahertz":{"_name":"MHz","one":"%1$s MHz","other":"%1$s MHz"}},"length":{"astronomical-unit":{"_name":"AE","one":"%1$s AE","other":"%1$s AE"},"centimeter":{"_name":"cm","one":"%1$s cm","other":"%1$s cm"},"decimeter":{"_name":"dm","one":"%1$s dm","other":"%1$s dm"},"fathom":{"_name":"Faden","one":"%1$s fm","other":"%1$s fm"},"foot":{"_name":"Fuß","one":"%1$s ft","other":"%1$s ft"},"furlong":{"_name":"Furlong","one":"%1$s fur","other":"%1$s fur"},"inch":{"_name":"Zoll","one":"%1$s in","other":"%1$s in"},"kilometer":{"_name":"km","one":"%1$s km","other":"%1$s km"},"light-year":{"_name":"Lichtjahre","one":"%1$s ly","other":"%1$s ly"},"meter":{"_name":"Meter","one":"%1$s m","other":"%1$s m"},"micrometer":{"_name":"µm","one":"%1$s µm","other":"%1$s µm"},"mile":{"_name":"Meilen","one":"%1$s mi","other":"%1$s mi"},"millimeter":{"_name":"mm","one":"%1$s mm","other":"%1$s mm"},"nanometer":{"_name":"nm","one":"%1$s nm","other":"%1$s nm"},"nautical-mile":{"_name":"sm","one":"%1$s sm","other":"%1$s sm"},"parsec":{"_name":"Parsec","one":"%1$s pc","other":"%1$s pc"},"picometer":{"_name":"Pikometer","one":"%1$s pm","other":"%1$s pm"},"yard":{"_name":"Yards","one":"%1$s yd","other":"%1$s yd"}},"light":{"lux":{"_name":"Lux","one":"%1$s lx","other":"%1$s lx"}},"mass":{"carat":{"_name":"Karat","one":"%1$s Kt","other":"%1$s Kt"},"gram":{"_name":"Gramm","one":"%1$s g","other":"%1$s g"},"kilogram":{"_name":"kg","one":"%1$s kg","other":"%1$s kg"},"metric-ton":{"_name":"t","one":"%1$s t","other":"%1$s t"},"microgram":{"_name":"µg","one":"%1$s µg","other":"%1$s µg"},"milligram":{"_name":"mg","one":"%1$s mg","other":"%1$s mg"},"ounce":{"_name":"Unzen","one":"%1$s oz","other":"%1$s oz"},"ounce-troy":{"_name":"oz.tr.","one":"%1$s oz.tr.","other":"%1$s oz.tr."},"pound":{"_name":"Pfund","one":"%1$s lb","other":"%1$s lb"},"stone":{"_name":"Stones","one":"%1$s st","other":"%1$s st"},"ton":{"_name":"Tons","one":"%1$s tn","other":"%1$s tn"}},"power":{"gigawatt":{"_name":"GW","one":"%1$s GW","other":"%1$s GW"},"horsepower":{"_name":"Pferdestärken","one":"%1$s PS","other":"%1$s PS"},"kilowatt":{"_name":"Kilowatt","one":"%1$s kW","other":"%1$s kW"},"megawatt":{"_name":"MW","one":"%1$s MW","other":"%1$s MW"},"milliwatt":{"_name":"mW","one":"%1$s mW","other":"%1$s mW"},"watt":{"_name":"Watt","one":"%1$s W","other":"%1$s W"}},"pressure":{"hectopascal":{"_name":"hPa","one":"%1$s hPa","other":"%1$s hPa"},"inch-hg":{"_name":"inHg","one":"%1$s inHg","other":"%1$s inHg"},"millibar":{"_name":"Millibar","one":"%1$s mbar","other":"%1$s mbar"},"millimeter-of-mercury":{"_name":"mm Hg","one":"%1$s mm Hg","other":"%1$s mm Hg"},"pound-per-square-inch":{"_name":"psi","one":"%1$s psi","other":"%1$s psi"}},"proportion":{"karat":{"_name":"Karat","one":"%1$s kt","other":"%1$s kt"}},"speed":{"kilometer-per-hour":{"_name":"km/h","one":"%1$s km/h","other":"%1$s km/h"},"meter-per-second":{"_name":"m/s","one":"%1$s m/s","other":"%1$s m/s"},"mile-per-hour":{"_name":"mi/h","one":"%1$s mi/h","other":"%1$s mi/h"}},"temperature":{"celsius":{"_name":"°C","one":"%1$s°","other":"%1$s°"},"fahrenheit":{"_name":"°F","one":"%1$s°F","other":"%1$s°F"},"generic":{"_name":"°","other":"%1$s°"},"kelvin":{"_name":"K","one":"%1$s K","other":"%1$s K"}},"volume":{"acre-foot":{"_name":"Acre-Feet","one":"%1$s ac ft","other":"%1$s ac ft"},"bushel":{"_name":"Bushel","one":"%1$s bu","other":"%1$s bu"},"centiliter":{"_name":"cl","one":"%1$s cl","other":"%1$s cl"},"cubic-centimeter":{"_name":"cm³","one":"%1$s cm³","other":"%1$s cm³"},"cubic-foot":{"_name":"ft³","one":"%1$s ft³","other":"%1$s ft³"},"cubic-inch":{"_name":"in³","one":"%1$s in³","other":"%1$s in³"},"cubic-kilometer":{"_name":"km³","one":"%1$s km³","other":"%1$s km³"},"cubic-meter":{"_name":"m³","one":"%1$s m³","other":"%1$s m³"},"cubic-mile":{"_name":"mi³","one":"%1$s mi³","other":"%1$s mi³"},"cubic-yard":{"_name":"yd³","one":"%1$s yd³","other":"%1$s yd³"},"cup":{"_name":"Cups","one":"%1$s Cup","other":"%1$s Cups"},"deciliter":{"_name":"dl","one":"%1$s dl","other":"%1$s dl"},"fluid-ounce":{"_name":"fl oz","one":"%1$s fl oz","other":"%1$s fl oz"},"gallon":{"_name":"gal","one":"%1$s gal","other":"%1$s gal"},"hectoliter":{"_name":"hl","one":"%1$s hl","other":"%1$s hl"},"liter":{"_name":"Liter","one":"%1$s l","other":"%1$s l"},"megaliter":{"_name":"Ml","one":"%1$s Ml","other":"%1$s Ml"},"milliliter":{"_name":"ml","one":"%1$s ml","other":"%1$s ml"},"pint":{"_name":"Pints","one":"%1$s pt","other":"%1$s pt"},"quart":{"_name":"Quart","one":"%1$s qt","other":"%1$s qt"},"tablespoon":{"_name":"EL","one":"%1$s EL","other":"%1$s EL"},"teaspoon":{"_name":"TL","one":"%1$s TL","other":"%1$s TL"}}},"_durationPattern":{"hm":"h:mm","hms":"h:mm:ss","ms":"m:ss"}}