{"months":{"format":{"abbreviated":{"1":"ene.","2":"feb.","3":"mar.","4":"abr.","5":"may.","6":"jun.","7":"jul.","8":"ago.","9":"sept.","10":"oct.","11":"nov.","12":"dic."},"narrow":{"1":"E","2":"F","3":"M","4":"A","5":"M","6":"J","7":"J","8":"A","9":"S","10":"O","11":"N","12":"D"},"wide":{"1":"enero","2":"febrero","3":"marzo","4":"abril","5":"mayo","6":"junio","7":"julio","8":"agosto","9":"septiembre","10":"octubre","11":"noviembre","12":"diciembre"}},"stand-alone":{"abbreviated":{"1":"Ene.","2":"Feb.","3":"Mar.","4":"Abr.","5":"May.","6":"Jun.","7":"Jul.","8":"Ago.","9":"Sept.","10":"Oct.","11":"Nov.","12":"Dic."},"narrow":{"1":"E","2":"F","3":"M","4":"A","5":"M","6":"J","7":"J","8":"A","9":"S","10":"O","11":"N","12":"D"},"wide":{"1":"Enero","2":"Febrero","3":"Marzo","4":"Abril","5":"Mayo","6":"Junio","7":"Julio","8":"Agosto","9":"Septiembre","10":"Octubre","11":"Noviembre","12":"Diciembre"}}},"days":{"format":{"abbreviated":{"sun":"dom.","mon":"lun.","tue":"mar.","wed":"mié.","thu":"jue.","fri":"vie.","sat":"sáb."},"narrow":{"sun":"D","mon":"L","tue":"M","wed":"X","thu":"J","fri":"V","sat":"S"},"short":{"sun":"DO","mon":"LU","tue":"MA","wed":"MI","thu":"JU","fri":"VI","sat":"SA"},"wide":{"sun":"domingo","mon":"lunes","tue":"martes","wed":"miércoles","thu":"jueves","fri":"viernes","sat":"sábado"}},"stand-alone":{"abbreviated":{"sun":"Dom.","mon":"Lun.","tue":"Mar.","wed":"Mié.","thu":"Jue.","fri":"Vie.","sat":"Sáb."},"narrow":{"sun":"D","mon":"L","tue":"M","wed":"X","thu":"J","fri":"V","sat":"S"},"short":{"sun":"DO","mon":"LU","tue":"MA","wed":"MI","thu":"JU","fri":"VI","sat":"SA"},"wide":{"sun":"Domingo","mon":"Lunes","tue":"Martes","wed":"Miércoles","thu":"Jueves","fri":"Viernes","sat":"Sábado"}}},"quarters":{"format":{"abbreviated":{"1":"T1","2":"T2","3":"T3","4":"T4"},"narrow":{"1":"1","2":"2","3":"3","4":"4"},"wide":{"1":"1.er trimestre","2":"2.º trimestre","3":"3.er trimestre","4":"4.º trimestre"}},"stand-alone":{"abbreviated":{"1":"T1","2":"T2","3":"T3","4":"T4"},"narrow":{"1":"1","2":"2","3":"3","4":"4"},"wide":{"1":"1.er trimestre","2":"2.º trimestre","3":"3.er trimestre","4":"4.º trimestre"}}},"dayPeriods":{"format":{"abbreviated":{"am":"a. m.","noon":"mediodía","pm":"p. m."},"narrow":{"am":"a.m.","noon":"m.","pm":"p.m."},"wide":{"am":"a. m.","noon":"mediodía","pm":"p. m."}},"stand-alone":{"abbreviated":{"am":"a. m.","noon":"mediodía","pm":"p. m."},"narrow":{"am":"a.m.","noon":"m.","pm":"p.m."},"wide":{"am":"a. m.","noon":"mediodía","pm":"p. m."}}},"eras":{"wide":{"0":"antes de Cristo","0-alt-variant":"antes de la era común","1":"después de Cristo","1-alt-variant":"era común"},"abbreviated":{"0":"a. C.","0-alt-variant":"a. e. c.","1":"d. C.","1-alt-variant":"e. c."},"narrow":{"0":"a. C.","0-alt-variant":"a. e. c.","1":"d. C.","1-alt-variant":"e. c."}},"dateFormats":{"full":"EEEE, d 'de' MMMM 'de' y","long":"d 'de' MMMM 'de' y","medium":"d MMM y","short":"d/M/yy"},"timeFormats":{"full":"H:mm:ss (zzzz)","long":"H:mm:ss z","medium":"H:mm:ss","short":"H:mm"},"dateTimeFormats":{"full":"%2$s, %1$s","long":"%2$s, %1$s","medium":"%2$s %1$s","short":"%2$s %1$s"}}