{"ADP":{"name":"peseta andorrana","pluralName":{"one":"peseta andorrana","other":"pesetas andorranas"}},"AED":{"name":"dírham de los Emiratos Árabes Unidos","pluralName":{"one":"dírham de los Emiratos Árabes Unidos","other":"dírhams de los Emiratos Árabes Unidos"}},"AFA":{"name":"afgani (1927–2002)"},"AFN":{"name":"afgani","pluralName":{"one":"afgani","other":"afganis"}},"ALL":{"name":"lek","pluralName":{"one":"lek","other":"lekes"}},"AMD":{"name":"dram armenio","pluralName":{"one":"dram","other":"drams"}},"ANG":{"name":"florín de las Antillas Neerlandesas","pluralName":{"one":"florín de las Antillas Neerlandesas","other":"florines de las Antillas Neerlandesas"}},"AOA":{"name":"kuanza","pluralName":{"one":"kuanza","other":"kuanzas"},"symbolNarrow":"Kz"},"AOK":{"name":"kwanza angoleño (1977–1990)"},"AON":{"name":"nuevo kwanza angoleño (1990–2000)"},"AOR":{"name":"kwanza reajustado angoleño (1995–1999)"},"ARA":{"name":"austral argentino","pluralName":{"one":"austral argentino","other":"australes argentinos"}},"ARL":{"name":"ARL"},"ARM":{"name":"ARM"},"ARP":{"name":"peso argentino (1983–1985)","pluralName":{"one":"peso argentino (ARP)","other":"pesos argentinos (ARP)"}},"ARS":{"name":"peso argentino","pluralName":{"one":"peso argentino","other":"pesos argentinos"},"symbolNarrow":"$"},"ATS":{"name":"chelín austriaco","pluralName":{"one":"chelín austriaco","other":"chelines austriacos"}},"AUD":{"name":"dólar australiano","pluralName":{"one":"dólar australiano","other":"dólares australianos"},"symbolNarrow":"$"},"AWG":{"name":"florín arubeño","pluralName":{"one":"florín arubeño","other":"florines arubeños"}},"AZM":{"name":"manat azerí (1993–2006)"},"AZN":{"name":"manat azerí","pluralName":{"one":"manat azerí","other":"manat azeríes"}},"BAD":{"name":"dinar bosnio","pluralName":{"one":"dinar bosnio","other":"dinares bosnios"}},"BAM":{"name":"marco convertible de Bosnia-Herzegovina","pluralName":{"one":"marco convertible de Bosnia-Herzegovina","other":"marcos convertibles de Bosnia-Herzegovina"},"symbolNarrow":"KM"},"BAN":{"name":"BAN"},"BBD":{"name":"dólar barbadense","pluralName":{"one":"dólar barbadense","other":"dólares barbadenses"},"symbolNarrow":"$"},"BDT":{"name":"taka","pluralName":{"one":"taka","other":"takas"},"symbolNarrow":"৳"},"BEC":{"name":"franco belga (convertible)","pluralName":{"one":"franco belga (convertible)","other":"francos belgas (convertibles)"}},"BEF":{"name":"franco belga","pluralName":{"one":"franco belga","other":"francos belgas"}},"BEL":{"name":"franco belga (financiero)","pluralName":{"one":"franco belga (financiero)","other":"francos belgas (financieros)"}},"BGL":{"name":"lev fuerte búlgaro","pluralName":{"one":"lev fuerte búlgaro","other":"leva fuertes búlgaros"}},"BGM":{"name":"BGM"},"BGN":{"name":"lev búlgaro","pluralName":{"one":"lev búlgaro","other":"levas búlgaras"}},"BGO":{"name":"BGO"},"BHD":{"name":"dinar bahreiní","pluralName":{"one":"dinar bahreiní","other":"dinares bahreiníes"}},"BIF":{"name":"franco burundés","pluralName":{"one":"franco burundés","other":"francos burundeses"}},"BMD":{"name":"dólar de Bermudas","pluralName":{"one":"dólar de Bermudas","other":"dólares de Bermudas"},"symbolNarrow":"$"},"BND":{"name":"dólar bruneano","pluralName":{"one":"dólar bruneano","other":"dólares bruneanos"},"symbolNarrow":"$"},"BOB":{"name":"boliviano","pluralName":{"one":"boliviano","other":"bolivianos"},"symbolNarrow":"Bs"},"BOL":{"name":"BOL"},"BOP":{"name":"peso boliviano","pluralName":{"one":"peso boliviano","other":"pesos bolivianos"}},"BOV":{"name":"MVDOL boliviano","pluralName":{"one":"MVDOL boliviano","other":"MVDOL bolivianos"}},"BRB":{"name":"nuevo cruceiro brasileño (1967–1986)","pluralName":{"one":"nuevo cruzado brasileño (BRB)","other":"nuevos cruzados brasileños (BRB)"}},"BRC":{"name":"cruzado brasileño","pluralName":{"one":"cruzado brasileño","other":"cruzados brasileños"}},"BRE":{"name":"cruceiro brasileño (1990–1993)","pluralName":{"one":"cruceiro brasileño (BRE)","other":"cruceiros brasileños (BRE)"}},"BRL":{"name":"real brasileño","pluralName":{"one":"real brasileño","other":"reales brasileños"},"symbolNarrow":"R$"},"BRN":{"name":"nuevo cruzado brasileño","pluralName":{"one":"nuevo cruzado brasileño","other":"nuevos cruzados brasileños"}},"BRR":{"name":"cruceiro brasileño","pluralName":{"one":"cruceiro brasileño","other":"cruceiros brasileños"}},"BRZ":{"name":"BRZ"},"BSD":{"name":"dólar bahameño","pluralName":{"one":"dólar bahameño","other":"dólares bahameños"},"symbolNarrow":"$"},"BTN":{"name":"gultrum","pluralName":{"one":"gultrum","other":"gultrums"}},"BUK":{"name":"kyat birmano","pluralName":{"one":"kyat birmano","other":"kyat birmanos"}},"BWP":{"name":"pula","pluralName":{"one":"pula","other":"pulas"},"symbolNarrow":"P"},"BYB":{"name":"nuevo rublo bielorruso (1994–1999)","pluralName":{"one":"nuevo rublo bielorruso","other":"nuevos rublos bielorrusos"}},"BYR":{"name":"rublo bielorruso","pluralName":{"one":"rublo bielorruso","other":"rublos bielorrusos"},"symbolNarrow":"р."},"BZD":{"name":"dólar beliceño","pluralName":{"one":"dólar beliceño","other":"dólares beliceños"},"symbolNarrow":"$"},"CAD":{"symbol":"CA$","name":"dólar canadiense","pluralName":{"one":"dólar canadiense","other":"dólares canadienses"},"symbolNarrow":"$"},"CDF":{"name":"franco congoleño","pluralName":{"one":"franco congoleño","other":"francos congoleños"}},"CHE":{"name":"euro WIR","pluralName":{"one":"euro WIR","other":"euros WIR"}},"CHF":{"name":"franco suizo","pluralName":{"one":"franco suizo","other":"francos suizos"}},"CHW":{"name":"franco WIR","pluralName":{"one":"franco WIR","other":"francos WIR"}},"CLE":{"name":"CLE"},"CLF":{"name":"unidad de fomento chilena","pluralName":{"one":"unidad de fomento chilena","other":"unidades de fomento chilenas"}},"CLP":{"name":"peso chileno","pluralName":{"one":"peso chileno","other":"pesos chilenos"},"symbolNarrow":"$"},"CNY":{"name":"yuan","pluralName":{"one":"yuan","other":"yuanes"},"symbolNarrow":"¥"},"COP":{"name":"peso colombiano","pluralName":{"one":"peso colombiano","other":"pesos colombianos"},"symbolNarrow":"$"},"COU":{"name":"unidad de valor real colombiana","pluralName":{"one":"unidad de valor real","other":"unidades de valor reales"}},"CRC":{"name":"colón costarricense","pluralName":{"one":"colón costarricense","other":"colones costarricenses"},"symbolNarrow":"₡"},"CSD":{"name":"antiguo dinar serbio","pluralName":{"one":"antiguo dinar serbio","other":"antiguos dinares serbios"}},"CSK":{"name":"corona fuerte checoslovaca","pluralName":{"one":"corona fuerte checoslovaca","other":"coronas fuertes checoslovacas"}},"CUC":{"name":"peso cubano convertible","pluralName":{"one":"peso cubano convertible","other":"pesos cubanos convertibles"},"symbolNarrow":"$"},"CUP":{"name":"peso cubano","pluralName":{"one":"peso cubano","other":"pesos cubanos"},"symbolNarrow":"$"},"CVE":{"name":"escudo de Cabo Verde","pluralName":{"one":"escudo de Cabo Verde","other":"escudos de Cabo Verde"}},"CYP":{"name":"libra chipriota","pluralName":{"one":"libra chipriota","other":"libras chipriotas"}},"CZK":{"name":"corona checa","pluralName":{"one":"corona checa","other":"coronas checas"},"symbolNarrow":"Kč"},"DDM":{"name":"ostmark de Alemania del Este","pluralName":{"one":"marco de la República Democrática Alemana","other":"marcos de la República Democrática Alemana"}},"DEM":{"name":"marco alemán","pluralName":{"one":"marco alemán","other":"marcos alemanes"}},"DJF":{"name":"franco yibutiano","pluralName":{"one":"franco yibutiano","other":"francos yibutianos"}},"DKK":{"name":"corona danesa","pluralName":{"one":"corona danesa","other":"coronas danesas"},"symbolNarrow":"kr"},"DOP":{"name":"peso dominicano","pluralName":{"one":"peso dominicano","other":"pesos dominicanos"},"symbolNarrow":"$"},"DZD":{"name":"dinar argelino","pluralName":{"one":"dinar argelino","other":"dinares argelinos"}},"ECS":{"name":"sucre ecuatoriano","pluralName":{"one":"sucre ecuatoriano","other":"sucres ecuatorianos"}},"ECV":{"name":"unidad de valor constante (UVC) ecuatoriana","pluralName":{"one":"unidad de valor constante (UVC) ecuatoriana","other":"unidades de valor constante (UVC) ecuatorianas"}},"EEK":{"name":"corona estonia","pluralName":{"one":"corona estonia","other":"coronas estonias"}},"EGP":{"name":"libra egipcia","pluralName":{"one":"libra egipcia","other":"libras egipcias"},"symbolNarrow":"E£"},"ERN":{"name":"nakfa eritreo","pluralName":{"one":"nakfa","other":"nakfas"}},"ESA":{"name":"peseta española (cuenta A)","pluralName":{"one":"peseta española (cuenta A)","other":"pesetas españolas (cuenta A)"}},"ESB":{"name":"peseta española (cuenta convertible)","pluralName":{"one":"peseta española (cuenta convertible)","other":"pesetas españolas (cuenta convertible)"}},"ESP":{"symbol":"₧","name":"peseta española","pluralName":{"one":"peseta española","other":"pesetas españolas"},"symbolNarrow":"₧"},"ETB":{"name":"bir","pluralName":{"one":"bir","other":"bires"}},"EUR":{"symbol":"€","name":"euro","pluralName":{"one":"euro","other":"euros"},"symbolNarrow":"€"},"FIM":{"name":"marco finlandés","pluralName":{"one":"marco finlandés","other":"marcos finlandeses"}},"FJD":{"name":"dólar fiyiano","pluralName":{"one":"dólar fiyiano","other":"dólares fiyianos"},"symbolNarrow":"$"},"FKP":{"name":"libra malvinense","pluralName":{"one":"libra malvinense","other":"libras malvinenses"},"symbolNarrow":"£"},"FRF":{"name":"franco francés","pluralName":{"one":"franco francés","other":"francos franceses"}},"GBP":{"name":"libra británica","pluralName":{"one":"libra británica","other":"libras británicas"},"symbolNarrow":"£"},"GEK":{"name":"kupon larit georgiano"},"GEL":{"name":"lari","pluralName":{"one":"lari","other":"laris"}},"GHC":{"name":"cedi ghanés (1979–2007)"},"GHS":{"name":"cedi","pluralName":{"one":"cedi","other":"cedis"}},"GIP":{"name":"libra gibraltareña","pluralName":{"one":"libra gibraltareña","other":"libras gibraltareñas"},"symbolNarrow":"£"},"GMD":{"name":"dalasi","pluralName":{"one":"dalasi","other":"dalasis"}},"GNF":{"name":"franco guineano","pluralName":{"one":"franco guineano","other":"francos guineanos"},"symbolNarrow":"FG"},"GNS":{"name":"syli guineano"},"GQE":{"name":"ekuele de Guinea Ecuatorial","pluralName":{"one":"ekuele de Guinea Ecuatorial","other":"ekueles de Guinea Ecuatorial"}},"GRD":{"name":"dracma griego","pluralName":{"one":"dracma griego","other":"dracmas griegos"}},"GTQ":{"name":"quetzal guatemalteco","pluralName":{"one":"quetzal guatemalteco","other":"quetzales guatemaltecos"},"symbolNarrow":"Q"},"GWE":{"name":"escudo de Guinea Portuguesa"},"GWP":{"name":"peso de Guinea-Bissáu"},"GYD":{"name":"dólar guyanés","pluralName":{"one":"dólar guyanés","other":"dólares guyaneses"},"symbolNarrow":"$"},"HKD":{"name":"dólar hongkonés","pluralName":{"one":"dólar hongkonés","other":"dólares hongkoneses"},"symbolNarrow":"$"},"HNL":{"name":"lempira hondureño","pluralName":{"one":"lempira hondureño","other":"lempiras hondureños"},"symbolNarrow":"L"},"HRD":{"name":"dinar croata","pluralName":{"one":"dinar croata","other":"dinares croatas"}},"HRK":{"name":"kuna","pluralName":{"one":"kuna","other":"kunas"},"symbolNarrow":"kn"},"HTG":{"name":"gourde haitiano","pluralName":{"one":"gourde haitiano","other":"gourdes haitianos"}},"HUF":{"name":"forinto húngaro","pluralName":{"one":"forinto húngaro","other":"forintos húngaros"},"symbolNarrow":"Ft"},"IDR":{"name":"rupia indonesia","pluralName":{"one":"rupia indonesia","other":"rupias indonesias"},"symbolNarrow":"Rp"},"IEP":{"name":"libra irlandesa","pluralName":{"one":"libra irlandesa","other":"libras irlandesas"}},"ILP":{"name":"libra israelí","pluralName":{"one":"libra israelí","other":"libras israelíes"}},"ILS":{"name":"nuevo séquel israelí","pluralName":{"one":"nuevo séquel israelí","other":"nuevos séqueles israelíes"},"symbolNarrow":"₪"},"INR":{"name":"rupia india","pluralName":{"one":"rupia india","other":"rupias indias"},"symbolNarrow":"₹"},"IQD":{"name":"dinar iraquí","pluralName":{"one":"dinar iraquí","other":"dinares iraquíes"}},"IRR":{"name":"rial iraní","pluralName":{"one":"rial iraní","other":"riales iraníes"}},"ISK":{"name":"corona islandesa","pluralName":{"one":"corona islandesa","other":"coronas islandesas"},"symbolNarrow":"kr"},"ITL":{"name":"lira italiana","pluralName":{"one":"lira italiana","other":"liras italianas"}},"JMD":{"name":"dólar jamaicano","pluralName":{"one":"dólar jamaicano","other":"dólares jamaicanos"},"symbolNarrow":"$"},"JOD":{"name":"dinar jordano","pluralName":{"one":"dinar jordano","other":"dinares jordanos"}},"JPY":{"name":"yen","pluralName":{"one":"yen","other":"yenes"},"symbolNarrow":"¥"},"KES":{"name":"chelín keniano","pluralName":{"one":"chelín keniano","other":"chelines kenianos"}},"KGS":{"name":"som","pluralName":{"one":"som","other":"soms"}},"KHR":{"name":"riel","pluralName":{"one":"riel","other":"rieles"},"symbolNarrow":"៛"},"KMF":{"name":"franco comorense","pluralName":{"one":"franco comorense","other":"francos comorenses"},"symbolNarrow":"CF"},"KPW":{"name":"won norcoreano","pluralName":{"one":"won norcoreano","other":"wons norcoreanos"},"symbolNarrow":"₩"},"KRH":{"name":"KRH"},"KRO":{"name":"KRO"},"KRW":{"name":"won surcoreano","pluralName":{"one":"won surcoreano","other":"wons surcoreanos"},"symbolNarrow":"₩"},"KWD":{"name":"dinar kuwaití","pluralName":{"one":"dinar kuwaití","other":"dinares kuwaitíes"}},"KYD":{"name":"dólar de las Islas Caimán","pluralName":{"one":"dólar de las Islas Caimán","other":"dólares de las Islas Caimán"},"symbolNarrow":"$"},"KZT":{"name":"tenge kazako","pluralName":{"one":"tenge kazako","other":"tenges kazakos"},"symbolNarrow":"₸"},"LAK":{"name":"kip","pluralName":{"one":"kip","other":"kips"},"symbolNarrow":"₭"},"LBP":{"name":"libra libanesa","pluralName":{"one":"libra libanesa","other":"libras libanesas"},"symbolNarrow":"L£"},"LKR":{"name":"rupia esrilanquesa","pluralName":{"one":"rupia esrilanquesa","other":"rupias esrilanquesas"},"symbolNarrow":"Rs"},"LRD":{"name":"dólar liberiano","pluralName":{"one":"dólar liberiano","other":"dólares liberianos"},"symbolNarrow":"$"},"LSL":{"name":"loti lesothense"},"LTL":{"name":"litas lituano","pluralName":{"one":"litas lituana","other":"litas lituanas"},"symbolNarrow":"Lt"},"LTT":{"name":"talonas lituano","pluralName":{"one":"talonas lituana","other":"talonas lituanas"}},"LUC":{"name":"franco convertible luxemburgués","pluralName":{"one":"franco convertible luxemburgués","other":"francos convertibles luxemburgueses"}},"LUF":{"name":"franco luxemburgués","pluralName":{"one":"franco luxemburgués","other":"francos luxemburgueses"}},"LUL":{"name":"franco financiero luxemburgués","pluralName":{"one":"franco financiero luxemburgués","other":"francos financieros luxemburgueses"}},"LVL":{"name":"lats letón","pluralName":{"one":"lats letón","other":"lats letónes"},"symbolNarrow":"Ls"},"LVR":{"name":"rublo letón","pluralName":{"one":"rublo letón","other":"rublos letones"}},"LYD":{"name":"dinar libio","pluralName":{"one":"dinar libio","other":"dinares libios"}},"MAD":{"name":"dírham marroquí","pluralName":{"one":"dírham marroquí","other":"dírhams marroquíes"}},"MAF":{"name":"franco marroquí","pluralName":{"one":"franco marroquí","other":"francos marroquíes"}},"MCF":{"name":"MCF"},"MDC":{"name":"MDC"},"MDL":{"name":"leu moldavo","pluralName":{"one":"leu moldavo","other":"leus moldavos"}},"MGA":{"name":"ariari","pluralName":{"one":"ariari","other":"ariaris"},"symbolNarrow":"Ar"},"MGF":{"name":"franco malgache"},"MKD":{"name":"dinar macedonio","pluralName":{"one":"dinar macedonio","other":"dinares macedonios"}},"MKN":{"name":"MKN"},"MLF":{"name":"franco malí"},"MMK":{"name":"kiat","pluralName":{"one":"kiat","other":"kiats"},"symbolNarrow":"K"},"MNT":{"name":"tugrik","pluralName":{"one":"tugrik","other":"tugriks"},"symbolNarrow":"₮"},"MOP":{"name":"pataca de Macao","pluralName":{"one":"pataca de Macao","other":"patacas de Macao"}},"MRO":{"name":"uguiya","pluralName":{"one":"uguiya","other":"uguiyas"}},"MTL":{"name":"lira maltesa","pluralName":{"one":"lira maltesa","other":"liras maltesas"}},"MTP":{"name":"libra maltesa","pluralName":{"one":"libra maltesa","other":"libras maltesas"}},"MUR":{"name":"rupia mauriciana","pluralName":{"one":"rupia mauriciana","other":"rupias mauricianas"},"symbolNarrow":"Rs"},"MVR":{"name":"rufiya","pluralName":{"one":"rufiya","other":"rufiyas"}},"MWK":{"name":"kwacha malauí","pluralName":{"one":"kwacha malauí","other":"kwachas malauís"}},"MXN":{"name":"peso mexicano","pluralName":{"one":"peso mexicano","other":"pesos mexicanos"},"symbolNarrow":"$"},"MXP":{"name":"peso de plata mexicano (1861–1992)","pluralName":{"one":"peso de plata mexicano (MXP)","other":"pesos de plata mexicanos (MXP)"}},"MXV":{"name":"unidad de inversión (UDI) mexicana","pluralName":{"one":"unidad de inversión (UDI) mexicana","other":"unidades de inversión (UDI) mexicanas"}},"MYR":{"name":"ringit","pluralName":{"one":"ringit","other":"ringits"},"symbolNarrow":"RM"},"MZE":{"name":"escudo mozambiqueño","pluralName":{"one":"escudo mozambiqueño","other":"escudos mozambiqueños"}},"MZM":{"name":"antiguo metical mozambiqueño"},"MZN":{"name":"metical","pluralName":{"one":"metical","other":"meticales"}},"NAD":{"name":"dólar namibio","pluralName":{"one":"dólar namibio","other":"dólares namibios"},"symbolNarrow":"$"},"NGN":{"name":"naira","pluralName":{"one":"naira","other":"nairas"},"symbolNarrow":"₦"},"NIC":{"name":"córdoba nicaragüense (1988–1991)","pluralName":{"one":"córdoba nicaragüense (1988–1991)","other":"córdobas nicaragüenses (1988–1991)"}},"NIO":{"name":"córdoba nicaragüense","pluralName":{"one":"córdoba nicaragüense","other":"córdobas nicaragüenses"},"symbolNarrow":"C$"},"NLG":{"name":"florín neerlandés","pluralName":{"one":"florín neerlandés","other":"florines neerlandeses"}},"NOK":{"name":"corona noruega","pluralName":{"one":"corona noruega","other":"coronas noruegas"},"symbolNarrow":"kr"},"NPR":{"name":"rupia nepalí","pluralName":{"one":"rupia nepalí","other":"rupias nepalíes"},"symbolNarrow":"Rs"},"NZD":{"name":"dólar neozelandés","pluralName":{"one":"dólar neozelandés","other":"dólares neozelandeses"},"symbolNarrow":"$"},"OMR":{"name":"rial omaní","pluralName":{"one":"rial omaní","other":"riales omaníes"}},"PAB":{"name":"balboa panameño","pluralName":{"one":"balboa panameño","other":"balboas panameños"}},"PEI":{"name":"inti peruano","pluralName":{"one":"inti peruano","other":"intis peruanos"}},"PEN":{"name":"nuevo sol peruano","pluralName":{"one":"nuevo sol peruano","other":"nuevos soles peruanos"}},"PES":{"name":"sol peruano","pluralName":{"one":"sol peruano","other":"soles peruanos"}},"PGK":{"name":"kina","pluralName":{"one":"kina","other":"kinas"}},"PHP":{"name":"peso filipino","pluralName":{"one":"peso filipino","other":"pesos filipinos"},"symbolNarrow":"₱"},"PKR":{"name":"rupia pakistaní","pluralName":{"one":"rupia pakistaní","other":"rupias pakistaníes"},"symbolNarrow":"Rs"},"PLN":{"name":"esloti","pluralName":{"one":"esloti","other":"eslotis"},"symbolNarrow":"zł"},"PLZ":{"name":"zloty polaco (1950–1995)","pluralName":{"one":"zloty polaco (PLZ)","other":"zlotys polacos (PLZ)"}},"PTE":{"name":"escudo portugués","pluralName":{"one":"escudo portugués","other":"escudos portugueses"}},"PYG":{"name":"guaraní paraguayo","pluralName":{"one":"guaraní paraguayo","other":"guaraníes paraguayos"},"symbolNarrow":"₲"},"QAR":{"name":"rial catarí","pluralName":{"one":"rial catarí","other":"riales cataríes"}},"RHD":{"name":"dólar rodesiano"},"ROL":{"name":"antiguo leu rumano","pluralName":{"one":"antiguo leu rumano","other":"antiguos lei rumanos"}},"RON":{"name":"leu rumano","pluralName":{"one":"leu rumano","other":"leus rumanos"}},"RSD":{"name":"dinar serbio","pluralName":{"one":"dinar serbio","other":"dinares serbios"}},"RUB":{"name":"rublo ruso","pluralName":{"one":"rublo ruso","other":"rublos rusos"},"symbolAlt":"₽"},"RUR":{"name":"rublo ruso (1991–1998)","pluralName":{"one":"rublo ruso (RUR)","other":"rublos rusos (RUR)"},"symbolNarrow":"р."},"RWF":{"name":"franco ruandés","pluralName":{"one":"franco ruandés","other":"francos ruandeses"},"symbolNarrow":"RF"},"SAR":{"name":"rial saudí","pluralName":{"one":"rial saudí","other":"riales saudíes"}},"SBD":{"name":"dólar salomonense","pluralName":{"one":"dólar salomonense","other":"dólares salomonenses"},"symbolNarrow":"$"},"SCR":{"name":"rupia seychellense","pluralName":{"one":"rupia seychellense","other":"rupias seychellenses"}},"SDD":{"name":"dinar sudanés","pluralName":{"one":"dinar sudanés","other":"dinares sudaneses"}},"SDG":{"name":"libra sudanesa","pluralName":{"one":"libra sudanesa","other":"libras sudanesas"}},"SDP":{"name":"libra sudanesa antigua","pluralName":{"one":"libra sudanesa antigua","other":"libras sudanesas antiguas"}},"SEK":{"name":"corona sueca","pluralName":{"one":"corona sueca","other":"coronas suecas"},"symbolNarrow":"kr"},"SGD":{"name":"dólar singapurense","pluralName":{"one":"dólar singapurense","other":"dólares singapurenses"},"symbolNarrow":"$"},"SHP":{"name":"libra de Santa Elena","pluralName":{"one":"libra de Santa Elena","other":"libras de Santa Elena"},"symbolNarrow":"£"},"SIT":{"name":"tólar esloveno","pluralName":{"one":"tólar esloveno","other":"tólares eslovenos"}},"SKK":{"name":"corona eslovaca","pluralName":{"one":"corona eslovaca","other":"coronas eslovacas"}},"SLL":{"name":"leona","pluralName":{"one":"leona","other":"leonas"}},"SOS":{"name":"chelín somalí","pluralName":{"one":"chelín somalí","other":"chelines somalíes"}},"SRD":{"name":"dólar surinamés","pluralName":{"one":"dólar surinamés","other":"dólares surinameses"},"symbolNarrow":"$"},"SRG":{"name":"florín surinamés"},"SSP":{"name":"libra sursudanesa","pluralName":{"one":"libra sursudanesa","other":"libras sursudanesas"},"symbolNarrow":"£"},"STD":{"name":"dobra","pluralName":{"one":"dobra","other":"dobras"},"symbolNarrow":"Db"},"SUR":{"name":"rublo soviético","pluralName":{"one":"rublo soviético","other":"rublos soviéticos"}},"SVC":{"name":"colón salvadoreño","pluralName":{"one":"colón salvadoreño","other":"colones salvadoreños"}},"SYP":{"name":"libra siria","pluralName":{"one":"libra siria","other":"libras sirias"},"symbolNarrow":"£"},"SZL":{"name":"lilangeni","pluralName":{"one":"lilangeni","other":"lilangenis"}},"THB":{"symbol":"฿","name":"bat","pluralName":{"one":"bat","other":"bats"},"symbolNarrow":"฿"},"TJR":{"name":"rublo tayiko"},"TJS":{"name":"somoni tayiko","pluralName":{"one":"somoni tayiko","other":"somonis tayikos"}},"TMM":{"name":"manat turcomano (1993–2009)","pluralName":{"one":"manat turcomano (1993–2009)","other":"manats turcomanos (1993–2009)"}},"TMT":{"name":"manat turcomano","pluralName":{"one":"manat turcomano","other":"manats turcomanos"}},"TND":{"name":"dinar tunecino","pluralName":{"one":"dinar tunecino","other":"dinares tunecinos"}},"TOP":{"name":"paanga","pluralName":{"one":"paanga","other":"paangas"},"symbolNarrow":"T$"},"TPE":{"name":"escudo timorense"},"TRL":{"name":"lira turca (1922–2005)","pluralName":{"one":"lira turca (1922–2005)","other":"liras turcas (1922–2005)"}},"TRY":{"name":"lira turca","pluralName":{"one":"lira turca","other":"liras turcas"},"symbolNarrow":"₺","symbolAlt":"TL"},"TTD":{"name":"dólar de Trinidad y Tobago","pluralName":{"one":"dólar de Trinidad y Tobago","other":"dólares de Trinidad y Tobago"},"symbolNarrow":"$"},"TWD":{"name":"nuevo dólar taiwanés","pluralName":{"one":"nuevo dólar taiwanés","other":"nuevos dólares taiwaneses"},"symbolNarrow":"NT$"},"TZS":{"name":"chelín tanzano","pluralName":{"one":"chelín tanzano","other":"chelines tanzanos"}},"UAH":{"name":"grivna","pluralName":{"one":"grivna","other":"grivnas"},"symbolNarrow":"₴"},"UAK":{"name":"karbovanet ucraniano","pluralName":{"one":"karbovanet ucraniano","other":"karbovanets ucranianos"}},"UGS":{"name":"chelín ugandés (1966–1987)"},"UGX":{"name":"chelín ugandés","pluralName":{"one":"chelín ugandés","other":"chelines ugandeses"}},"USD":{"symbol":"$","name":"dólar estadounidense","pluralName":{"one":"dólar estadounidense","other":"dólares estadounidenses"},"symbolNarrow":"$"},"USN":{"name":"dólar estadounidense (día siguiente)","pluralName":{"one":"dólar estadounidense (día siguiente)","other":"dólares estadounidenses (día siguiente)"}},"USS":{"name":"dólar estadounidense (mismo día)","pluralName":{"one":"dólar estadounidense (mismo día)","other":"dólares estadounidenses (mismo día)"}},"UYI":{"name":"peso uruguayo en unidades indexadas","pluralName":{"one":"peso uruguayo en unidades indexadas","other":"pesos uruguayos en unidades indexadas"}},"UYP":{"name":"peso uruguayo (1975–1993)","pluralName":{"one":"peso uruguayo (UYP)","other":"pesos uruguayos (UYP)"}},"UYU":{"name":"peso uruguayo","pluralName":{"one":"peso uruguayo","other":"pesos uruguayos"},"symbolNarrow":"$"},"UZS":{"name":"sum","pluralName":{"one":"sum","other":"sums"}},"VEB":{"name":"bolívar venezolano (1871–2008)","pluralName":{"one":"bolívar venezolano (1871–2008)","other":"bolívares venezolanos (1871–2008)"}},"VEF":{"name":"bolívar venezolano","pluralName":{"one":"bolívar venezolano","other":"bolívares venezolanos"},"symbolNarrow":"Bs"},"VND":{"symbol":"₫","name":"dong","pluralName":{"one":"dong","other":"dongs"},"symbolNarrow":"₫"},"VNN":{"name":"VNN"},"VUV":{"name":"vatu","pluralName":{"one":"vatu","other":"vatus"}},"WST":{"name":"tala","pluralName":{"one":"tala","other":"talas"}},"XAF":{"name":"franco CFA BEAC","pluralName":{"one":"franco CFA BEAC","other":"francos CFA BEAC"}},"XAG":{"name":"plata","pluralName":{"one":"plata","other":"plata"}},"XAU":{"name":"oro","pluralName":{"one":"oro","other":"oro"}},"XBA":{"name":"unidad compuesta europea","pluralName":{"one":"unidad compuesta europea","other":"unidades compuestas europeas"}},"XBB":{"name":"unidad monetaria europea","pluralName":{"one":"unidad monetaria europea","other":"unidades monetarias europeas"}},"XBC":{"name":"unidad de cuenta europea (XBC)","pluralName":{"one":"unidad de cuenta europea (XBC)","other":"unidades de cuenta europeas (XBC)"}},"XBD":{"name":"unidad de cuenta europea (XBD)","pluralName":{"one":"unidad de cuenta europea (XBD)","other":"unidades de cuenta europeas (XBD)"}},"XCD":{"name":"dólar del Caribe Oriental","pluralName":{"one":"dólar del Caribe Oriental","other":"dólares del Caribe Oriental"},"symbolNarrow":"$"},"XDR":{"name":"derechos especiales de giro"},"XEU":{"name":"unidad de moneda europea","pluralName":{"one":"unidad de moneda europea","other":"unidades de moneda europeas"}},"XFO":{"name":"franco oro francés","pluralName":{"one":"franco oro francés","other":"francos oro franceses"}},"XFU":{"name":"franco UIC francés","pluralName":{"one":"franco UIC francés","other":"francos UIC franceses"}},"XOF":{"name":"franco CFA BCEAO","pluralName":{"one":"franco CFA BCEAO","other":"francos CFA BCEAO"}},"XPD":{"name":"paladio","pluralName":{"one":"paladio","other":"paladio"}},"XPF":{"symbol":"CFPF","name":"franco CFP","pluralName":{"one":"franco CFP","other":"francos CFP"}},"XPT":{"name":"platino","pluralName":{"one":"platino","other":"platino"}},"XRE":{"name":"fondos RINET"},"XSU":{"name":"XSU"},"XTS":{"name":"código reservado para pruebas"},"XUA":{"name":"XUA"},"XXX":{"name":"moneda desconocida","pluralName":{"one":"(unidad de moneda desconocida)","other":"(moneda desconocida)"}},"YDD":{"name":"dinar yemení"},"YER":{"name":"rial yemení","pluralName":{"one":"rial yemení","other":"riales yemeníes"}},"YUD":{"name":"dinar fuerte yugoslavo"},"YUM":{"name":"super dinar yugoslavo"},"YUN":{"name":"dinar convertible yugoslavo","pluralName":{"one":"dinar convertible yugoslavo","other":"dinares convertibles yugoslavos"}},"YUR":{"name":"YUR"},"ZAL":{"name":"rand sudafricano (financiero)"},"ZAR":{"name":"rand","pluralName":{"one":"rand","other":"rands"},"symbolNarrow":"R"},"ZMK":{"name":"kwacha zambiano (1968–2012)","pluralName":{"one":"kwacha zambiano (1968–2012)","other":"kwachas zambianos (1968–2012)"}},"ZMW":{"name":"kuacha zambiano","pluralName":{"one":"kuacha zambiano","other":"kuachas zambianos"},"symbolNarrow":"ZK"},"ZRN":{"name":"nuevo zaire zaireño"},"ZRZ":{"name":"zaire zaireño"},"ZWD":{"name":"dólar de Zimbabue"},"ZWL":{"name":"dólar zimbabuense"},"ZWR":{"name":"ZWR"},"ALK":{"name":"Albanian Lek (1946–1965)","pluralName":{"one":"Albanian lek (1946–1965)","other":"Albanian lekë (1946–1965)"}},"CNX":{"name":"Chinese People’s Bank Dollar","pluralName":{"one":"Chinese People’s Bank dollar","other":"Chinese People’s Bank dollars"}},"ILR":{"name":"Israeli Sheqel (1980–1985)","pluralName":{"one":"Israeli sheqel (1980–1985)","other":"Israeli sheqels (1980–1985)"}},"ISJ":{"name":"Icelandic Króna (1918–1981)","pluralName":{"one":"Icelandic króna (1918–1981)","other":"Icelandic krónur (1918–1981)"}},"MVP":{"name":"Maldivian Rupee (1947–1981)","pluralName":{"one":"Maldivian rupee (1947–1981)","other":"Maldivian rupees (1947–1981)"}}}