{"era":{"displayName":"Era"},"year":{"displayName":"Año","relative-type--1":"el año pasado","relative-type-0":"este año","relative-type-1":"el próximo año","relativeTime-type-future":{"relativeTimePattern-count-one":"dentro de {0} año","relativeTimePattern-count-other":"dentro de {0} años"},"relativeTime-type-past":{"relativeTimePattern-count-one":"hace {0} año","relativeTimePattern-count-other":"hace {0} años"}},"year-short":{"displayName":"a","relative-type--1":"el año pasado","relative-type-0":"este año","relative-type-1":"el próximo año","relativeTime-type-future":{"relativeTimePattern-count-one":"dentro de {0} a","relativeTimePattern-count-other":"dentro de {0} a"},"relativeTime-type-past":{"relativeTimePattern-count-one":"hace {0} a","relativeTimePattern-count-other":"hace {0} a"}},"year-narrow":{"displayName":"a","relative-type--1":"el año pasado","relative-type-0":"este año","relative-type-1":"el próximo año","relativeTime-type-future":{"relativeTimePattern-count-one":"dentro de {0} a","relativeTimePattern-count-other":"dentro de {0} a"},"relativeTime-type-past":{"relativeTimePattern-count-one":"hace {0} a","relativeTimePattern-count-other":"hace {0} a"}},"quarter":{"displayName":"Trimestre","relative-type--1":"last quarter","relative-type-0":"this quarter","relative-type-1":"next quarter","relativeTime-type-future":{"relativeTimePattern-count-one":"dentro de {0} trimestre","relativeTimePattern-count-other":"dentro de {0} trimestres"},"relativeTime-type-past":{"relativeTimePattern-count-one":"hace {0} trimestre","relativeTimePattern-count-other":"hace {0} trimestres"}},"quarter-short":{"displayName":"trim.","relative-type--1":"last quarter","relative-type-0":"this quarter","relative-type-1":"next quarter","relativeTime-type-future":{"relativeTimePattern-count-one":"dentro de {0} trim.","relativeTimePattern-count-other":"dentro de {0} trim."},"relativeTime-type-past":{"relativeTimePattern-count-one":"hace {0} trim.","relativeTimePattern-count-other":"hace {0} trim."}},"quarter-narrow":{"displayName":"trim.","relative-type--1":"last quarter","relative-type-0":"this quarter","relative-type-1":"next quarter","relativeTime-type-future":{"relativeTimePattern-count-one":"dentro de {0} trim.","relativeTimePattern-count-other":"dentro de {0} trim."},"relativeTime-type-past":{"relativeTimePattern-count-one":"hace {0} trim.","relativeTimePattern-count-other":"hace {0} trim."}},"month":{"displayName":"Mes","relative-type--1":"el mes pasado","relative-type-0":"este mes","relative-type-1":"el próximo mes","relativeTime-type-future":{"relativeTimePattern-count-one":"dentro de {0} mes","relativeTimePattern-count-other":"dentro de {0} meses"},"relativeTime-type-past":{"relativeTimePattern-count-one":"hace {0} mes","relativeTimePattern-count-other":"hace {0} meses"}},"month-short":{"displayName":"m","relative-type--1":"el mes pasado","relative-type-0":"este mes","relative-type-1":"el próximo mes","relativeTime-type-future":{"relativeTimePattern-count-one":"dentro de {0} m","relativeTimePattern-count-other":"dentro de {0} m"},"relativeTime-type-past":{"relativeTimePattern-count-one":"hace {0} m","relativeTimePattern-count-other":"hace {0} m"}},"month-narrow":{"displayName":"m","relative-type--1":"el mes pasado","relative-type-0":"este mes","relative-type-1":"el próximo mes","relativeTime-type-future":{"relativeTimePattern-count-one":"dentro de {0} m","relativeTimePattern-count-other":"dentro de {0} m"},"relativeTime-type-past":{"relativeTimePattern-count-one":"hace {0} m","relativeTimePattern-count-other":"hace {0} m"}},"week":{"displayName":"Semana","relative-type--1":"la semana pasada","relative-type-0":"esta semana","relative-type-1":"la próxima semana","relativeTime-type-future":{"relativeTimePattern-count-one":"dentro de {0} semana","relativeTimePattern-count-other":"dentro de {0} semanas"},"relativeTime-type-past":{"relativeTimePattern-count-one":"hace {0} semana","relativeTimePattern-count-other":"hace {0} semanas"}},"week-short":{"displayName":"sem.","relative-type--1":"la semana pasada","relative-type-0":"esta semana","relative-type-1":"la próxima semana","relativeTime-type-future":{"relativeTimePattern-count-one":"dentro de {0} sem.","relativeTimePattern-count-other":"dentro de {0} sem."},"relativeTime-type-past":{"relativeTimePattern-count-one":"hace {0} sem.","relativeTimePattern-count-other":"hace {0} sem."}},"week-narrow":{"displayName":"sem.","relative-type--1":"la semana pasada","relative-type-0":"esta semana","relative-type-1":"la próxima semana","relativeTime-type-future":{"relativeTimePattern-count-one":"dentro de {0} sem.","relativeTimePattern-count-other":"dentro de {0} sem."},"relativeTime-type-past":{"relativeTimePattern-count-one":"hace {0} sem.","relativeTimePattern-count-other":"hace {0} sem."}},"day":{"displayName":"Día","relative-type--1":"ayer","relative-type--2":"anteayer","relative-type-0":"hoy","relative-type-1":"mañana","relative-type-2":"pasado mañana","relativeTime-type-future":{"relativeTimePattern-count-one":"dentro de {0} día","relativeTimePattern-count-other":"dentro de {0} días"},"relativeTime-type-past":{"relativeTimePattern-count-one":"hace {0} día","relativeTimePattern-count-other":"hace {0} días"}},"day-short":{"displayName":"d","relative-type--1":"ayer","relative-type--2":"anteayer","relative-type-0":"hoy","relative-type-1":"mañana","relative-type-2":"pasado mañana","relativeTime-type-future":{"relativeTimePattern-count-one":"dentro de {0} día","relativeTimePattern-count-other":"dentro de {0} días"},"relativeTime-type-past":{"relativeTimePattern-count-one":"hace {0} día","relativeTimePattern-count-other":"hace {0} días"}},"day-narrow":{"displayName":"d","relative-type--1":"ayer","relative-type--2":"anteayer","relative-type-0":"hoy","relative-type-1":"mañana","relative-type-2":"pasado mañana","relativeTime-type-future":{"relativeTimePattern-count-one":"dentro de {0} día","relativeTimePattern-count-other":"dentro de {0} días"},"relativeTime-type-past":{"relativeTimePattern-count-one":"hace {0} día","relativeTimePattern-count-other":"hace {0} días"}},"weekday":{"displayName":"Día de la semana"},"sun":{"relative-type--1":"el domingo pasado","relative-type-0":"este domingo","relative-type-1":"el próximo domingo"},"sun-short":{"relative-type--1":"el dom. pasado","relative-type-0":"este dom.","relative-type-1":"el próximo dom."},"sun-narrow":{"relative-type--1":"el DO pasado","relative-type-0":"este DO","relative-type-1":"el próximo DO"},"mon":{"relative-type--1":"el lunes pasado","relative-type-0":"este lunes","relative-type-1":"el próximo lunes"},"mon-short":{"relative-type--1":"el lun. pasado","relative-type-0":"este lun.","relative-type-1":"el próximo lun."},"mon-narrow":{"relative-type--1":"el LU pasado","relative-type-0":"este LU","relative-type-1":"el próximo LU"},"tue":{"relative-type--1":"el martes pasado","relative-type-0":"este martes","relative-type-1":"el próximo martes"},"tue-short":{"relative-type--1":"el mar. pasado","relative-type-0":"este mar.","relative-type-1":"el próximo mar."},"tue-narrow":{"relative-type--1":"el MA pasado","relative-type-0":"este MA","relative-type-1":"el próximo MA"},"wed":{"relative-type--1":"el miércoles pasado","relative-type-0":"este miércoles","relative-type-1":"el próximo miércoles"},"wed-short":{"relative-type--1":"el mié. pasado","relative-type-0":"este mié.","relative-type-1":"el próximo mié."},"wed-narrow":{"relative-type--1":"el MI pasado","relative-type-0":"este MI","relative-type-1":"el próximo MI"},"thu":{"relative-type--1":"el jueves pasado","relative-type-0":"este jueves","relative-type-1":"el próximo jueves"},"thu-short":{"relative-type--1":"el jue. pasado","relative-type-0":"este jue.","relative-type-1":"el próximo jue."},"thu-narrow":{"relative-type--1":"el JU pasado","relative-type-0":"este JU","relative-type-1":"el próximo JU"},"fri":{"relative-type--1":"el viernes pasado","relative-type-0":"este viernes","relative-type-1":"el próximo viernes"},"fri-short":{"relative-type--1":"el vie. pasado","relative-type-0":"este vie.","relative-type-1":"el próximo vie."},"fri-narrow":{"relative-type--1":"el VI pasado","relative-type-0":"este VI","relative-type-1":"el próximo VI"},"sat":{"relative-type--1":"el sábado pasado","relative-type-0":"este sábado","relative-type-1":"el próximo sábado"},"sat-short":{"relative-type--1":"el sáb. pasado","relative-type-0":"este sáb.","relative-type-1":"el próximo sáb."},"sat-narrow":{"relative-type--1":"el SA pasado","relative-type-0":"este SA","relative-type-1":"el próximo SA"},"dayperiod":{"displayName":"a. m./p. m."},"hour":{"displayName":"Hora","relativeTime-type-future":{"relativeTimePattern-count-one":"dentro de {0} hora","relativeTimePattern-count-other":"dentro de {0} horas"},"relativeTime-type-past":{"relativeTimePattern-count-one":"hace {0} hora","relativeTimePattern-count-other":"hace {0} horas"}},"hour-short":{"displayName":"h","relativeTime-type-future":{"relativeTimePattern-count-one":"dentro de {0} h","relativeTimePattern-count-other":"dentro de {0} h"},"relativeTime-type-past":{"relativeTimePattern-count-one":"hace {0} h","relativeTimePattern-count-other":"hace {0} h"}},"hour-narrow":{"displayName":"h","relativeTime-type-future":{"relativeTimePattern-count-one":"dentro de {0} h","relativeTimePattern-count-other":"dentro de {0} h"},"relativeTime-type-past":{"relativeTimePattern-count-one":"hace {0} h","relativeTimePattern-count-other":"hace {0} h"}},"minute":{"displayName":"Minuto","relativeTime-type-future":{"relativeTimePattern-count-one":"dentro de {0} minuto","relativeTimePattern-count-other":"dentro de {0} minutos"},"relativeTime-type-past":{"relativeTimePattern-count-one":"hace {0} minuto","relativeTimePattern-count-other":"hace {0} minutos"}},"minute-short":{"displayName":"min","relativeTime-type-future":{"relativeTimePattern-count-one":"dentro de {0} min","relativeTimePattern-count-other":"dentro de {0} min"},"relativeTime-type-past":{"relativeTimePattern-count-one":"hace {0} min","relativeTimePattern-count-other":"hace {0} min"}},"minute-narrow":{"displayName":"min","relativeTime-type-future":{"relativeTimePattern-count-one":"dentro de {0} min","relativeTimePattern-count-other":"dentro de {0} min"},"relativeTime-type-past":{"relativeTimePattern-count-one":"hace {0} min","relativeTimePattern-count-other":"hace {0} min"}},"second":{"displayName":"Segundo","relative-type-0":"ahora","relativeTime-type-future":{"relativeTimePattern-count-one":"dentro de {0} segundo","relativeTimePattern-count-other":"dentro de {0} segundos"},"relativeTime-type-past":{"relativeTimePattern-count-one":"hace {0} segundo","relativeTimePattern-count-other":"hace {0} segundos"}},"second-short":{"displayName":"s","relative-type-0":"ahora","relativeTime-type-future":{"relativeTimePattern-count-one":"dentro de {0} s","relativeTimePattern-count-other":"dentro de {0} s"},"relativeTime-type-past":{"relativeTimePattern-count-one":"hace {0} s","relativeTimePattern-count-other":"hace {0} s"}},"second-narrow":{"displayName":"s","relative-type-0":"ahora","relativeTime-type-future":{"relativeTimePattern-count-one":"dentro de {0} s","relativeTimePattern-count-other":"dentro de {0} s"},"relativeTime-type-past":{"relativeTimePattern-count-one":"hace {0} s","relativeTimePattern-count-other":"hace {0} s"}},"zone":{"displayName":"Zona horaria"}}