{"aa":"afar","ab":"abjasio","ace":"acehnés","ach":"acoli","ada":"adangme","ady":"adigeo","ae":"avéstico","aeb":"aeb","af":"afrikáans","afh":"afrihili","agq":"aghem","ain":"ainu","ak":"akan","akk":"acadio","akz":"akz","ale":"aleutiano","aln":"aln","alt":"altái meridional","am":"amárico","an":"aragonés","ang":"inglés antiguo","anp":"angika","ar":"árabe","ar-001":"árabe estándar moderno","arc":"arameo","arn":"mapuche","aro":"aro","arp":"arapaho","arq":"arq","arw":"arahuaco","ary":"ary","arz":"arz","as":"asamés","asa":"asu","ase":"ase","ast":"asturiano","av":"avar","avk":"avk","awa":"avadhi","ay":"aimara","az":"azerbaiyano","az-alt-short":"azerí","azb":"azb","ba":"baskir","bal":"baluchi","ban":"balinés","bar":"bar","bas":"basa","bax":"bamun","bbc":"bbc","bbj":"ghomala","be":"bielorruso","bej":"beja","bem":"bemba","bew":"bew","bez":"bena","bfd":"bafut","bfq":"bfq","bg":"búlgaro","bho":"bhojpuri","bi":"bislama","bik":"bicol","bin":"bini","bjn":"bjn","bkm":"kom","bla":"siksika","bm":"bambara","bn":"bengalí","bo":"tibetano","bpy":"bpy","bqi":"bqi","br":"bretón","bra":"braj","brh":"brh","brx":"bodo","bs":"bosnio","bss":"akoose","bua":"buriat","bug":"buginés","bum":"bulu","byn":"blin","byv":"medumba","ca":"catalán","cad":"caddo","car":"caribe","cay":"cayuga","cch":"atsam","ce":"checheno","ceb":"cebuano","cgg":"chiga","ch":"chamorro","chb":"chibcha","chg":"chagatái","chk":"trukés","chm":"marí","chn":"jerga chinuk","cho":"choctaw","chp":"chipewyan","chr":"cheroqui","chy":"cheyene","ckb":"kurdo sorani","co":"corso","cop":"copto","cps":"cps","cr":"cree","crh":"tártaro de Crimea","cs":"checo","csb":"casubio","cu":"eslavo eclesiástico","cv":"chuvash","cy":"galés","da":"danés","dak":"dakota","dar":"dargva","dav":"taita","de":"alemán","de-AT":"alemán austríaco","de-CH":"alto alemán suizo","del":"delaware","den":"slave","dgr":"dogrib","din":"dinka","dje":"zarma","doi":"dogri","dsb":"bajo sorbio","dtp":"dtp","dua":"duala","dum":"neerlandés medieval","dv":"divehi","dyo":"jola-fonyi","dyu":"diula","dz":"dzongkha","dzg":"dazaga","ebu":"embu","ee":"ewé","efi":"efik","egl":"egl","egy":"egipcio antiguo","eka":"ekajuk","el":"griego","elx":"elamita","en":"inglés","en-AU":"inglés australiano","en-CA":"inglés canadiense","en-GB":"inglés británico","en-GB-alt-short":"inglés (RU)","en-US":"inglés estadounidense","en-US-alt-short":"inglés (EE. UU.)","enm":"inglés medieval","eo":"esperanto","es":"español","es-419":"español latinoamericano","es-ES":"español de España","es-MX":"español de México","esu":"esu","et":"estonio","eu":"euskera","ewo":"ewondo","ext":"ext","fa":"persa","fan":"fang","fat":"fanti","ff":"fula","fi":"finés","fil":"filipino","fit":"fit","fj":"fiyiano","fo":"feroés","fon":"fon","fr":"francés","fr-CA":"francés canadiense","fr-CH":"francés suizo","frc":"frc","frm":"francés medieval","fro":"francés antiguo","frp":"frp","frr":"frisón septentrional","frs":"frisón oriental","fur":"friulano","fy":"frisón occidental","ga":"irlandés","gaa":"ga","gag":"gagauzo","gan":"gan","gay":"gayo","gba":"gbaya","gbz":"gbz","gd":"gaélico escocés","gez":"geez","gil":"gilbertés","gl":"gallego","glk":"glk","gmh":"alemán de la alta edad media","gn":"guaraní","goh":"alemán de la alta edad antigua","gom":"gom","gon":"gondi","gor":"gorontalo","got":"gótico","grb":"grebo","grc":"griego antiguo","gsw":"alemán suizo","gu":"gujarati","guc":"guc","gur":"gur","guz":"gusii","gv":"manés","gwi":"kutchin","ha":"hausa","hai":"haida","hak":"hak","haw":"hawaiano","he":"hebreo","hi":"hindi","hif":"hif","hil":"hiligaynon","hit":"hitita","hmn":"hmong","ho":"hiri motu","hr":"croata","hsb":"alto sorbio","hsn":"hsn","ht":"haitiano","hu":"húngaro","hup":"hupa","hy":"armenio","hz":"herero","ia":"interlingua","iba":"iban","ibb":"ibibio","id":"indonesio","ie":"interlingue","ig":"igbo","ii":"yi de Sichuán","ik":"inupiaq","ilo":"ilocano","inh":"ingush","io":"ido","is":"islandés","it":"italiano","iu":"inuktitut","izh":"izh","ja":"japonés","jam":"jam","jbo":"lojban","jgo":"ngomba","jmc":"machame","jpr":"judeo-persa","jrb":"judeo-árabe","jut":"jut","jv":"javanés","ka":"georgiano","kaa":"karakalpako","kab":"cabila","kac":"kachin","kaj":"jju","kam":"kamba","kaw":"kawi","kbd":"kabardiano","kbl":"kanembu","kcg":"tyap","kde":"makonde","kea":"criollo caboverdiano","ken":"ken","kfo":"koro","kg":"kongo","kgp":"kgp","kha":"khasi","kho":"kotanés","khq":"koyra chiini","khw":"khw","ki":"kikuyu","kiu":"kiu","kj":"kuanyama","kk":"kazajo","kkj":"kako","kl":"groenlandés","kln":"kalenjin","km":"jemer","kmb":"kimbundu","kn":"canarés","ko":"coreano","koi":"komi permio","kok":"konkaní","kos":"kosraeano","kpe":"kpelle","kr":"kanuri","krc":"karachay-balkar","kri":"kri","krj":"krj","krl":"carelio","kru":"kurukh","ks":"cachemiro","ksb":"shambala","ksf":"bafia","ksh":"kölsch","ku":"kurdo","kum":"kumyk","kut":"kutenai","kv":"komi","kw":"córnico","ky":"kirguís","la":"latín","lad":"ladino","lag":"langi","lah":"lahnda","lam":"lamba","lb":"luxemburgués","lez":"lezgiano","lfn":"lfn","lg":"ganda","li":"limburgués","lij":"lij","liv":"liv","lkt":"lakota","lmo":"lmo","ln":"lingala","lo":"laosiano","lol":"mongo","loz":"lozi","lt":"lituano","ltg":"ltg","lu":"luba-katanga","lua":"luba-lulua","lui":"luiseño","lun":"lunda","luo":"luo","lus":"lushai","luy":"luyia","lv":"letón","lzh":"lzh","lzz":"lzz","mad":"madurés","maf":"mafa","mag":"magahi","mai":"maithili","mak":"macasar","man":"mandingo","mas":"masái","mde":"maba","mdf":"moksha","mdr":"mandar","men":"mende","mer":"meru","mfe":"criollo mauriciano","mg":"malgache","mga":"irlandés medieval","mgh":"makhuwa-meetto","mgo":"meta’","mh":"marshalés","mi":"maorí","mic":"micmac","min":"minangkabau","mk":"macedonio","ml":"malayalam","mn":"mongol","mnc":"manchú","mni":"manipuri","moh":"mohawk","mos":"mossi","mr":"maratí","mrj":"mrj","ms":"malayo","mt":"maltés","mua":"mundang","mul":"lenguas múltiples","mus":"creek","mwl":"mirandés","mwr":"marwari","mwv":"mwv","my":"birmano","mye":"myene","myv":"erzya","mzn":"mzn","na":"nauruano","nan":"nan","nap":"napolitano","naq":"nama","nb":"bokmal noruego","nd":"ndebele septentrional","nds":"bajo alemán","ne":"nepalí","new":"newari","ng":"ndonga","nia":"nias","niu":"niueano","njo":"njo","nl":"neerlandés","nl-BE":"flamenco","nmg":"kwasio","nn":"nynorsk noruego","nnh":"ngiemboon","no":"noruego","nog":"nogai","non":"nórdico antiguo","nov":"nov","nqo":"n’ko","nr":"ndebele meridional","nso":"sotho septentrional","nus":"nuer","nv":"navajo","nwc":"newari clásico","ny":"nyanja","nym":"nyamwezi","nyn":"nyankole","nyo":"nyoro","nzi":"nzima","oc":"occitano","oj":"ojibwa","om":"oromo","or":"oriya","os":"osético","osa":"osage","ota":"turco otomano","pa":"panyabí","pag":"pangasinán","pal":"pahlavi","pam":"pampanga","pap":"papiamento","pau":"palauano","pcd":"pcd","pdc":"pdc","pdt":"pdt","peo":"persa antiguo","pfl":"pfl","phn":"fenicio","pi":"pali","pl":"polaco","pms":"pms","pnt":"pnt","pon":"pohnpeiano","prg":"prg","pro":"provenzal antiguo","ps":"pastún","ps-alt-variant":"pastú","pt":"portugués","pt-BR":"portugués de Brasil","pt-PT":"portugués de Portugal","qu":"quechua","quc":"quiché","qug":"qug","raj":"rajasthani","rap":"rapanui","rar":"rarotongano","rgn":"rgn","rif":"rif","rm":"retorrománico","rn":"kiroundi","ro":"rumano","ro-MD":"moldavo","rof":"rombo","rom":"romaní","root":"raíz","rtm":"rtm","ru":"ruso","rue":"rue","rug":"rug","rup":"arrumano","rw":"kinyarwanda","rwk":"rwa","sa":"sánscrito","sad":"sandawe","sah":"sakha","sam":"arameo samaritano","saq":"samburu","sas":"sasak","sat":"santali","saz":"saz","sba":"ngambay","sbp":"sangu","sc":"sardo","scn":"siciliano","sco":"escocés","sd":"sindhi","sdc":"sdc","se":"sami septentrional","see":"seneca","seh":"sena","sei":"sei","sel":"selkup","ses":"koyraboro senni","sg":"sango","sga":"irlandés antiguo","sgs":"sgs","sh":"serbocroata","shi":"tashelhit","shn":"shan","shu":"árabe chadiano","si":"cingalés","sid":"sidamo","sk":"eslovaco","sl":"esloveno","sli":"sli","sly":"sly","sm":"samoano","sma":"sami meridional","smj":"sami lule","smn":"sami inari","sms":"sami skolt","sn":"shona","snk":"soninké","so":"somalí","sog":"sogdiano","sq":"albanés","sr":"serbio","srn":"sranan tongo","srr":"serer","ss":"siswati","ssy":"saho","st":"sesotho meridional","stq":"stq","su":"sundanés","suk":"sukuma","sus":"susu","sux":"sumerio","sv":"sueco","sw":"swahili","swb":"comorense","swc":"swahili del Congo","syc":"siríaco clásico","syr":"siriaco","szl":"szl","ta":"tamil","tcy":"tcy","te":"telugu","tem":"temne","teo":"teso","ter":"tereno","tet":"tetún","tg":"tayiko","th":"tailandés","ti":"tigriña","tig":"tigré","tiv":"tiv","tk":"turcomano","tkl":"tokelauano","tkr":"tkr","tl":"tagalo","tlh":"klingon","tli":"tlingit","tly":"tly","tmh":"tamashek","tn":"setchwana","to":"tongano","tog":"tonga del Nyasa","tpi":"tok pisin","tr":"turco","tru":"tru","trv":"taroko","ts":"tsonga","tsd":"tsd","tsi":"tsimshiano","tt":"tártaro","ttt":"ttt","tum":"tumbuka","tvl":"tuvaluano","tw":"twi","twq":"tasawaq","ty":"tahitiano","tyv":"tuviniano","tzm":"tamazight del Marruecos Central","udm":"udmurt","ug":"uigur","ug-alt-variant":"uygur","uga":"ugarítico","uk":"ucraniano","umb":"umbundu","und":"lengua desconocida","ur":"urdu","uz":"uzbeko","vai":"vai","ve":"venda","vec":"vec","vep":"vep","vi":"vietnamita","vls":"vls","vmf":"vmf","vo":"volapük","vot":"vótico","vro":"vro","vun":"vunjo","wa":"valón","wae":"walser","wal":"walamo","war":"waray","was":"washo","wo":"wólof","wuu":"wuu","xal":"kalmyk","xh":"xhosa","xmf":"xmf","xog":"soga","yao":"yao","yap":"yapés","yav":"yangben","ybb":"yemba","yi":"yídish","yo":"yoruba","yrl":"yrl","yue":"cantonés","za":"zhuang","zap":"zapoteco","zbl":"símbolos Bliss","zea":"zea","zen":"zenaga","zgh":"tamazight estándar marroquí","zh":"chino","zh-Hans":"chino simplificado","zh-Hant":"chino tradicional","zu":"zulú","zun":"zuni","zxx":"sin contenido lingüístico","zza":"zazaki"}