{"long":{"_compoundPattern":"%1$s por %2$s","acceleration":{"g-force":{"_name":"fuerza G","one":"%1$s unidad de fuerza gravitacional","other":"%1$s unidades de fuerza gravitacional"},"meter-per-second-squared":{"_name":"metros por segundo al cuadrado","one":"%1$s metro por segundo al cuadrado","other":"%1$s metros por segundo al cuadrado"}},"angle":{"arc-minute":{"_name":"minutos de arco","one":"%1$s minuto de arco","other":"%1$s minutos de arco"},"arc-second":{"_name":"segundos de arco","one":"%1$s segundo de arco","other":"%1$s segundos de arco"},"degree":{"_name":"grados","one":"%1$s grado","other":"%1$s grados"},"radian":{"_name":"radianes","one":"%1$s radián","other":"%1$s radianes"}},"area":{"acre":{"_name":"acres","one":"%1$s acre","other":"%1$s acres"},"hectare":{"_name":"hectáreas","one":"%1$s hectárea","other":"%1$s hectáreas"},"square-centimeter":{"_name":"centímetros cuadrados","one":"%1$s centímetro cuadrado","other":"%1$s centímetros cuadrados"},"square-foot":{"_name":"pies cuadrados","one":"%1$s pie cuadrado","other":"%1$s pies cuadrados"},"square-inch":{"_name":"pulgadas cuadradas","one":"%1$s pulgada cuadrada","other":"%1$s pulgadas cuadradas"},"square-kilometer":{"_name":"kilómetros cuadrados","one":"%1$s kilómetro cuadrado","other":"%1$s kilómetros cuadrados"},"square-meter":{"_name":"metros cuadrados","one":"%1$s metro cuadrado","other":"%1$s metros cuadrados"},"square-mile":{"_name":"millas cuadradas","one":"%1$s milla cuadrada","other":"%1$s millas cuadradas"},"square-yard":{"_name":"yardas cuadradas","one":"%1$s yarda cuadrada","other":"%1$s yardas cuadradas"}},"consumption":{"liter-per-kilometer":{"_name":"litros por kilómetro","one":"%1$s litro por kilómetro","other":"%1$s litros por kilómetro"},"mile-per-gallon":{"_name":"millas por galón","one":"%1$s milla por galón","other":"%1$s millas por galón"}},"digital":{"bit":{"_name":"bits","one":"%1$s bit","other":"%1$s bits"},"byte":{"_name":"bytes","one":"%1$s byte","other":"%1$s bytes"},"gigabit":{"_name":"gigabits","one":"%1$s gigabit","other":"%1$s gigabits"},"gigabyte":{"_name":"gigabytes","one":"%1$s gigabyte","other":"%1$s gigabytes"},"kilobit":{"_name":"kilobits","one":"%1$s kilobit","other":"%1$s kilobits"},"kilobyte":{"_name":"kilobytes","one":"%1$s kilobyte","other":"%1$s kilobytes"},"megabit":{"_name":"megabits","one":"%1$s megabit","other":"%1$s megabits"},"megabyte":{"_name":"megabytes","one":"%1$s megabyte","other":"%1$s megabytes"},"terabit":{"_name":"terabits","one":"%1$s terabit","other":"%1$s terabits"},"terabyte":{"_name":"terabytes","one":"%1$s terabyte","other":"%1$s terabytes"}},"duration":{"day":{"_name":"días","one":"%1$s día","other":"%1$s días"},"hour":{"_name":"horas","one":"%1$s hora","other":"%1$s horas","_per":"%1$s por hora"},"microsecond":{"_name":"microsegundos","one":"%1$s microsegundo","other":"%1$s microsegundos"},"millisecond":{"_name":"milisegundos","one":"%1$s milisegundo","other":"%1$s milisegundos"},"minute":{"_name":"minutos","one":"%1$s minuto","other":"%1$s minutos"},"month":{"_name":"meses","one":"%1$s mes","other":"%1$s meses"},"nanosecond":{"_name":"nanosegundos","one":"%1$s nanosegundo","other":"%1$s nanosegundos"},"second":{"_name":"segundos","one":"%1$s segundo","other":"%1$s segundos","_per":"%1$s por segundo"},"week":{"_name":"semanas","one":"%1$s semana","other":"%1$s semanas"},"year":{"_name":"años","one":"%1$s año","other":"%1$s años"}},"electric":{"ampere":{"_name":"amperios","one":"%1$s amperio","other":"%1$s amperios"},"milliampere":{"_name":"miliamperios","one":"%1$s miliamperio","other":"%1$s miliamperios"},"ohm":{"_name":"ohmios","one":"%1$s ohmio","other":"%1$s ohmios"},"volt":{"_name":"voltios","one":"%1$s voltio","other":"%1$s voltios"}},"energy":{"calorie":{"_name":"calorías","one":"%1$s caloría","other":"%1$s calorías"},"foodcalorie":{"_name":"calorías","one":"%1$s caloría","other":"%1$s calorías"},"joule":{"_name":"julios","one":"%1$s julio","other":"%1$s julios"},"kilocalorie":{"_name":"kilocalorías","one":"%1$s kilocaloría","other":"%1$s kilocalorías"},"kilojoule":{"_name":"kilojulios","one":"%1$s kilojulio","other":"%1$s kilojulios"},"kilowatt-hour":{"_name":"kilovatios hora","one":"%1$s kilovatio hora","other":"%1$s kilovatios hora"}},"frequency":{"gigahertz":{"_name":"gigahercios","one":"%1$s gigahercio","other":"%1$s gigahercios"},"hertz":{"_name":"hercios","one":"%1$s hercio","other":"%1$s hercios"},"kilohertz":{"_name":"kilohercios","one":"%1$s kilohercio","other":"%1$s kilohercios"},"megahertz":{"_name":"megahercios","one":"%1$s megahercio","other":"%1$s megahercios"}},"length":{"astronomical-unit":{"_name":"unidades astronómicas","one":"%1$s unidad astronómica","other":"%1$s unidades astronómicas"},"centimeter":{"_name":"centímetros","one":"%1$s centímetro","other":"%1$s centímetros"},"decimeter":{"_name":"decímetros","one":"%1$s decímetro","other":"%1$s decímetros"},"fathom":{"_name":"fm","other":"%1$s fm"},"foot":{"_name":"pies","one":"%1$s pie","other":"%1$s pies"},"furlong":{"_name":"fur","other":"%1$s fur"},"inch":{"_name":"pulgadas","one":"%1$s pulgada","other":"%1$s pulgadas"},"kilometer":{"_name":"kilómetros","one":"%1$s kilómetro","other":"%1$s kilómetros"},"light-year":{"_name":"años luz","one":"%1$s año luz","other":"%1$s años luz"},"meter":{"_name":"metros","one":"%1$s metro","other":"%1$s metros"},"micrometer":{"_name":"micrómetros","one":"%1$s micrómetro","other":"%1$s micrómetros"},"mile":{"_name":"millas","one":"%1$s milla","other":"%1$s millas"},"millimeter":{"_name":"milímetros","one":"%1$s milímetro","other":"%1$s milímetros"},"nanometer":{"_name":"nanómetros","one":"%1$s nanómetro","other":"%1$s nanómetros"},"nautical-mile":{"_name":"millas náuticas","one":"%1$s milla náutica","other":"%1$s millas náuticas"},"parsec":{"_name":"parsecs","one":"%1$s parsec","other":"%1$s parsecs"},"picometer":{"_name":"picómetros","one":"%1$s picómetro","other":"%1$s picómetros"},"yard":{"_name":"yardas","one":"%1$s yarda","other":"%1$s yardas"}},"light":{"lux":{"_name":"luxes","one":"%1$s lux","other":"%1$s luxes"}},"mass":{"carat":{"_name":"quilates","one":"%1$s quilate","other":"%1$s quilates"},"gram":{"_name":"gramos","one":"%1$s gramo","other":"%1$s gramos"},"kilogram":{"_name":"kilogramos","one":"%1$s kilogramo","other":"%1$s kilogramos"},"metric-ton":{"_name":"toneladas métricas","one":"%1$s tonelada métrica","other":"%1$s toneladas métricas"},"microgram":{"_name":"microgramos","one":"%1$s microgramo","other":"%1$s microgramos"},"milligram":{"_name":"miligramos","one":"%1$s miligramo","other":"%1$s miligramos"},"ounce":{"_name":"onzas","one":"%1$s onza","other":"%1$s onzas"},"ounce-troy":{"_name":"onzas troy","one":"%1$s onza troy","other":"%1$s onzas troy"},"pound":{"_name":"libras","one":"%1$s libra","other":"%1$s libras"},"stone":{"_name":"st","other":"%1$s st"},"ton":{"_name":"toneladas","one":"%1$s tonelada","other":"%1$s toneladas"}},"power":{"gigawatt":{"_name":"gigavatios","one":"%1$s gigavatio","other":"%1$s gigavatios"},"horsepower":{"_name":"caballos de vapor","one":"%1$s caballo de vapor","other":"%1$s caballos de vapor"},"kilowatt":{"_name":"kilovatios","one":"%1$s kilovatio","other":"%1$s kilovatios"},"megawatt":{"_name":"megavatios","one":"%1$s megavatio","other":"%1$s megavatios"},"milliwatt":{"_name":"milivatios","one":"%1$s milivatio","other":"%1$s milivatios"},"watt":{"_name":"vatios","one":"%1$s vatio","other":"%1$s vatios"}},"pressure":{"hectopascal":{"_name":"hectopascales","one":"%1$s hectopascal","other":"%1$s hectopascales"},"inch-hg":{"_name":"pulgadas de mercurio","one":"%1$s pulgada de mercurio","other":"%1$s pulgadas de mercurio"},"millibar":{"_name":"milibares","one":"%1$s milibar","other":"%1$s milibares"},"millimeter-of-mercury":{"_name":"milímetros de mercurio","one":"%1$s milímetro de mercurio","other":"%1$s milímetros de mercurio"},"pound-per-square-inch":{"_name":"libras por pulgada cuadrada","one":"%1$s libra por pulgada cuadrada","other":"%1$s libras por pulgada cuadrada"}},"proportion":{"karat":{"_name":"quilates","one":"%1$s quilate","other":"%1$s quilates"}},"speed":{"kilometer-per-hour":{"_name":"kilómetros por hora","one":"%1$s kilómetro por hora","other":"%1$s kilómetros por hora"},"meter-per-second":{"_name":"metros por segundo","one":"%1$s metro por segundo","other":"%1$s metros por segundo"},"mile-per-hour":{"_name":"millas por hora","one":"%1$s milla por hora","other":"%1$s millas por hora"}},"temperature":{"celsius":{"_name":"grados Celsius","one":"%1$s grado Celsius","other":"%1$s grados Celsius"},"fahrenheit":{"_name":"grados Fahrenheit","one":"%1$s grado Fahrenheit","other":"%1$s grados Fahrenheit"},"generic":{"_name":"°","other":"%1$s°"},"kelvin":{"_name":"kelvin","one":"%1$s kelvin","other":"%1$s kelvin"}},"volume":{"acre-foot":{"_name":"acres pies","one":"%1$s acre pie","other":"%1$s acres pies"},"bushel":{"_name":"bu","other":"%1$s bu"},"centiliter":{"_name":"centilitros","one":"%1$s centilitro","other":"%1$s centilitros"},"cubic-centimeter":{"_name":"centímetros cúbicos","one":"%1$s centímetro cúbico","other":"%1$s centímetros cúbicos"},"cubic-foot":{"_name":"pies cúbicos","one":"%1$s pie cúbico","other":"%1$s pies cúbicos"},"cubic-inch":{"_name":"pulgadas cúbicas","one":"%1$s pulgada cúbica","other":"%1$s pulgadas cúbicas"},"cubic-kilometer":{"_name":"kilómetros cúbicos","one":"%1$s kilómetro cúbico","other":"%1$s kilómetros cúbicos"},"cubic-meter":{"_name":"metros cúbicos","one":"%1$s metro cúbico","other":"%1$s metros cúbicos"},"cubic-mile":{"_name":"millas cúbicas","one":"%1$s milla cúbica","other":"%1$s millas cúbicas"},"cubic-yard":{"_name":"yardas cúbicas","one":"%1$s yarda cúbica","other":"%1$s yardas cúbicas"},"cup":{"_name":"tazas","one":"%1$s taza","other":"%1$s tazas"},"deciliter":{"_name":"decilitros","one":"%1$s decilitro","other":"%1$s decilitros"},"fluid-ounce":{"_name":"onzas fluidas","one":"%1$s onza fluida","other":"%1$s onzas fluidas"},"gallon":{"_name":"galones","one":"%1$s galón","other":"%1$s galones"},"hectoliter":{"_name":"hectolitros","one":"%1$s hectolitro","other":"%1$s hectolitros"},"liter":{"_name":"litros","one":"%1$s litro","other":"%1$s litros"},"megaliter":{"_name":"megalitros","one":"%1$s megalitro","other":"%1$s megalitros"},"milliliter":{"_name":"mililitros","one":"%1$s mililitro","other":"%1$s mililitros"},"pint":{"_name":"pintas","one":"%1$s pinta","other":"%1$s pintas"},"quart":{"_name":"cuartos","one":"%1$s cuarto","other":"%1$s cuartos"},"tablespoon":{"_name":"cucharadas","one":"%1$s cucharada","other":"%1$s cucharadas"},"teaspoon":{"_name":"cucharaditas","one":"%1$s cucharadita","other":"%1$s cucharaditas"}}},"short":{"_compoundPattern":"%1$s/%2$s","acceleration":{"g-force":{"_name":"Fg","one":"%1$s Fg","other":"%1$s Fg"},"meter-per-second-squared":{"_name":"m/s²","one":"%1$s m/s²","other":"%1$s m/s²"}},"angle":{"arc-minute":{"_name":"arcmin","one":"%1$s arcmin","other":"%1$s arcmin"},"arc-second":{"_name":"arcsec","one":"%1$s arcsec","other":"%1$s arcsec"},"degree":{"_name":"grad.","one":"%1$s°","other":"%1$s°"},"radian":{"_name":"rad","one":"%1$s rad","other":"%1$s rad"}},"area":{"acre":{"_name":"ac","one":"%1$s ac","other":"%1$s ac"},"hectare":{"_name":"ha","one":"%1$s ha","other":"%1$s ha"},"square-centimeter":{"_name":"cm²","one":"%1$s cm²","other":"%1$s cm²"},"square-foot":{"_name":"ft²","one":"%1$s ft²","other":"%1$s ft²"},"square-inch":{"_name":"in²","one":"%1$s in²","other":"%1$s in²"},"square-kilometer":{"_name":"km²","one":"%1$s km²","other":"%1$s km²"},"square-meter":{"_name":"m²","one":"%1$s m²","other":"%1$s m²"},"square-mile":{"_name":"mi²","one":"%1$s mi²","other":"%1$s mi²"},"square-yard":{"_name":"yd²","one":"%1$s yd²","other":"%1$s yd²"}},"consumption":{"liter-per-kilometer":{"_name":"l/km","one":"%1$s l/km","other":"%1$s l/km"},"mile-per-gallon":{"_name":"mi/gal","one":"%1$s mi/gal","other":"%1$s mi/gal"}},"digital":{"bit":{"_name":"b","one":"%1$s b","other":"%1$s b"},"byte":{"_name":"B","one":"%1$s B","other":"%1$s B"},"gigabit":{"_name":"Gb","one":"%1$s Gb","other":"%1$s Gb"},"gigabyte":{"_name":"GB","one":"%1$s GB","other":"%1$s GB"},"kilobit":{"_name":"kb","one":"%1$s kb","other":"%1$s kb"},"kilobyte":{"_name":"kB","one":"%1$s kB","other":"%1$s kB"},"megabit":{"_name":"Mb","one":"%1$s Mb","other":"%1$s Mb"},"megabyte":{"_name":"MB","one":"%1$s MB","other":"%1$s MB"},"terabit":{"_name":"Tb","one":"%1$s Tb","other":"%1$s Tb"},"terabyte":{"_name":"TB","one":"%1$s TB","other":"%1$s TB"}},"duration":{"day":{"_name":"d","one":"%1$s d","other":"%1$s d"},"hour":{"_name":"horas","one":"%1$s h","other":"%1$s h","_per":"%1$s/h"},"microsecond":{"_name":"μs","one":"%1$s μs","other":"%1$s μs"},"millisecond":{"_name":"ms","one":"%1$s ms","other":"%1$s ms"},"minute":{"_name":"min","one":"%1$s min","other":"%1$s min"},"month":{"_name":"m","one":"%1$s m","other":"%1$s m"},"nanosecond":{"_name":"ns","one":"%1$s ns","other":"%1$s ns"},"second":{"_name":"s","one":"%1$s s","other":"%1$s s","_per":"%1$s/s"},"week":{"_name":"sem","one":"%1$s sem","other":"%1$s sem"},"year":{"_name":"a","one":"%1$s a","other":"%1$s a"}},"electric":{"ampere":{"_name":"A","one":"%1$s A","other":"%1$s A"},"milliampere":{"_name":"mA","one":"%1$s mA","other":"%1$s mA"},"ohm":{"_name":"Ω","one":"%1$s Ω","other":"%1$s Ω"},"volt":{"_name":"voltios","one":"%1$s V","other":"%1$s V"}},"energy":{"calorie":{"_name":"cal","one":"%1$s cal","other":"%1$s cal"},"foodcalorie":{"_name":"cal","one":"%1$s cal","other":"%1$s cal"},"joule":{"_name":"J","one":"%1$s J","other":"%1$s J"},"kilocalorie":{"_name":"kcal","one":"%1$s kcal","other":"%1$s kcal"},"kilojoule":{"_name":"kJ","one":"%1$s kJ","other":"%1$s kJ"},"kilowatt-hour":{"_name":"kWh","one":"%1$s kWh","other":"%1$s kWh"}},"frequency":{"gigahertz":{"_name":"GHz","one":"%1$s GHz","other":"%1$s GHz"},"hertz":{"_name":"Hz","one":"%1$s Hz","other":"%1$s Hz"},"kilohertz":{"_name":"kHz","one":"%1$s kHz","other":"%1$s kHz"},"megahertz":{"_name":"MHz","one":"%1$s MHz","other":"%1$s MHz"}},"length":{"astronomical-unit":{"_name":"au","one":"%1$s au","other":"%1$s au"},"centimeter":{"_name":"cm","one":"%1$s cm","other":"%1$s cm"},"decimeter":{"_name":"dm","one":"%1$s dm","other":"%1$s dm"},"fathom":{"_name":"fm","other":"%1$s fm"},"foot":{"_name":"ft","one":"%1$s ft","other":"%1$s ft"},"furlong":{"_name":"fur","other":"%1$s fur"},"inch":{"_name":"in","one":"%1$s in","other":"%1$s in"},"kilometer":{"_name":"km","one":"%1$s km","other":"%1$s km"},"light-year":{"_name":"a·l","one":"%1$s a. l.","other":"%1$s a. l."},"meter":{"_name":"m","one":"%1$s m","other":"%1$s m"},"micrometer":{"_name":"µm","one":"%1$s µm","other":"%1$s µm"},"mile":{"_name":"mi","one":"%1$s mi","other":"%1$s mi"},"millimeter":{"_name":"mm","one":"%1$s mm","other":"%1$s mm"},"nanometer":{"_name":"nm","one":"%1$s nm","other":"%1$s nm"},"nautical-mile":{"_name":"M","one":"%1$s M","other":"%1$s M"},"parsec":{"_name":"parsecs","one":"%1$s pc","other":"%1$s pc"},"picometer":{"_name":"pm","one":"%1$s pm","other":"%1$s pm"},"yard":{"_name":"yardas","one":"%1$s yd","other":"%1$s yd"}},"light":{"lux":{"_name":"lx","one":"%1$s lx","other":"%1$s lx"}},"mass":{"carat":{"_name":"c","one":"%1$s c","other":"%1$s c"},"gram":{"_name":"g","one":"%1$s g","other":"%1$s g"},"kilogram":{"_name":"kg","one":"%1$s kg","other":"%1$s kg"},"metric-ton":{"_name":"t","one":"%1$s t","other":"%1$s t"},"microgram":{"_name":"µg","one":"%1$s µg","other":"%1$s µg"},"milligram":{"_name":"mg","one":"%1$s mg","other":"%1$s mg"},"ounce":{"_name":"oz","one":"%1$s oz","other":"%1$s oz"},"ounce-troy":{"_name":"oz t","one":"%1$s oz t","other":"%1$s oz t"},"pound":{"_name":"lb","one":"%1$s lb","other":"%1$s lb"},"stone":{"_name":"st","other":"%1$s st"},"ton":{"_name":"ton","one":"%1$s ton","other":"%1$s ton"}},"power":{"gigawatt":{"_name":"GW","one":"%1$s GW","other":"%1$s GW"},"horsepower":{"_name":"CV","one":"%1$s CV","other":"%1$s CV"},"kilowatt":{"_name":"kW","one":"%1$s kW","other":"%1$s kW"},"megawatt":{"_name":"MW","one":"%1$s MW","other":"%1$s MW"},"milliwatt":{"_name":"mW","one":"%1$s mW","other":"%1$s mW"},"watt":{"_name":"vatios","one":"%1$s W","other":"%1$s W"}},"pressure":{"hectopascal":{"_name":"hPa","one":"%1$s hPa","other":"%1$s hPa"},"inch-hg":{"_name":"inHg","one":"%1$s inHg","other":"%1$s inHg"},"millibar":{"_name":"mbar","one":"%1$s mbar","other":"%1$s mbar"},"millimeter-of-mercury":{"_name":"mmHg","one":"%1$s mmHg","other":"%1$s mmHg"},"pound-per-square-inch":{"_name":"psi","one":"%1$s psi","other":"%1$s psi"}},"proportion":{"karat":{"_name":"c","one":"%1$s c","other":"%1$s c"}},"speed":{"kilometer-per-hour":{"_name":"km/h","one":"%1$s km/h","other":"%1$s km/h"},"meter-per-second":{"_name":"m/s","one":"%1$s m/s","other":"%1$s m/s"},"mile-per-hour":{"_name":"mi/h","one":"%1$s mi/h","other":"%1$s mi/h"}},"temperature":{"celsius":{"_name":"°C","one":"%1$s °C","other":"%1$s °C"},"fahrenheit":{"_name":"°F","one":"%1$s °F","other":"%1$s °F"},"generic":{"_name":"°","other":"%1$s°"},"kelvin":{"_name":"K","one":"%1$s K","other":"%1$s K"}},"volume":{"acre-foot":{"_name":"ac ft","one":"%1$s ac ft","other":"%1$s ac ft"},"bushel":{"_name":"bu","other":"%1$s bu"},"centiliter":{"_name":"cl","one":"%1$s cl","other":"%1$s cl"},"cubic-centimeter":{"_name":"cm³","one":"%1$s cm³","other":"%1$s cm³"},"cubic-foot":{"_name":"ft³","one":"%1$s ft³","other":"%1$s ft³"},"cubic-inch":{"_name":"in³","one":"%1$s in³","other":"%1$s in³"},"cubic-kilometer":{"_name":"km³","one":"%1$s km³","other":"%1$s km³"},"cubic-meter":{"_name":"m³","one":"%1$s m³","other":"%1$s m³"},"cubic-mile":{"_name":"mi³","one":"%1$s mi³","other":"%1$s mi³"},"cubic-yard":{"_name":"yd³","one":"%1$s yd³","other":"%1$s yd³"},"cup":{"_name":"tazas","one":"%1$s tza.","other":"%1$s tza."},"deciliter":{"_name":"dl","one":"%1$s dl","other":"%1$s dl"},"fluid-ounce":{"_name":"fl oz","one":"%1$s fl oz","other":"%1$s fl oz"},"gallon":{"_name":"gal","one":"%1$s gal","other":"%1$s gal"},"hectoliter":{"_name":"hl","one":"%1$s hl","other":"%1$s hl"},"liter":{"_name":"l","one":"%1$s l","other":"%1$s l"},"megaliter":{"_name":"Ml","one":"%1$s Ml","other":"%1$s Ml"},"milliliter":{"_name":"ml","one":"%1$s ml","other":"%1$s ml"},"pint":{"_name":"pintas","one":"%1$s pt","other":"%1$s pt"},"quart":{"_name":"qt","one":"%1$s qt","other":"%1$s qt"},"tablespoon":{"_name":"cdas.","one":"%1$s cd.","other":"%1$s cdas."},"teaspoon":{"_name":"cdtas.","one":"%1$s cdta.","other":"%1$s cdtas."}}},"narrow":{"_compoundPattern":"%1$s/%2$s","acceleration":{"g-force":{"_name":"Fg","one":"%1$sG","other":"%1$sG"},"meter-per-second-squared":{"_name":"m/s²","one":"%1$s m/s²","other":"%1$s m/s²"}},"angle":{"arc-minute":{"_name":"arcmin","one":"%1$s'","other":"%1$s'"},"arc-second":{"_name":"arcsec","one":"%1$s\"","other":"%1$s\""},"degree":{"_name":"grad.","one":"%1$s°","other":"%1$s°"},"radian":{"_name":"rad","one":"%1$s rad","other":"%1$s rad"}},"area":{"acre":{"_name":"ac","one":"%1$sac","other":"%1$sac"},"hectare":{"_name":"ha","one":"%1$sha","other":"%1$sha"},"square-centimeter":{"_name":"cm²","one":"%1$s cm²","other":"%1$s cm²"},"square-foot":{"_name":"ft²","one":"%1$sft²","other":"%1$sft²"},"square-inch":{"_name":"in²","one":"%1$s in²","other":"%1$s in²"},"square-kilometer":{"_name":"km²","one":"%1$skm²","other":"%1$skm²"},"square-meter":{"_name":"m²","one":"%1$sm²","other":"%1$sm²"},"square-mile":{"_name":"mi²","one":"%1$smi²","other":"%1$smi²"},"square-yard":{"_name":"yd²","one":"%1$s yd²","other":"%1$s yd²"}},"consumption":{"liter-per-kilometer":{"_name":"l/km","one":"%1$s l/km","other":"%1$s l/km"},"mile-per-gallon":{"_name":"mi/gal","one":"%1$s mi/gal","other":"%1$s mi/gal"}},"digital":{"bit":{"_name":"b","one":"%1$s b","other":"%1$s b"},"byte":{"_name":"B","one":"%1$s B","other":"%1$s B"},"gigabit":{"_name":"Gb","one":"%1$s Gb","other":"%1$s Gb"},"gigabyte":{"_name":"GB","one":"%1$s GB","other":"%1$s GB"},"kilobit":{"_name":"kb","one":"%1$s kb","other":"%1$s kb"},"kilobyte":{"_name":"kB","one":"%1$s kB","other":"%1$s kB"},"megabit":{"_name":"Mb","one":"%1$s Mb","other":"%1$s Mb"},"megabyte":{"_name":"MB","one":"%1$s MB","other":"%1$s MB"},"terabit":{"_name":"Tb","one":"%1$s Tb","other":"%1$s Tb"},"terabyte":{"_name":"TB","one":"%1$s TB","other":"%1$s TB"}},"duration":{"day":{"_name":"d","one":"%1$sd","other":"%1$sd"},"hour":{"_name":"h","one":"%1$sh","other":"%1$sh","_per":"%1$s/h"},"microsecond":{"_name":"μs","one":"%1$s μs","other":"%1$s μs"},"millisecond":{"_name":"ms","one":"%1$sms","other":"%1$sms"},"minute":{"_name":"min","one":"%1$smin","other":"%1$smin"},"month":{"_name":"m","one":"%1$sm","other":"%1$sm"},"nanosecond":{"_name":"ns","one":"%1$s ns","other":"%1$s ns"},"second":{"_name":"s","one":"%1$ss","other":"%1$ss","_per":"%1$s/s"},"week":{"_name":"sem","one":"%1$ssem","other":"%1$ssem"},"year":{"_name":"a","one":"%1$sa","other":"%1$sa"}},"electric":{"ampere":{"_name":"A","one":"%1$s A","other":"%1$s A"},"milliampere":{"_name":"mA","one":"%1$s mA","other":"%1$s mA"},"ohm":{"_name":"Ω","one":"%1$s Ω","other":"%1$s Ω"},"volt":{"_name":"voltios","one":"%1$s V","other":"%1$s V"}},"energy":{"calorie":{"_name":"cal","one":"%1$s cal","other":"%1$s cal"},"foodcalorie":{"_name":"cal","one":"%1$s cal","other":"%1$s cal"},"joule":{"_name":"J","one":"%1$s J","other":"%1$s J"},"kilocalorie":{"_name":"kcal","one":"%1$s kcal","other":"%1$s kcal"},"kilojoule":{"_name":"kJ","one":"%1$s kJ","other":"%1$s kJ"},"kilowatt-hour":{"_name":"kWh","one":"%1$s kWh","other":"%1$s kWh"}},"frequency":{"gigahertz":{"_name":"GHz","one":"%1$s GHz","other":"%1$s GHz"},"hertz":{"_name":"Hz","one":"%1$s Hz","other":"%1$s Hz"},"kilohertz":{"_name":"kHz","one":"%1$s kHz","other":"%1$s kHz"},"megahertz":{"_name":"MHz","one":"%1$s MHz","other":"%1$s MHz"}},"length":{"astronomical-unit":{"_name":"au","one":"%1$s au","other":"%1$s au"},"centimeter":{"_name":"cm","one":"%1$scm","other":"%1$scm"},"decimeter":{"_name":"dm","one":"%1$s dm","other":"%1$s dm"},"fathom":{"_name":"fm","other":"%1$s fm"},"foot":{"_name":"ft","one":"%1$sft","other":"%1$sft"},"furlong":{"_name":"fur","other":"%1$s fur"},"inch":{"_name":"in","one":"%1$sin","other":"%1$sin"},"kilometer":{"_name":"km","one":"%1$skm","other":"%1$skm"},"light-year":{"_name":"a·l","one":"%1$sa.l.","other":"%1$sa.l."},"meter":{"_name":"m","one":"%1$sm","other":"%1$sm"},"micrometer":{"_name":"µm","one":"%1$s µm","other":"%1$s µm"},"mile":{"_name":"mi","one":"%1$smi","other":"%1$smi"},"millimeter":{"_name":"mm","one":"%1$smm","other":"%1$smm"},"nanometer":{"_name":"nm","one":"%1$s nm","other":"%1$s nm"},"nautical-mile":{"_name":"M","one":"%1$s M","other":"%1$s M"},"parsec":{"_name":"parsecs","one":"%1$s pc","other":"%1$s pc"},"picometer":{"_name":"pm","one":"%1$spm","other":"%1$spm"},"yard":{"_name":"yardas","one":"%1$syd","other":"%1$syd"}},"light":{"lux":{"_name":"lx","one":"%1$s lx","other":"%1$s lx"}},"mass":{"carat":{"_name":"c","one":"%1$s c","other":"%1$s c"},"gram":{"_name":"g","one":"%1$sg","other":"%1$sg"},"kilogram":{"_name":"kg","one":"%1$skg","other":"%1$skg"},"metric-ton":{"_name":"t","one":"%1$s t","other":"%1$s t"},"microgram":{"_name":"µg","one":"%1$s µg","other":"%1$s µg"},"milligram":{"_name":"mg","one":"%1$s mg","other":"%1$s mg"},"ounce":{"_name":"oz","one":"%1$soz","other":"%1$soz"},"ounce-troy":{"_name":"oz t","one":"%1$s oz t","other":"%1$s oz t"},"pound":{"_name":"lb","one":"%1$slb","other":"%1$slb"},"stone":{"_name":"st","other":"%1$s st"},"ton":{"_name":"ton","one":"%1$s ton","other":"%1$s ton"}},"power":{"gigawatt":{"_name":"GW","one":"%1$s GW","other":"%1$s GW"},"horsepower":{"_name":"CV","one":"%1$shp","other":"%1$shp"},"kilowatt":{"_name":"kW","one":"%1$skW","other":"%1$skW"},"megawatt":{"_name":"MW","one":"%1$s MW","other":"%1$s MW"},"milliwatt":{"_name":"mW","one":"%1$s mW","other":"%1$s mW"},"watt":{"_name":"vatios","one":"%1$sW","other":"%1$sW"}},"pressure":{"hectopascal":{"_name":"hPa","one":"%1$shPa","other":"%1$shPa"},"inch-hg":{"_name":"inHg","one":"%1$sinHg","other":"%1$sinHg"},"millibar":{"_name":"mbar","one":"%1$smbar","other":"%1$smbar"},"millimeter-of-mercury":{"_name":"mmHg","one":"%1$s mmHg","other":"%1$s mmHg"},"pound-per-square-inch":{"_name":"psi","one":"%1$s psi","other":"%1$s psi"}},"proportion":{"karat":{"_name":"c","one":"%1$s c","other":"%1$s c"}},"speed":{"kilometer-per-hour":{"_name":"km/h","one":"%1$skm/h","other":"%1$skm/h"},"meter-per-second":{"_name":"m/s","one":"%1$sm/s","other":"%1$sm/s"},"mile-per-hour":{"_name":"mi/h","one":"%1$smi/h","other":"%1$smi/h"}},"temperature":{"celsius":{"_name":"°C","one":"%1$s°C","other":"%1$s°C"},"fahrenheit":{"_name":"°F","one":"%1$s°F","other":"%1$s°F"},"generic":{"_name":"°","other":"%1$s°"},"kelvin":{"_name":"K","one":"%1$s K","other":"%1$s K"}},"volume":{"acre-foot":{"_name":"ac ft","one":"%1$s ac ft","other":"%1$s ac ft"},"bushel":{"_name":"bu","other":"%1$s bu"},"centiliter":{"_name":"cl","one":"%1$s cl","other":"%1$s cl"},"cubic-centimeter":{"_name":"cm³","one":"%1$s cm³","other":"%1$s cm³"},"cubic-foot":{"_name":"ft³","one":"%1$s ft³","other":"%1$s ft³"},"cubic-inch":{"_name":"in³","one":"%1$s in³","other":"%1$s in³"},"cubic-kilometer":{"_name":"km³","one":"%1$skm³","other":"%1$skm³"},"cubic-meter":{"_name":"m³","one":"%1$s m³","other":"%1$s m³"},"cubic-mile":{"_name":"mi³","one":"%1$smi³","other":"%1$smi³"},"cubic-yard":{"_name":"yd³","one":"%1$s yd³","other":"%1$s yd³"},"cup":{"_name":"tazas","one":"%1$s tza.","other":"%1$s tza."},"deciliter":{"_name":"dl","one":"%1$s dl","other":"%1$s dl"},"fluid-ounce":{"_name":"fl oz","one":"%1$s fl oz","other":"%1$s fl oz"},"gallon":{"_name":"gal","one":"%1$s gal","other":"%1$s gal"},"hectoliter":{"_name":"hl","one":"%1$s hl","other":"%1$s hl"},"liter":{"_name":"l","one":"%1$sl","other":"%1$sl"},"megaliter":{"_name":"Ml","one":"%1$s Ml","other":"%1$s Ml"},"milliliter":{"_name":"ml","one":"%1$s ml","other":"%1$s ml"},"pint":{"_name":"pintas","one":"%1$s pt","other":"%1$s pt"},"quart":{"_name":"qt","one":"%1$s qt","other":"%1$s qt"},"tablespoon":{"_name":"cdas.","one":"%1$s cdas.","other":"%1$s cdas."},"teaspoon":{"_name":"cdtas.","one":"%1$s cdtas.","other":"%1$s cdtas."}}},"_durationPattern":{"hm":"h:mm","hms":"h:mm:ss","ms":"m:ss"}}