{"months":{"format":{"abbreviated":{"1":"янв.","2":"февр.","3":"марта","4":"апр.","5":"мая","6":"июня","7":"июля","8":"авг.","9":"сент.","10":"окт.","11":"нояб.","12":"дек."},"narrow":{"1":"Я","2":"Ф","3":"М","4":"А","5":"М","6":"И","7":"И","8":"А","9":"С","10":"О","11":"Н","12":"Д"},"wide":{"1":"января","2":"февраля","3":"марта","4":"апреля","5":"мая","6":"июня","7":"июля","8":"августа","9":"сентября","10":"октября","11":"ноября","12":"декабря"}},"stand-alone":{"abbreviated":{"1":"янв.","2":"февр.","3":"март","4":"апр.","5":"май","6":"июнь","7":"июль","8":"авг.","9":"сент.","10":"окт.","11":"нояб.","12":"дек."},"narrow":{"1":"Я","2":"Ф","3":"М","4":"А","5":"М","6":"И","7":"И","8":"А","9":"С","10":"О","11":"Н","12":"Д"},"wide":{"1":"январь","2":"февраль","3":"март","4":"апрель","5":"май","6":"июнь","7":"июль","8":"август","9":"сентябрь","10":"октябрь","11":"ноябрь","12":"декабрь"}}},"days":{"format":{"abbreviated":{"sun":"вс","mon":"пн","tue":"вт","wed":"ср","thu":"чт","fri":"пт","sat":"сб"},"narrow":{"sun":"вс","mon":"пн","tue":"вт","wed":"ср","thu":"чт","fri":"пт","sat":"сб"},"short":{"sun":"вс","mon":"пн","tue":"вт","wed":"ср","thu":"чт","fri":"пт","sat":"сб"},"wide":{"sun":"воскресенье","mon":"понедельник","tue":"вторник","wed":"среда","thu":"четверг","fri":"пятница","sat":"суббота"}},"stand-alone":{"abbreviated":{"sun":"Вс","mon":"Пн","tue":"Вт","wed":"Ср","thu":"Чт","fri":"Пт","sat":"Сб"},"narrow":{"sun":"В","mon":"П","tue":"В","wed":"С","thu":"Ч","fri":"П","sat":"С"},"short":{"sun":"вс","mon":"пн","tue":"вт","wed":"ср","thu":"чт","fri":"пт","sat":"сб"},"wide":{"sun":"Воскресенье","mon":"Понедельник","tue":"Вторник","wed":"Среда","thu":"Четверг","fri":"Пятница","sat":"Суббота"}}},"quarters":{"format":{"abbreviated":{"1":"1-й кв.","2":"2-й кв.","3":"3-й кв.","4":"4-й кв."},"narrow":{"1":"1","2":"2","3":"3","4":"4"},"wide":{"1":"1-й квартал","2":"2-й квартал","3":"3-й квартал","4":"4-й квартал"}},"stand-alone":{"abbreviated":{"1":"1-й кв.","2":"2-й кв.","3":"3-й кв.","4":"4-й кв."},"narrow":{"1":"1","2":"2","3":"3","4":"4"},"wide":{"1":"1-й квартал","2":"2-й квартал","3":"3-й квартал","4":"4-й квартал"}}},"dayPeriods":{"format":{"abbreviated":{"am":"AM","noon":"полдень","pm":"PM"},"narrow":{"am":"AM","noon":"полдень","pm":"PM"},"wide":{"am":"AM","noon":"полдень","pm":"PM"}},"stand-alone":{"abbreviated":{"am":"AM","noon":"полдень","pm":"PM"},"narrow":{"am":"AM","noon":"полдень","pm":"PM"},"wide":{"am":"AM","noon":"полдень","pm":"PM"}}},"eras":{"wide":{"0":"до н. э.","0-alt-variant":"BCE","1":"н. э.","1-alt-variant":"CE"},"abbreviated":{"0":"до н. э.","0-alt-variant":"BCE","1":"н. э.","1-alt-variant":"CE"},"narrow":{"0":"до н.э.","0-alt-variant":"BCE","1":"н.э.","1-alt-variant":"CE"}},"dateFormats":{"full":"EEEE, d MMMM y 'г'.","long":"d MMMM y 'г'.","medium":"d MMM y 'г'.","short":"dd.MM.yy"},"timeFormats":{"full":"H:mm:ss zzzz","long":"H:mm:ss z","medium":"H:mm:ss","short":"H:mm"},"dateTimeFormats":{"full":"%2$s, %1$s","long":"%2$s, %1$s","medium":"%2$s, %1$s","short":"%2$s, %1$s"}}