{"ADP":{"name":"Андоррская песета","pluralName":{"one":"андоррская песета","few":"андоррские песеты","many":"андоррская песета","other":"андоррских песет"}},"AED":{"name":"Дирхам ОАЭ","pluralName":{"one":"дирхам ОАЭ","few":"дирхама ОАЭ","many":"дирхамов ОАЭ","other":"дирхама ОАЭ"}},"AFA":{"name":"Афгани (1927–2002)"},"AFN":{"name":"Афганский афгани","pluralName":{"one":"афганский афгани","few":"афганских афгани","many":"афганских афгани","other":"афганского афгани"}},"ALL":{"name":"Албанский лек","pluralName":{"one":"албанский лек","few":"албанских лека","many":"албанских леков","other":"албанских леков"}},"AMD":{"name":"Армянский драм","pluralName":{"one":"армянский драм","few":"армянских драма","many":"армянских драмов","other":"армянского драма"}},"ANG":{"name":"Нидерландский антильский гульден","pluralName":{"one":"нидерландский антильский гульден","few":"нидерландских антильских гульдена","many":"нидерландских антильских гульденов","other":"нидерландского антильского гульдена"}},"AOA":{"name":"Ангольская кванза","pluralName":{"one":"ангольская кванза","few":"ангольские кванзы","many":"ангольских кванз","other":"ангольской кванзы"},"symbolNarrow":"Kz"},"AOK":{"name":"Ангольская кванза (1977–1990)","pluralName":{"one":"ангольских кванз (1977–1991)","few":"ангольские кванзы (1977–1991)","many":"ангольских кванз (1977–1991)","other":"ангольских кванз (1977–1991)"}},"AON":{"name":"Ангольская новая кванза (1990–2000)"},"AOR":{"name":"Ангольская кванза реюстадо (1995–1999)","pluralName":{"one":"ангольских кванз реюстадо (1995–1999)","few":"ангольские кванзы реюстадо (1995–1999)","many":"ангольских кванз реюстадо (1995–1999)","other":"ангольских кванз реюстадо (1995–1999)"}},"ARA":{"name":"Аргентинский аустрал"},"ARL":{"name":"ARL"},"ARM":{"name":"ARM"},"ARP":{"name":"Аргентинское песо (1983–1985)"},"ARS":{"name":"Аргентинское песо","pluralName":{"one":"аргентинское песо","few":"аргентинских песо","many":"аргентинских песо","other":"аргентинского песо"},"symbolNarrow":"$"},"ATS":{"name":"Австрийский шиллинг"},"AUD":{"symbol":"A$","name":"Австралийский доллар","pluralName":{"one":"австралийский доллар","few":"австралийских доллара","many":"австралийских долларов","other":"австралийского доллара"},"symbolNarrow":"$"},"AWG":{"name":"Арубанский флорин","pluralName":{"one":"арубанский флорин","few":"арубанских флорина","many":"арубанских флоринов","other":"арубанского флорина"}},"AZM":{"name":"Старый азербайджанский манат"},"AZN":{"name":"Азербайджанский манат","pluralName":{"one":"азербайджанский манат","few":"азербайджанских маната","many":"азербайджанских манатов","other":"азербайджанского маната"}},"BAD":{"name":"Динар Боснии и Герцеговины"},"BAM":{"name":"Конвертируемая марка Боснии и Герцеговины","pluralName":{"one":"конвертируемая марка Боснии и Герцеговины","few":"конвертируемые марки Боснии и Герцеговины","many":"конвертируемых марок Боснии и Герцеговины","other":"конвертируемой марки Боснии и Герцеговины"},"symbolNarrow":"KM"},"BAN":{"name":"BAN"},"BBD":{"name":"Барбадосский доллар","pluralName":{"one":"барбадосский доллар","few":"барбадосских доллара","many":"барбадосских долларов","other":"барбадосского доллара"},"symbolNarrow":"$"},"BDT":{"name":"Бангладешская така","pluralName":{"one":"бангладешская така","few":"бангладешских таки","many":"бангладешских так","other":"бангладешской таки"},"symbolNarrow":"৳"},"BEC":{"name":"Бельгийский франк (конвертируемый)"},"BEF":{"name":"Бельгийский франк"},"BEL":{"name":"Бельгийский франк (финансовый)"},"BGL":{"name":"Лев"},"BGM":{"name":"BGM"},"BGN":{"name":"Болгарский лев","pluralName":{"one":"болгарский лев","few":"болгарских лева","many":"болгарских левов","other":"болгарского лева"}},"BGO":{"name":"BGO"},"BHD":{"name":"Бахрейнский динар","pluralName":{"one":"бахрейнский динар","few":"бахрейнских динара","many":"бахрейнских динаров","other":"бахрейнского динара"}},"BIF":{"name":"Бурундийский франк","pluralName":{"one":"бурундийский франк","few":"бурундийских франка","many":"бурундийских франков","other":"бурундийского франка"}},"BMD":{"name":"Бермудский доллар","pluralName":{"one":"бермудский доллар","few":"бермудских доллара","many":"бермудских долларов","other":"бермудского доллара"},"symbolNarrow":"$"},"BND":{"name":"Брунейский доллар","pluralName":{"one":"брунейский доллар","few":"брунейских доллара","many":"брунейских долларов","other":"брунейского доллара"},"symbolNarrow":"$"},"BOB":{"name":"Боливийский боливиано","pluralName":{"one":"боливийский боливиано","few":"боливийских боливиано","many":"боливийских боливиано","other":"боливийского боливиано"},"symbolNarrow":"Bs"},"BOL":{"name":"BOL"},"BOP":{"name":"Боливийское песо"},"BOV":{"name":"Боливийский мвдол"},"BRB":{"name":"Бразильский новый крузейро (1967–1986)"},"BRC":{"name":"Бразильское крузадо"},"BRE":{"name":"Бразильский крузейро (1990–1993)"},"BRL":{"symbol":"R$","name":"Бразильский реал","pluralName":{"one":"бразильский реал","few":"бразильских реала","many":"бразильских реалов","other":"бразильского реала"},"symbolNarrow":"R$"},"BRN":{"name":"Бразильское новое крузадо"},"BRR":{"name":"Бразильский крузейро"},"BRZ":{"name":"BRZ"},"BSD":{"name":"Багамский доллар","pluralName":{"one":"багамский доллар","few":"багамских доллара","many":"багамских долларов","other":"багамского доллара"},"symbolNarrow":"$"},"BTN":{"name":"Бутанский нгултрум","pluralName":{"one":"бутанский нгултрум","few":"бутанских нгултрума","many":"бутанских нгултрумов","other":"бутанского нгултрума"}},"BUK":{"name":"Джа"},"BWP":{"name":"Ботсванская пула","pluralName":{"one":"ботсванская пула","few":"ботсванских пулы","many":"ботсванских пул","other":"ботсванской пулы"},"symbolNarrow":"P"},"BYB":{"name":"Белорусский рубль (1994–1999)"},"BYR":{"name":"Белорусский рубль","pluralName":{"one":"белорусский рубль","few":"белорусских рубля","many":"белорусских рублей","other":"белорусского рубля"},"symbolNarrow":"р."},"BZD":{"name":"Белизский доллар","pluralName":{"one":"белизский доллар","few":"белизских доллара","many":"белизских долларов","other":"белизского доллара"},"symbolNarrow":"$"},"CAD":{"symbol":"CA$","name":"Канадский доллар","pluralName":{"one":"канадский доллар","few":"канадских доллара","many":"канадских долларов","other":"канадского доллара"},"symbolNarrow":"$"},"CDF":{"name":"Конголезский франк","pluralName":{"one":"конголезский франк","few":"конголезских франка","many":"конголезских франков","other":"конголезского франка"}},"CHE":{"name":"WIR евро"},"CHF":{"name":"Швейцарский франк","pluralName":{"one":"швейцарский франк","few":"швейцарских франка","many":"швейцарских франков","other":"швейцарского франка"}},"CHW":{"name":"WIR франк"},"CLE":{"name":"CLE"},"CLF":{"name":"Условная расчетная единица Чили"},"CLP":{"name":"Чилийское песо","pluralName":{"one":"чилийское песо","few":"чилийских песо","many":"чилийских песо","other":"чилийского песо"},"symbolNarrow":"$"},"CNY":{"symbol":"CN¥","name":"Китайский юань","pluralName":{"one":"китайский юань","few":"китайских юаня","many":"китайских юаней","other":"китайского юаня"},"symbolNarrow":"¥"},"COP":{"name":"Колумбийское песо","pluralName":{"one":"колумбийское песо","few":"колумбийских песо","many":"колумбийских песо","other":"колумбийского песо"},"symbolNarrow":"$"},"COU":{"name":"Единица реальной стоимости Колумбии"},"CRC":{"name":"Костариканский колон","pluralName":{"one":"костариканский колон","few":"костариканских колона","many":"костариканских колонов","other":"костариканского колона"},"symbolNarrow":"₡"},"CSD":{"name":"Старый Сербский динар"},"CSK":{"name":"Чехословацкая твердая крона"},"CUC":{"name":"Кубинское конвертируемое песо","pluralName":{"one":"кубинское конвертируемое песо","few":"кубинских конвертируемых песо","many":"кубинских конвертируемых песо","other":"кубинского конвертируемого песо"},"symbolNarrow":"$"},"CUP":{"name":"Кубинское песо","pluralName":{"one":"кубинское песо","few":"кубинских песо","many":"кубинских песо","other":"кубинского песо"},"symbolNarrow":"$"},"CVE":{"name":"Эскудо Кабо-Верде","pluralName":{"one":"эскудо Кабо-Верде","few":"эскудо Кабо-Верде","many":"эскудо Кабо-Верде","other":"эскудо Кабо-Верде"}},"CYP":{"name":"Кипрский фунт"},"CZK":{"name":"Чешская крона","pluralName":{"one":"чешская крона","few":"чешские кроны","many":"чешских крон","other":"чешской кроны"},"symbolNarrow":"Kč"},"DDM":{"name":"Восточногерманская марка"},"DEM":{"name":"Немецкая марка"},"DJF":{"name":"Франк Джибути","pluralName":{"one":"франк Джибути","few":"франка Джибути","many":"франков Джибути","other":"франка Джибути"}},"DKK":{"name":"Датская крона","pluralName":{"one":"датская крона","few":"датские кроны","many":"датских крон","other":"датской кроны"},"symbolNarrow":"kr"},"DOP":{"name":"Доминиканское песо","pluralName":{"one":"доминиканское песо","few":"доминиканских песо","many":"доминиканских песо","other":"доминиканского песо"},"symbolNarrow":"$"},"DZD":{"name":"Алжирский динар","pluralName":{"one":"алжирский динар","few":"алжирских динара","many":"алжирских динаров","other":"алжирского динара"}},"ECS":{"name":"Эквадорский сукре"},"ECV":{"name":"Постоянная единица стоимости Эквадора"},"EEK":{"name":"Эстонская крона"},"EGP":{"name":"Египетский фунт","pluralName":{"one":"египетский фунт","few":"египетских фунта","many":"египетских фунтов","other":"египетского фунта"},"symbolNarrow":"E£"},"ERN":{"name":"Накфа","pluralName":{"one":"эритрейская накфа","few":"эритрейские накфы","many":"эритрейских накф","other":"эритрейской накфы"}},"ESA":{"name":"Испанская песета (А)"},"ESB":{"name":"Испанская песета (конвертируемая)"},"ESP":{"name":"Испанская песета","symbolNarrow":"₧"},"ETB":{"name":"Эфиопский быр","pluralName":{"one":"эфиопский быр","few":"эфиопских быра","many":"эфиопских быров","other":"эфиопского быра"}},"EUR":{"symbol":"€","name":"Евро","pluralName":{"one":"евро","few":"евро","many":"евро","other":"евро"},"symbolNarrow":"€"},"FIM":{"name":"Финская марка"},"FJD":{"name":"Доллар Фиджи","pluralName":{"one":"доллар Фиджи","few":"доллара Фиджи","many":"долларов Фиджи","other":"доллара Фиджи"},"symbolNarrow":"$"},"FKP":{"name":"Фунт Фолклендских островов","pluralName":{"one":"фунт Фолклендских островов","few":"фунта Фолклендских островов","many":"фунтов Фолклендских островов","other":"фунта Фолклендских островов"},"symbolNarrow":"£"},"FRF":{"name":"Французский франк"},"GBP":{"symbol":"£","name":"Английский фунт","pluralName":{"one":"английский фунт","few":"английских фунта","many":"английских фунтов","other":"английского фунта"},"symbolNarrow":"£"},"GEK":{"name":"Грузинский купон"},"GEL":{"name":"Грузинский лари","pluralName":{"one":"грузинский лари","few":"грузинских лари","many":"грузинских лари","other":"грузинского лари"}},"GHC":{"name":"Ганский седи (1979–2007)"},"GHS":{"name":"Ганский седи","pluralName":{"one":"ганский седи","few":"ганских седи","many":"ганских седи","other":"ганского седи"}},"GIP":{"name":"Гибралтарский фунт","pluralName":{"one":"гибралтарский фунт","few":"гибралтарских фунта","many":"гибралтарских фунтов","other":"гибралтарского фунта"},"symbolNarrow":"£"},"GMD":{"name":"Гамбийский даласи","pluralName":{"one":"гамбийский даласи","few":"гамбийских даласи","many":"гамбийских даласи","other":"гамбийского даласи"}},"GNF":{"name":"Гвинейский франк","pluralName":{"one":"гвинейский франк","few":"гвинейских франка","many":"гвинейских франков","other":"гвинейского франка"},"symbolNarrow":"FG"},"GNS":{"name":"Гвинейская сили"},"GQE":{"name":"Эквеле экваториальной Гвинеи"},"GRD":{"name":"Греческая драхма"},"GTQ":{"name":"Гватемальский кетсаль","pluralName":{"one":"гватемальский кетсаль","few":"гватемальских кетсаля","many":"гватемальских кетсалей","other":"гватемальского кетсаля"},"symbolNarrow":"Q"},"GWE":{"name":"Эскудо Португальской Гвинеи"},"GWP":{"name":"Песо Гвинеи-Бисау"},"GYD":{"name":"Гайанский доллар","pluralName":{"one":"гайанский доллар","few":"гайанских доллара","many":"гайанских долларов","other":"гайанского доллара"},"symbolNarrow":"$"},"HKD":{"symbol":"HK$","name":"Гонконгский доллар","pluralName":{"one":"гонконгский доллар","few":"гонконгских доллара","many":"гонконгских долларов","other":"гонконгского доллара"},"symbolNarrow":"$"},"HNL":{"name":"Гондурасская лемпира","pluralName":{"one":"гондурасская лемпира","few":"гондурасские лемпиры","many":"гондурасских лемпир","other":"гондурасской лемпиры"},"symbolNarrow":"L"},"HRD":{"name":"Хорватский динар"},"HRK":{"name":"Хорватская куна","pluralName":{"one":"хорватская куна","few":"хорватских куны","many":"хорватских кун","other":"хорватской куны"},"symbolNarrow":"kn"},"HTG":{"name":"Гаитянский гурд","pluralName":{"one":"гаитянский гурд","few":"гаитянских гурда","many":"гаитянских гурдов","other":"гаитянского гурда"}},"HUF":{"name":"Венгерский форинт","pluralName":{"one":"венгерский форинт","few":"венгерских форинта","many":"венгерских форинтов","other":"венгерского форинта"},"symbolNarrow":"Ft"},"IDR":{"name":"Индонезийская рупия","pluralName":{"one":"индонезийская рупия","few":"индонезийские рупии","many":"индонезийских рупий","other":"индонезийской рупии"},"symbolNarrow":"Rp"},"IEP":{"name":"Ирландский фунт"},"ILP":{"name":"Израильский фунт"},"ILS":{"symbol":"₪","name":"Новый израильский шекель","pluralName":{"one":"новый израильский шекель","few":"новых израильских шекеля","many":"новых израильских шекелей","other":"нового израильского шекеля"},"symbolNarrow":"₪"},"INR":{"symbol":"₹","name":"Индийская рупия","pluralName":{"one":"индийская рупия","few":"индийские рупии","many":"индийских рупий","other":"индийской рупии"},"symbolNarrow":"₹"},"IQD":{"name":"Иракский динар","pluralName":{"one":"иракский динар","few":"иракских динара","many":"иракских динаров","other":"иракского динара"}},"IRR":{"name":"Иранский риал","pluralName":{"one":"иранский риал","few":"иранских риала","many":"иранских риалов","other":"иранского риала"}},"ISK":{"name":"Исландская крона","pluralName":{"one":"исландская крона","few":"исландские кроны","many":"исландских крон","other":"исландской кроны"},"symbolNarrow":"kr"},"ITL":{"name":"Итальянская лира"},"JMD":{"name":"Ямайский доллар","pluralName":{"one":"ямайский доллар","few":"ямайских доллара","many":"ямайских долларов","other":"ямайского доллара"},"symbolNarrow":"$"},"JOD":{"name":"Иорданский динар","pluralName":{"one":"иорданский динар","few":"иорданских динара","many":"иорданских динаров","other":"иорданского динара"}},"JPY":{"symbol":"¥","name":"Японская иена","pluralName":{"one":"японская иена","few":"японские иены","many":"японских иен","other":"японской иены"},"symbolNarrow":"¥"},"KES":{"name":"Кенийский шиллинг","pluralName":{"one":"кенийский шиллинг","few":"кенийских шиллинга","many":"кенийских шиллингов","other":"кенийского шиллинга"}},"KGS":{"name":"Киргизский сом","pluralName":{"one":"киргизский сом","few":"киргизских сома","many":"киргизских сома","other":"киргизского сома"}},"KHR":{"name":"Камбоджийский риель","pluralName":{"one":"камбоджийский риель","few":"камбоджийских риеля","many":"камбоджийских риелей","other":"камбоджийского риеля"},"symbolNarrow":"៛"},"KMF":{"name":"Франк Коморских островов","pluralName":{"one":"франк Коморских островов","few":"франка Коморских островов","many":"франков Коморских островов","other":"франка Коморских островов"},"symbolNarrow":"CF"},"KPW":{"name":"Северокорейская вона","pluralName":{"one":"северокорейская вона","few":"северокорейские воны","many":"северокорейских вон","other":"северокорейской воны"},"symbolNarrow":"₩"},"KRH":{"name":"KRH"},"KRO":{"name":"KRO"},"KRW":{"symbol":"₩","name":"Южнокорейская вона","pluralName":{"one":"южнокорейская вона","few":"южнокорейские воны","many":"южнокорейских вон","other":"южнокорейской воны"},"symbolNarrow":"₩"},"KWD":{"name":"Кувейтский динар","pluralName":{"one":"кувейтский динар","few":"кувейтских динара","many":"кувейтских динаров","other":"кувейтского динара"}},"KYD":{"name":"Доллар Каймановых островов","pluralName":{"one":"доллар Каймановых островов","few":"доллара Каймановых островов","many":"долларов Каймановых островов","other":"доллара Каймановых островов"},"symbolNarrow":"$"},"KZT":{"name":"Казахский тенге","pluralName":{"one":"казахский тенге","few":"казахских тенге","many":"казахских тенге","other":"казахского тенге"},"symbolNarrow":"₸"},"LAK":{"name":"Лаосский кип","pluralName":{"one":"лаосский кип","few":"лаосских кипа","many":"лаосских кипов","other":"лаосского кипа"},"symbolNarrow":"₭"},"LBP":{"name":"Ливанский фунт","pluralName":{"one":"ливанский фунт","few":"ливанских фунта","many":"ливанских фунтов","other":"ливанского фунта"},"symbolNarrow":"L£"},"LKR":{"name":"Шри-Ланкийская рупия","pluralName":{"one":"шри-ланкийская рупия","few":"шри-ланкийские рупии","many":"шри-ланкийских рупий","other":"шри-ланкийской рупии"},"symbolNarrow":"Rs"},"LRD":{"name":"Либерийский доллар","pluralName":{"one":"либерийский доллар","few":"либерийских доллара","many":"либерийских долларов","other":"либерийского доллара"},"symbolNarrow":"$"},"LSL":{"name":"Лоти"},"LTL":{"name":"Литовский лит","pluralName":{"one":"литовский лит","few":"литовских лита","many":"литовских литов","other":"литовского лита"},"symbolNarrow":"Lt"},"LTT":{"name":"Литовский талон"},"LUC":{"name":"Конвертируемый франк Люксембурга"},"LUF":{"name":"Люксембургский франк"},"LUL":{"name":"Финансовый франк Люксембурга"},"LVL":{"name":"Латвийский лат","pluralName":{"one":"латвийский лат","few":"латвийских лата","many":"латвийских латов","other":"латвийского лата"},"symbolNarrow":"Ls"},"LVR":{"name":"Латвийский рубль"},"LYD":{"name":"Ливийский динар","pluralName":{"one":"ливийский динар","few":"ливийских динара","many":"ливийских динаров","other":"ливийского динара"}},"MAD":{"name":"Марокканский дирхам","pluralName":{"one":"марокканский дирхам","few":"марокканских дирхама","many":"марокканских дирхамов","other":"марокканского дирхама"}},"MAF":{"name":"Марокканский франк"},"MCF":{"name":"MCF"},"MDC":{"name":"MDC"},"MDL":{"name":"Молдавский лей","pluralName":{"one":"молдавский лей","few":"молдавских лея","many":"молдавских леев","other":"молдавского лея"}},"MGA":{"name":"Малагасийский ариари","pluralName":{"one":"малагасийский ариари","few":"малагасийских ариари","many":"малагасийских ариари","other":"малагасийского ариари"},"symbolNarrow":"Ar"},"MGF":{"name":"Малагасийский франк"},"MKD":{"name":"Македонский динар","pluralName":{"one":"македонский динар","few":"македонских динара","many":"македонских динаров","other":"македонского динара"}},"MKN":{"name":"MKN"},"MLF":{"name":"Малийский франк"},"MMK":{"name":"Мьянманский кьят","pluralName":{"one":"мьянманский кьят","few":"мьянманских кьята","many":"мьянманских кьятов","other":"мьянманского кьята"},"symbolNarrow":"K"},"MNT":{"name":"Монгольский тугрик","pluralName":{"one":"монгольский тугрик","few":"монгольских тугрика","many":"монгольских тугриков","other":"монгольского тугрика"},"symbolNarrow":"₮"},"MOP":{"name":"Патака Макао","pluralName":{"one":"патака Макао","few":"патаки Макао","many":"патак Макао","other":"патаки Макао"}},"MRO":{"name":"Мавританская угия","pluralName":{"one":"мавританская угия","few":"мавританские угии","many":"мавританских угий","other":"мавританской угии"}},"MTL":{"name":"Мальтийская лира"},"MTP":{"name":"Мальтийский фунт"},"MUR":{"name":"Маврикийская рупия","pluralName":{"one":"маврикийская рупия","few":"маврикийские рупии","many":"маврикийских рупий","other":"маврикийской рупии"},"symbolNarrow":"Rs"},"MVR":{"name":"Мальдивская руфия","pluralName":{"one":"мальдивская руфия","few":"мальдивские руфии","many":"мальдивских руфий","other":"мальдивской руфии"}},"MWK":{"name":"Малавийская квача","pluralName":{"one":"малавийская квача","few":"малавийские квачи","many":"малавийских квач","other":"малавийской квачи"}},"MXN":{"symbol":"MX$","name":"Мексиканское песо","pluralName":{"one":"мексиканское песо","few":"мексиканских песо","many":"мексиканских песо","other":"мексиканского песо"},"symbolNarrow":"$"},"MXP":{"name":"Мексиканское серебряное песо (1861–1992)"},"MXV":{"name":"Мексиканская пересчетная единица (UDI)"},"MYR":{"name":"Малайзийский ринггит","pluralName":{"one":"малайзийский ринггит","few":"малайзийских ринггита","many":"малайзийских ринггитов","other":"малайзийского ринггита"},"symbolNarrow":"RM"},"MZE":{"name":"Мозамбикское эскудо"},"MZM":{"name":"Старый мозамбикский метикал"},"MZN":{"name":"Мозамбикский метикал","pluralName":{"one":"мозамбикский метикал","few":"мозамбикских метикала","many":"мозамбикских метикалов","other":"мозамбикского метикала"}},"NAD":{"name":"Доллар Намибии","pluralName":{"one":"доллар Намибии","few":"доллара Намибии","many":"долларов Намибии","other":"доллара Намибии"},"symbolNarrow":"$"},"NGN":{"name":"Нигерийская найра","pluralName":{"one":"нигерийская найра","few":"нигерийские найры","many":"нигерийских найр","other":"нигерийской найры"},"symbolNarrow":"₦"},"NIC":{"name":"Никарагуанская кордоба (1988–1991)"},"NIO":{"name":"Никарагуанская кордоба","pluralName":{"one":"никарагуанская кордоба","few":"никарагуанские кордобы","many":"никарагуанских кордоб","other":"никарагуанской кордобы"},"symbolNarrow":"C$"},"NLG":{"name":"Нидерландский гульден"},"NOK":{"name":"Норвежская крона","pluralName":{"one":"норвежская крона","few":"норвежские кроны","many":"норвежских крон","other":"норвежской кроны"},"symbolNarrow":"kr"},"NPR":{"name":"Непальская рупия","pluralName":{"one":"непальская рупия","few":"непальские рупии","many":"непальских рупий","other":"непальской рупии"},"symbolNarrow":"Rs"},"NZD":{"symbol":"NZ$","name":"Новозеландский доллар","pluralName":{"one":"новозеландский доллар","few":"новозеландских доллара","many":"новозеландских долларов","other":"новозеландского доллара"},"symbolNarrow":"$"},"OMR":{"name":"Оманский риал","pluralName":{"one":"оманский риал","few":"оманских риала","many":"оманских риалов","other":"оманского риала"}},"PAB":{"name":"Панамское бальбоа","pluralName":{"one":"панамский бальбоа","few":"панамских бальбоа","many":"панамских бальбоа","other":"панамского бальбоа"}},"PEI":{"name":"Перуанское инти"},"PEN":{"name":"Перуанский новый соль","pluralName":{"one":"перуанский новый соль","few":"перуанских новых соля","many":"перуанских новый солей","other":"перуанского нового соля"}},"PES":{"name":"Перуанский соль"},"PGK":{"name":"Кина Папуа — Новой Гвинеи","pluralName":{"one":"кина Папуа — Новой Гвинеи","few":"кины Папуа — Новой Гвинеи","many":"кин Папуа — Новой Гвинеи","other":"кины Папуа — Новой Гвинеи"}},"PHP":{"name":"Филиппинское песо","pluralName":{"one":"филиппинское песо","few":"филиппинских песо","many":"филиппинских песо","other":"филиппинского песо"},"symbolNarrow":"₱"},"PKR":{"name":"Пакистанская рупия","pluralName":{"one":"пакистанская рупия","few":"пакистанские рупии","many":"пакистанских рупий","other":"пакистанской рупии"},"symbolNarrow":"Rs"},"PLN":{"name":"Польский злотый","pluralName":{"one":"польский злотый","few":"польских злотых","many":"польских злотых","other":"польского злотого"},"symbolNarrow":"zł"},"PLZ":{"name":"Злотый"},"PTE":{"name":"Португальское эскудо"},"PYG":{"name":"Парагвайский гуарани","pluralName":{"one":"парагвайский гуарани","few":"парагвайских гуарани","many":"парагвайских гуарани","other":"парагвайского гуарани"},"symbolNarrow":"₲"},"QAR":{"name":"Катарский риал","pluralName":{"one":"катарский риал","few":"катарских риала","many":"катарских риалов","other":"катарского риала"}},"RHD":{"name":"Родезийский доллар"},"ROL":{"name":"Старый Румынский лей"},"RON":{"name":"Румынский лей","pluralName":{"one":"румынский лей","few":"румынских лея","many":"румынских леев","other":"румынского лея"}},"RSD":{"name":"Сербский динар","pluralName":{"one":"сербский динар","few":"сербских динара","many":"сербских динаров","other":"сербского динара"}},"RUB":{"symbol":"руб.","name":"Российский рубль","pluralName":{"one":"российский рубль","few":"российских рубля","many":"российских рублей","other":"российского рубля"},"symbolAlt":"₽"},"RUR":{"symbol":"р.","name":"Российский рубль (1991–1998)","symbolNarrow":"р."},"RWF":{"name":"Франк Руанды","pluralName":{"one":"франк Руанды","few":"франка Руанды","many":"франков Руанды","other":"франка Руанды"},"symbolNarrow":"RF"},"SAR":{"name":"Саудовский риал","pluralName":{"one":"саудовский риал","few":"саудовских риала","many":"саудовских риалов","other":"саудовского риала"}},"SBD":{"name":"Доллар Соломоновых островов","pluralName":{"one":"доллар Соломоновых островов","few":"доллара Соломоновых островов","many":"долларов Соломоновых островов","other":"доллара Соломоновых островов"},"symbolNarrow":"$"},"SCR":{"name":"Сейшельская рупия","pluralName":{"one":"сейшельская рупия","few":"сейшельские рупии","many":"сейшельских рупий","other":"сейшельской рупии"}},"SDD":{"name":"Суданский динар"},"SDG":{"name":"Суданский фунт","pluralName":{"one":"суданский фунт","few":"суданских фунта","many":"суданских фунтов","other":"суданского фунта"}},"SDP":{"name":"Старый суданский фунт"},"SEK":{"name":"Шведская крона","pluralName":{"one":"шведская крона","few":"шведские кроны","many":"шведских крон","other":"шведской кроны"},"symbolNarrow":"kr"},"SGD":{"name":"Сингапурский доллар","pluralName":{"one":"сингапурский доллар","few":"сингапурских доллара","many":"сингапурских долларов","other":"сингапурского доллара"},"symbolNarrow":"$"},"SHP":{"name":"Фунт острова Святой Елены","pluralName":{"one":"фунт острова Святой Елены","few":"фунта острова Святой Елены","many":"фунтов острова Святой Елены","other":"фунта острова Святой Елены"},"symbolNarrow":"£"},"SIT":{"name":"Словенский толар"},"SKK":{"name":"Словацкая крона"},"SLL":{"name":"Леоне","pluralName":{"one":"леоне","few":"леоне","many":"леоне","other":"леоне"}},"SOS":{"name":"Сомалийский шиллинг","pluralName":{"one":"сомалийский шиллинг","few":"сомалийских шиллинга","many":"сомалийских шиллингов","other":"сомалийского шиллинга"}},"SRD":{"name":"Суринамский доллар","pluralName":{"one":"суринамский доллар","few":"суринамских доллара","many":"суринамских долларов","other":"суринамского доллара"},"symbolNarrow":"$"},"SRG":{"name":"Суринамский гульден"},"SSP":{"name":"Южносуданский фунт","pluralName":{"one":"южносуданский фунт","few":"южносуданских фунта","many":"южносуданских фунтов","other":"южносуданского фунта"},"symbolNarrow":"£"},"STD":{"name":"Добра Сант-Томе и Принсипи","pluralName":{"one":"добра Сан-Томе и Принсипи","few":"добры Сан-Томе и Принсипи","many":"добр Сан-Томе и Принсипи","other":"добры Сан-Томе и Принсипи"},"symbolNarrow":"Db"},"SUR":{"name":"Рубль СССР"},"SVC":{"name":"Сальвадорский колон"},"SYP":{"name":"Сирийский фунт","pluralName":{"one":"сирийский фунт","few":"сирийских фунта","many":"сирийских фунтов","other":"сирийского фунта"},"symbolNarrow":"£"},"SZL":{"name":"Свазилендский лилангени","pluralName":{"one":"свазилендский лилангени","few":"свазилендских эмалангени","many":"свазилендских лилангени","other":"свазилендского лилангени"}},"THB":{"symbol":"฿","name":"Таиландский бат","pluralName":{"one":"таиландский бат","few":"таиландских бата","many":"таиландских батов","other":"таиландского бата"},"symbolNarrow":"฿"},"TJR":{"name":"Таджикский рубль"},"TJS":{"name":"Таджикский сомони","pluralName":{"one":"таджикский сомони","few":"таджикских сомони","many":"таджикских сомони","other":"таджикского сомони"}},"TMM":{"name":"Туркменский манат"},"TMT":{"symbol":"ТМТ","name":"Туркменский новый манат","pluralName":{"one":"туркменский новый манат","few":"туркменских новых маната","many":"туркменских новых манатов","other":"туркменского нового маната"}},"TND":{"name":"Тунисский динар","pluralName":{"one":"тунисский динар","few":"тунисских динара","many":"тунисских динаров","other":"тунисского динара"}},"TOP":{"name":"Тонганская паанга","pluralName":{"one":"тонганская паанга","few":"тонганских паанги","many":"тонганских паанг","other":"тонганской паанги"},"symbolNarrow":"T$"},"TPE":{"name":"Тиморское эскудо"},"TRL":{"name":"Турецкая лира (1922–2005)","pluralName":{"one":"турецкая лира (1922–2005)","few":"турецкие лиры (1922–2005)","many":"турецких лир (1922–2005)","other":"турецкой лиры (1922–2005)"}},"TRY":{"name":"Турецкая лира","pluralName":{"one":"новая турецкая лира","few":"турецкие лиры","many":"турецких лир","other":"турецкой лиры"},"symbolNarrow":"₺","symbolAlt":"TL"},"TTD":{"name":"Доллар Тринидада и Тобаго","pluralName":{"one":"доллар Тринидада и Тобаго","few":"доллара Тринидада и Тобаго","many":"долларов Тринидада и Тобаго","other":"доллара Тринидада и Тобаго"},"symbolNarrow":"$"},"TWD":{"symbol":"NT$","name":"Новый тайваньский доллар","pluralName":{"one":"новый тайваньский доллар","few":"новых тайваньских доллара","many":"новых тайваньских долларов","other":"нового тайваньского доллара"},"symbolNarrow":"NT$"},"TZS":{"name":"Танзанийский шиллинг","pluralName":{"one":"танзанийский шиллинг","few":"танзанийских шиллинга","many":"танзанийских шиллингов","other":"танзанийского шиллинга"}},"UAH":{"symbol":"₴","name":"Украинская гривна","pluralName":{"one":"украинская гривна","few":"украинские гривны","many":"украинских гривен","other":"украинской гривны"},"symbolNarrow":"₴"},"UAK":{"name":"Карбованец (украинский)"},"UGS":{"name":"Старый угандийский шиллинг"},"UGX":{"name":"Угандийский шиллинг","pluralName":{"one":"угандийский шиллинг","few":"угандийских шиллинга","many":"угандийских шиллингов","other":"угандийского шиллинга"}},"USD":{"symbol":"$","name":"Доллар США","pluralName":{"one":"доллар США","few":"доллара США","many":"долларов США","other":"доллара США"},"symbolNarrow":"$"},"USN":{"name":"Доллар США следующего дня"},"USS":{"name":"Доллар США текущего дня"},"UYI":{"name":"Уругвайский песо (индекс инфляции)"},"UYP":{"name":"Уругвайское старое песо (1975–1993)"},"UYU":{"name":"Уругвайское песо","pluralName":{"one":"уругвайское песо","few":"уругвайских песо","many":"уругвайских песо","other":"уругвайского песо"},"symbolNarrow":"$"},"UZS":{"name":"Узбекский сум","pluralName":{"one":"узбекский сум","few":"узбекских сума","many":"узбекских сумов","other":"узбекского сума"}},"VEB":{"name":"Венесуэльский боливар (1871–2008)"},"VEF":{"name":"Венесуэльский боливар","pluralName":{"one":"венесуэльский боливар","few":"венесуэльских боливара","many":"венесуэльских боливара","other":"венесуэльского боливара"},"symbolNarrow":"Bs"},"VND":{"symbol":"₫","name":"Вьетнамский донг","pluralName":{"one":"вьетнамский донг","few":"вьетнамских донга","many":"вьетнамских донгов","other":"вьетнамского донга"},"symbolNarrow":"₫"},"VNN":{"name":"VNN"},"VUV":{"name":"Вату Вануату","pluralName":{"one":"вату Вануату","few":"вату Вануату","many":"вату Вануату","other":"вату Вануату"}},"WST":{"name":"Самоанская тала","pluralName":{"one":"самоанская тала","few":"самоанских талы","many":"самоанских тал","other":"самоанской талы"}},"XAF":{"symbol":"FCFA","name":"Франк КФА ВЕАС","pluralName":{"one":"франк КФА ВЕАС","few":"франка КФА ВЕАС","many":"франков КФА ВЕАС","other":"франка КФА ВЕАС"}},"XAG":{"name":"Серебро"},"XAU":{"name":"Золото"},"XBA":{"name":"Европейская составная единица"},"XBB":{"name":"Европейская денежная единица"},"XBC":{"name":"расчетная единица европейского валютного соглашения (XBC)"},"XBD":{"name":"расчетная единица европейского валютного соглашения (XBD)"},"XCD":{"symbol":"EC$","name":"Восточно-карибский доллар","pluralName":{"one":"восточно-карибский доллар","few":"восточно-карибских доллара","many":"восточно-карибских доллара","other":"восточно-карибского доллара"},"symbolNarrow":"$"},"XDR":{"name":"СДР (специальные права заимствования)"},"XEU":{"name":"ЭКЮ (единица европейской валюты)"},"XFO":{"name":"Французский золотой франк"},"XFU":{"name":"Французский UIC-франк"},"XOF":{"symbol":"CFA","name":"Франк КФА ВСЕАО","pluralName":{"one":"франк КФА ВСЕА","few":"франка КФА ВСЕА","many":"франков КФА ВСЕА","other":"франка КФА ВСЕА"}},"XPD":{"name":"Палладий"},"XPF":{"symbol":"CFPF","name":"Французский тихоокеанский франк","pluralName":{"one":"французский тихоокеанский франк","few":"французских тихоокеанских франка","many":"французских тихоокеанских франков","other":"французского тихоокеанского франка"}},"XPT":{"name":"Платина"},"XRE":{"name":"единица RINET-фондов"},"XSU":{"name":"XSU"},"XTS":{"name":"тестовый валютный код"},"XUA":{"name":"XUA"},"XXX":{"symbol":"XXXX","name":"Неизвестная или недействительная валюта","pluralName":{"one":"неизвестная или недействительная валюта","few":"неизвестная или недействительная валюта","many":"неизвестная или недействительная валюта","other":"неизвестная или недействительная валюта"}},"YDD":{"name":"Йеменский динар"},"YER":{"name":"Йеменский риал","pluralName":{"one":"йеменский риал","few":"йеменских риала","many":"йеменских риалов","other":"йеменского риала"}},"YUD":{"name":"Югославский твердый динар"},"YUM":{"name":"Югославский новый динар"},"YUN":{"name":"Югославский динар"},"YUR":{"name":"YUR"},"ZAL":{"name":"Южноафриканский рэнд (финансовый)"},"ZAR":{"name":"Южноафриканский рэнд","pluralName":{"one":"южноафриканский рэнд","few":"южноафриканских рэнда","many":"южноафриканских рэндов","other":"южноафриканского рэнда"},"symbolNarrow":"R"},"ZMK":{"name":"Квача (замбийская) (1968–2012)","pluralName":{"one":"замбийская квача (1968–2012)","few":"замбийские квачи (1968–2012)","many":"замбийских квач (1968–2012)","other":"замбийской квачи (1968–2012)"}},"ZMW":{"name":"Замбийская квача","pluralName":{"one":"замбийская квача","few":"замбийские квачи","many":"замбийских квач","other":"замбийской квачи"},"symbolNarrow":"ZK"},"ZRN":{"name":"Новый заир"},"ZRZ":{"name":"Заир"},"ZWD":{"name":"Доллар Зимбабве"},"ZWL":{"name":"Доллар Зимбабве (2009)"},"ZWR":{"name":"ZWR"},"ALK":{"name":"Albanian Lek (1946–1965)","pluralName":{"one":"Albanian lek (1946–1965)","other":"Albanian lekë (1946–1965)"}},"CNX":{"name":"Chinese People’s Bank Dollar","pluralName":{"one":"Chinese People’s Bank dollar","other":"Chinese People’s Bank dollars"}},"ILR":{"name":"Israeli Sheqel (1980–1985)","pluralName":{"one":"Israeli sheqel (1980–1985)","other":"Israeli sheqels (1980–1985)"}},"ISJ":{"name":"Icelandic Króna (1918–1981)","pluralName":{"one":"Icelandic króna (1918–1981)","other":"Icelandic krónur (1918–1981)"}},"MVP":{"name":"Maldivian Rupee (1947–1981)","pluralName":{"one":"Maldivian rupee (1947–1981)","other":"Maldivian rupees (1947–1981)"}}}