{"era":{"displayName":"Эра"},"year":{"displayName":"Год","relative-type--1":"в прошлом году","relative-type-0":"в этому году","relative-type-1":"в следующем году","relativeTime-type-future":{"relativeTimePattern-count-one":"через {0} год","relativeTimePattern-count-few":"через {0} года","relativeTimePattern-count-many":"через {0} лет","relativeTimePattern-count-other":"через {0} года"},"relativeTime-type-past":{"relativeTimePattern-count-one":"{0} год назад","relativeTimePattern-count-few":"{0} года назад","relativeTimePattern-count-many":"{0} лет назад","relativeTimePattern-count-other":"{0} года назад"}},"year-short":{"displayName":"г.","relative-type--1":"в прошлом году","relative-type-0":"в этому году","relative-type-1":"в следующем году","relativeTime-type-future":{"relativeTimePattern-count-one":"через {0} г.","relativeTimePattern-count-few":"через {0} г.","relativeTimePattern-count-many":"через {0} л.","relativeTimePattern-count-other":"через {0} г."},"relativeTime-type-past":{"relativeTimePattern-count-one":"{0} г. назад","relativeTimePattern-count-few":"{0} г. назад","relativeTimePattern-count-many":"{0} л. назад","relativeTimePattern-count-other":"{0} г. назад"}},"year-narrow":{"displayName":"г.","relative-type--1":"в прошлом году","relative-type-0":"в этому году","relative-type-1":"в следующем году","relativeTime-type-future":{"relativeTimePattern-count-one":"+{0} г.","relativeTimePattern-count-few":"+{0} г.","relativeTimePattern-count-many":"+{0} л.","relativeTimePattern-count-other":"+{0} г."},"relativeTime-type-past":{"relativeTimePattern-count-one":"-{0} г.","relativeTimePattern-count-few":"-{0} г.","relativeTimePattern-count-many":"-{0} л.","relativeTimePattern-count-other":"-{0} г."}},"quarter":{"displayName":"Квартал","relative-type--1":"last quarter","relative-type-0":"this quarter","relative-type-1":"next quarter","relativeTime-type-future":{"relativeTimePattern-count-one":"через {0} квартал","relativeTimePattern-count-few":"через {0} квартала","relativeTimePattern-count-many":"через {0} кварталов","relativeTimePattern-count-other":"через {0} квартала"},"relativeTime-type-past":{"relativeTimePattern-count-one":"{0} квартал назад","relativeTimePattern-count-few":"{0} квартала назад","relativeTimePattern-count-many":"{0} кварталов назад","relativeTimePattern-count-other":"{0} квартала назад"}},"quarter-short":{"displayName":"кв.","relative-type--1":"last quarter","relative-type-0":"this quarter","relative-type-1":"next quarter","relativeTime-type-future":{"relativeTimePattern-count-one":"через {0} кв.","relativeTimePattern-count-few":"через {0} кв.","relativeTimePattern-count-many":"через {0} кв.","relativeTimePattern-count-other":"через {0} кв."},"relativeTime-type-past":{"relativeTimePattern-count-one":"{0} кв. назад","relativeTimePattern-count-few":"{0} кв. назад","relativeTimePattern-count-many":"{0} кв. назад","relativeTimePattern-count-other":"{0} кв. назад"}},"quarter-narrow":{"displayName":"кв.","relative-type--1":"last quarter","relative-type-0":"this quarter","relative-type-1":"next quarter","relativeTime-type-future":{"relativeTimePattern-count-one":"+{0} кв.","relativeTimePattern-count-few":"+{0} кв.","relativeTimePattern-count-many":"+{0} кв.","relativeTimePattern-count-other":"+{0} кв."},"relativeTime-type-past":{"relativeTimePattern-count-one":"-{0} кв.","relativeTimePattern-count-few":"-{0} кв.","relativeTimePattern-count-many":"-{0} кв.","relativeTimePattern-count-other":"-{0} кв."}},"month":{"displayName":"Месяц","relative-type--1":"в прошлом месяце","relative-type-0":"в этом месяце","relative-type-1":"в следующем месяце","relativeTime-type-future":{"relativeTimePattern-count-one":"через {0} месяц","relativeTimePattern-count-few":"через {0} месяца","relativeTimePattern-count-many":"через {0} месяцев","relativeTimePattern-count-other":"через {0} месяца"},"relativeTime-type-past":{"relativeTimePattern-count-one":"{0} месяц назад","relativeTimePattern-count-few":"{0} месяца назад","relativeTimePattern-count-many":"{0} месяцев назад","relativeTimePattern-count-other":"{0} месяца назад"}},"month-short":{"displayName":"мес.","relative-type--1":"в прошлом месяце","relative-type-0":"в этом месяце","relative-type-1":"в следующем месяце","relativeTime-type-future":{"relativeTimePattern-count-one":"через {0} мес.","relativeTimePattern-count-few":"через {0} мес.","relativeTimePattern-count-many":"через {0} мес.","relativeTimePattern-count-other":"через {0} мес."},"relativeTime-type-past":{"relativeTimePattern-count-one":"{0} мес. назад","relativeTimePattern-count-few":"{0} мес. назад","relativeTimePattern-count-many":"{0} мес. назад","relativeTimePattern-count-other":"{0} мес. назад"}},"month-narrow":{"displayName":"мес.","relative-type--1":"в прошлом месяце","relative-type-0":"в этом месяце","relative-type-1":"в следующем месяце","relativeTime-type-future":{"relativeTimePattern-count-one":"+{0} мес.","relativeTimePattern-count-few":"+{0} мес.","relativeTimePattern-count-many":"+{0} мес.","relativeTimePattern-count-other":"+{0} мес."},"relativeTime-type-past":{"relativeTimePattern-count-one":"-{0} мес.","relativeTimePattern-count-few":"-{0} мес.","relativeTimePattern-count-many":"-{0} мес.","relativeTimePattern-count-other":"-{0} мес."}},"week":{"displayName":"Неделя","relative-type--1":"на прошлой неделе","relative-type-0":"на этой неделе","relative-type-1":"на следующей неделе","relativeTime-type-future":{"relativeTimePattern-count-one":"через {0} неделю","relativeTimePattern-count-few":"через {0} недели","relativeTimePattern-count-many":"через {0} недель","relativeTimePattern-count-other":"через {0} недели"},"relativeTime-type-past":{"relativeTimePattern-count-one":"{0} неделю назад","relativeTimePattern-count-few":"{0} недели назад","relativeTimePattern-count-many":"{0} недель назад","relativeTimePattern-count-other":"{0} недели назад"}},"week-short":{"displayName":"нед.","relative-type--1":"на прошлой неделе","relative-type-0":"на этой неделе","relative-type-1":"на следующей неделе","relativeTime-type-future":{"relativeTimePattern-count-one":"через {0} нед.","relativeTimePattern-count-few":"через {0} нед.","relativeTimePattern-count-many":"через {0} нед.","relativeTimePattern-count-other":"через {0} нед."},"relativeTime-type-past":{"relativeTimePattern-count-one":"{0} нед. назад","relativeTimePattern-count-few":"{0} нед. назад","relativeTimePattern-count-many":"{0} нед. назад","relativeTimePattern-count-other":"{0} нед. назад"}},"week-narrow":{"displayName":"нед.","relative-type--1":"на прошлой неделе","relative-type-0":"на этой неделе","relative-type-1":"на следующей неделе","relativeTime-type-future":{"relativeTimePattern-count-one":"+{0} нед.","relativeTimePattern-count-few":"+{0} нед.","relativeTimePattern-count-many":"+{0} нед.","relativeTimePattern-count-other":"+{0} нед."},"relativeTime-type-past":{"relativeTimePattern-count-one":"{0} нед. назад","relativeTimePattern-count-few":"{0} нед. назад","relativeTimePattern-count-many":"{0} нед. назад","relativeTimePattern-count-other":"{0} нед. назад"}},"day":{"displayName":"День","relative-type--1":"вчера","relative-type--2":"позавчера","relative-type-0":"сегодня","relative-type-1":"завтра","relative-type-2":"послезавтра","relativeTime-type-future":{"relativeTimePattern-count-one":"через {0} день","relativeTimePattern-count-few":"через {0} дня","relativeTimePattern-count-many":"через {0} дней","relativeTimePattern-count-other":"через {0} дней"},"relativeTime-type-past":{"relativeTimePattern-count-one":"{0} день назад","relativeTimePattern-count-few":"{0} дня назад","relativeTimePattern-count-many":"{0} дней назад","relativeTimePattern-count-other":"{0} дня назад"}},"day-short":{"displayName":"дн.","relative-type--1":"вчера","relative-type--2":"позавчера","relative-type-0":"сегодня","relative-type-1":"завтра","relative-type-2":"послезавтра","relativeTime-type-future":{"relativeTimePattern-count-one":"через {0} д.","relativeTimePattern-count-few":"через {0} д.","relativeTimePattern-count-many":"через {0} д.","relativeTimePattern-count-other":"через {0} д."},"relativeTime-type-past":{"relativeTimePattern-count-one":"{0} д. назад","relativeTimePattern-count-few":"{0} д. назад","relativeTimePattern-count-many":"{0} д. назад","relativeTimePattern-count-other":"{0} д. назад"}},"day-narrow":{"displayName":"дн.","relative-type--1":"вчера","relative-type--2":"позавчера","relative-type-0":"сегодня","relative-type-1":"завтра","relative-type-2":"послезавтра","relativeTime-type-future":{"relativeTimePattern-count-one":"+{0} д.","relativeTimePattern-count-few":"+{0} д.","relativeTimePattern-count-many":"+{0} д.","relativeTimePattern-count-other":"+{0} д."},"relativeTime-type-past":{"relativeTimePattern-count-one":"-{0} д.","relativeTimePattern-count-few":"-{0} д.","relativeTimePattern-count-many":"-{0} д.","relativeTimePattern-count-other":"-{0} д."}},"weekday":{"displayName":"День недели"},"sun":{"relative-type--1":"в прошлое воскресенье","relative-type-0":"в это воскресенье","relative-type-1":"в следующее воскресенье"},"sun-short":{"relative-type--1":"в прош. вс.","relative-type-0":"в это вс.","relative-type-1":"в след. вс."},"sun-narrow":{"relative-type--1":"в прош. вс.","relative-type-0":"в это вс.","relative-type-1":"в след. вс."},"mon":{"relative-type--1":"в прошлый понедельник","relative-type-0":"в этот понедельник","relative-type-1":"в следующий понедельник"},"mon-short":{"relative-type--1":"в прош. пн.","relative-type-0":"в этот пн.","relative-type-1":"в след. пн."},"mon-narrow":{"relative-type--1":"в прош. пн.","relative-type-0":"в этот пн.","relative-type-1":"в след. пн."},"tue":{"relative-type--1":"в прошлый вторник","relative-type-0":"в этот вторник","relative-type-1":"в следующий вторник"},"tue-short":{"relative-type--1":"в прош. вт.","relative-type-0":"в этот вт.","relative-type-1":"в след. вт."},"tue-narrow":{"relative-type--1":"в прош. вт.","relative-type-0":"в этот вт.","relative-type-1":"в след. вт."},"wed":{"relative-type--1":"в прошлую среду","relative-type-0":"в эту среду","relative-type-1":"в следующую среду"},"wed-short":{"relative-type--1":"в прош. ср.","relative-type-0":"в эту ср.","relative-type-1":"в след. ср."},"wed-narrow":{"relative-type--1":"в прош. ср.","relative-type-0":"в эту ср.","relative-type-1":"в след. ср."},"thu":{"relative-type--1":"в прошлый четверг","relative-type-0":"в этот четверг","relative-type-1":"в следующий четверг"},"thu-short":{"relative-type--1":"в прош. чт.","relative-type-0":"в этот чт.","relative-type-1":"в след. чт."},"thu-narrow":{"relative-type--1":"в прош. чт.","relative-type-0":"в этот чт.","relative-type-1":"в след. чт."},"fri":{"relative-type--1":"в прошлую пятницу","relative-type-0":"в эту пятницу","relative-type-1":"в следующую пятницу"},"fri-short":{"relative-type--1":"в прош. пт.","relative-type-0":"в эту пт.","relative-type-1":"в след. пт."},"fri-narrow":{"relative-type--1":"в прош. пт.","relative-type-0":"в эту пт.","relative-type-1":"в след. пт."},"sat":{"relative-type--1":"в прошлую субботу","relative-type-0":"в эту субботу","relative-type-1":"в следующую субботу"},"sat-short":{"relative-type--1":"в прош. сб.","relative-type-0":"в эту сб.","relative-type-1":"в след. сб."},"sat-narrow":{"relative-type--1":"в прош. сб.","relative-type-0":"в эту сб.","relative-type-1":"в след. сб."},"dayperiod":{"displayName":"ДП/ПП"},"hour":{"displayName":"Час","relativeTime-type-future":{"relativeTimePattern-count-one":"через {0} час","relativeTimePattern-count-few":"через {0} часа","relativeTimePattern-count-many":"через {0} часов","relativeTimePattern-count-other":"через {0} часа"},"relativeTime-type-past":{"relativeTimePattern-count-one":"{0} час назад","relativeTimePattern-count-few":"{0} часа назад","relativeTimePattern-count-many":"{0} часов назад","relativeTimePattern-count-other":"{0} часа назад"}},"hour-short":{"displayName":"ч.","relativeTime-type-future":{"relativeTimePattern-count-one":"через {0} ч.","relativeTimePattern-count-few":"через {0} ч.","relativeTimePattern-count-many":"через {0} ч.","relativeTimePattern-count-other":"через {0} ч."},"relativeTime-type-past":{"relativeTimePattern-count-one":"{0} ч. назад","relativeTimePattern-count-few":"{0} ч. назад","relativeTimePattern-count-many":"{0} ч. назад","relativeTimePattern-count-other":"{0} ч. назад"}},"hour-narrow":{"displayName":"ч.","relativeTime-type-future":{"relativeTimePattern-count-one":"+{0} ч.","relativeTimePattern-count-few":"+{0} ч.","relativeTimePattern-count-many":"+{0} ч.","relativeTimePattern-count-other":"+{0} ч."},"relativeTime-type-past":{"relativeTimePattern-count-one":"-{0} ч.","relativeTimePattern-count-few":"-{0} ч.","relativeTimePattern-count-many":"-{0} ч.","relativeTimePattern-count-other":"-{0} ч."}},"minute":{"displayName":"Минута","relativeTime-type-future":{"relativeTimePattern-count-one":"через {0} минуту","relativeTimePattern-count-few":"через {0} минуты","relativeTimePattern-count-many":"через {0} минут","relativeTimePattern-count-other":"через {0} минуты"},"relativeTime-type-past":{"relativeTimePattern-count-one":"{0} минуту назад","relativeTimePattern-count-few":"{0} минуты назад","relativeTimePattern-count-many":"{0} минут назад","relativeTimePattern-count-other":"{0} минуты назад"}},"minute-short":{"displayName":"мин.","relativeTime-type-future":{"relativeTimePattern-count-one":"через {0} мин.","relativeTimePattern-count-few":"через {0} мин.","relativeTimePattern-count-many":"через {0} мин.","relativeTimePattern-count-other":"через {0} мин."},"relativeTime-type-past":{"relativeTimePattern-count-one":"{0} мин. назад","relativeTimePattern-count-few":"{0} мин. назад","relativeTimePattern-count-many":"{0} мин. назад","relativeTimePattern-count-other":"{0} мин. назад"}},"minute-narrow":{"displayName":"мин.","relativeTime-type-future":{"relativeTimePattern-count-one":"+{0} мин.","relativeTimePattern-count-few":"+{0} мин.","relativeTimePattern-count-many":"+{0} мин.","relativeTimePattern-count-other":"+{0} мин."},"relativeTime-type-past":{"relativeTimePattern-count-one":"-{0} мин.","relativeTimePattern-count-few":"-{0} мин.","relativeTimePattern-count-many":"-{0} мин.","relativeTimePattern-count-other":"-{0} мин."}},"second":{"displayName":"Секунда","relative-type-0":"сейчас","relativeTime-type-future":{"relativeTimePattern-count-one":"через {0} секунду","relativeTimePattern-count-few":"через {0} секунды","relativeTimePattern-count-many":"через {0} секунд","relativeTimePattern-count-other":"через {0} секунды"},"relativeTime-type-past":{"relativeTimePattern-count-one":"{0} секунду назад","relativeTimePattern-count-few":"{0} секунды назад","relativeTimePattern-count-many":"{0} секунд назад","relativeTimePattern-count-other":"{0} секунды назад"}},"second-short":{"displayName":"сек.","relative-type-0":"сейчас","relativeTime-type-future":{"relativeTimePattern-count-one":"через {0} сек.","relativeTimePattern-count-few":"через {0} сек.","relativeTimePattern-count-many":"через {0} сек.","relativeTimePattern-count-other":"через {0} сек."},"relativeTime-type-past":{"relativeTimePattern-count-one":"{0} сек. назад","relativeTimePattern-count-few":"{0} сек. назад","relativeTimePattern-count-many":"{0} сек. назад","relativeTimePattern-count-other":"{0} сек. назад"}},"second-narrow":{"displayName":"с","relative-type-0":"сейчас","relativeTime-type-future":{"relativeTimePattern-count-one":"через {0} с","relativeTimePattern-count-few":"через {0} с","relativeTimePattern-count-many":"через {0} с","relativeTimePattern-count-other":"через {0} с"},"relativeTime-type-past":{"relativeTimePattern-count-one":"{0} с назад","relativeTimePattern-count-few":"{0} с назад","relativeTimePattern-count-many":"{0} с назад","relativeTimePattern-count-other":"{0} с назад"}},"zone":{"displayName":"Часовой пояс"}}