{"hourFormat":"+HH:mm;-HH:mm","gmtFormat":"GMT%1$s","gmtZeroFormat":"GMT","regionFormat":"%1$s","regionFormat-type-standard":"%1$s (+0)","regionFormat-type-daylight":"%1$s (+1)","fallbackFormat":"%2$s (%1$s)","zone":{"America":{"Adak":{"exemplarCity":"Адак, о-в"},"Anchorage":{"exemplarCity":"Анкоридж"},"Anguilla":{"exemplarCity":"Ангилья"},"Antigua":{"exemplarCity":"Антигуа"},"Araguaina":{"exemplarCity":"Арагуаина"},"Argentina":{"La_Rioja":{"exemplarCity":"Ла-Риоха"},"Rio_Gallegos":{"exemplarCity":"Рио-Гальегос"},"Salta":{"exemplarCity":"Сальта"},"San_Juan":{"exemplarCity":"Сан-Хуан"},"San_Luis":{"exemplarCity":"Сан-Луис"},"Tucuman":{"exemplarCity":"Тукуман"},"Ushuaia":{"exemplarCity":"Ушуая"}},"Aruba":{"exemplarCity":"Аруба"},"Asuncion":{"exemplarCity":"Асунсьон"},"Bahia":{"exemplarCity":"Баия"},"Bahia_Banderas":{"exemplarCity":"Баия-де-Бандерас"},"Barbados":{"exemplarCity":"Барбадос"},"Belem":{"exemplarCity":"Белен"},"Belize":{"exemplarCity":"Белиз"},"Blanc-Sablon":{"exemplarCity":"Бланк-Саблон"},"Boa_Vista":{"exemplarCity":"Боа-Виста"},"Bogota":{"exemplarCity":"Богота"},"Boise":{"exemplarCity":"Бойсе"},"Buenos_Aires":{"exemplarCity":"Буэнос-Айрес"},"Cambridge_Bay":{"exemplarCity":"Кеймбридж-Бей"},"Campo_Grande":{"exemplarCity":"Кампу-Гранди"},"Cancun":{"exemplarCity":"Канкун"},"Caracas":{"exemplarCity":"Каракас"},"Catamarca":{"exemplarCity":"Катамарка"},"Cayenne":{"exemplarCity":"Кайенна"},"Cayman":{"exemplarCity":"Каймановы о-ва"},"Chicago":{"exemplarCity":"Чикаго"},"Chihuahua":{"exemplarCity":"Чиуауа"},"Coral_Harbour":{"exemplarCity":"Корал-Харбор"},"Cordoba":{"exemplarCity":"Кордова"},"Costa_Rica":{"exemplarCity":"Коста-Рика"},"Creston":{"exemplarCity":"Крестон"},"Cuiaba":{"exemplarCity":"Куяба"},"Curacao":{"exemplarCity":"Кюрасао"},"Danmarkshavn":{"exemplarCity":"Денмарксхавн"},"Dawson":{"exemplarCity":"Доусон"},"Dawson_Creek":{"exemplarCity":"Доусон-Крик"},"Denver":{"exemplarCity":"Денвер"},"Detroit":{"exemplarCity":"Детройт"},"Dominica":{"exemplarCity":"Доминика"},"Edmonton":{"exemplarCity":"Эдмонтон"},"Eirunepe":{"exemplarCity":"Эйрунепе"},"El_Salvador":{"exemplarCity":"Сальвадор"},"Fortaleza":{"exemplarCity":"Форталеза"},"Glace_Bay":{"exemplarCity":"Глейс-Бей"},"Godthab":{"exemplarCity":"Готхоб"},"Goose_Bay":{"exemplarCity":"Гус-Бей"},"Grand_Turk":{"exemplarCity":"Гранд Турк"},"Grenada":{"exemplarCity":"Гренада"},"Guadeloupe":{"exemplarCity":"Гваделупа"},"Guatemala":{"exemplarCity":"Гватемала"},"Guayaquil":{"exemplarCity":"Гуаякиль"},"Guyana":{"exemplarCity":"Гайана"},"Halifax":{"exemplarCity":"Галифакс"},"Havana":{"exemplarCity":"Гавана"},"Hermosillo":{"exemplarCity":"Эрмосильо"},"Indiana":{"Knox":{"exemplarCity":"Нокс"},"Marengo":{"exemplarCity":"Маренго"},"Petersburg":{"exemplarCity":"Петерсбург"},"Tell_City":{"exemplarCity":"Телл-Сити"},"Vevay":{"exemplarCity":"Вивэй"},"Vincennes":{"exemplarCity":"Винсенс"},"Winamac":{"exemplarCity":"Винамак"}},"Indianapolis":{"exemplarCity":"Индианаполис"},"Inuvik":{"exemplarCity":"Инувик"},"Iqaluit":{"exemplarCity":"Икалуит"},"Jamaica":{"exemplarCity":"Ямайка"},"Jujuy":{"exemplarCity":"Жужуй"},"Juneau":{"exemplarCity":"Джуно"},"Kentucky":{"Monticello":{"exemplarCity":"Монтиселло"}},"Kralendijk":{"exemplarCity":"Кралендейк"},"La_Paz":{"exemplarCity":"Ла-Пас"},"Lima":{"exemplarCity":"Лима"},"Los_Angeles":{"exemplarCity":"Лос-Анджелес"},"Louisville":{"exemplarCity":"Луисвилл"},"Lower_Princes":{"exemplarCity":"Лоуэр-Принсес-Куортер"},"Maceio":{"exemplarCity":"Масейо"},"Managua":{"exemplarCity":"Манагуа"},"Manaus":{"exemplarCity":"Манаус"},"Marigot":{"exemplarCity":"Мариго"},"Martinique":{"exemplarCity":"Мартиника"},"Matamoros":{"exemplarCity":"Матаморос"},"Mazatlan":{"exemplarCity":"Масатлан"},"Mendoza":{"exemplarCity":"Мендоса"},"Menominee":{"exemplarCity":"Меномини"},"Merida":{"exemplarCity":"Мерида"},"Metlakatla":{"exemplarCity":"Метлакатла"},"Mexico_City":{"exemplarCity":"Мехико"},"Miquelon":{"exemplarCity":"Микелон"},"Moncton":{"exemplarCity":"Монктон"},"Monterrey":{"exemplarCity":"Монтеррей"},"Montevideo":{"exemplarCity":"Монтевидео"},"Montserrat":{"exemplarCity":"Монсеррат"},"Nassau":{"exemplarCity":"Нассау"},"New_York":{"exemplarCity":"Нью-Йорк"},"Nipigon":{"exemplarCity":"Нипигон"},"Nome":{"exemplarCity":"Ном"},"Noronha":{"exemplarCity":"Норонха"},"North_Dakota":{"Beulah":{"exemplarCity":"Бойла, Северная Дакота"},"Center":{"exemplarCity":"Центр, Северная Дакота"},"New_Salem":{"exemplarCity":"Нью-Салем"}},"Ojinaga":{"exemplarCity":"Охинага"},"Panama":{"exemplarCity":"Панама"},"Pangnirtung":{"exemplarCity":"Пангниртанг"},"Paramaribo":{"exemplarCity":"Парамарибо"},"Phoenix":{"exemplarCity":"Финикс"},"Port-au-Prince":{"exemplarCity":"Порт-о-Пренс"},"Port_of_Spain":{"exemplarCity":"Порт-оф-Спейн"},"Porto_Velho":{"exemplarCity":"Порту-Велью"},"Puerto_Rico":{"exemplarCity":"Пуэрто-Рико"},"Rainy_River":{"exemplarCity":"Рейни-Ривер"},"Rankin_Inlet":{"exemplarCity":"Ранкин-Инлет"},"Recife":{"exemplarCity":"Ресифи"},"Regina":{"exemplarCity":"Реджайна"},"Resolute":{"exemplarCity":"Резолют"},"Rio_Branco":{"exemplarCity":"Риу-Бранку"},"Santa_Isabel":{"exemplarCity":"Санта-Изабел"},"Santarem":{"exemplarCity":"Сантарен"},"Santiago":{"exemplarCity":"Сантьяго"},"Santo_Domingo":{"exemplarCity":"Санто-Доминго"},"Sao_Paulo":{"exemplarCity":"Сан-Паулу"},"Scoresbysund":{"exemplarCity":"Скорсбисунн"},"Sitka":{"exemplarCity":"Ситка"},"St_Barthelemy":{"exemplarCity":"Сен-Бартельми"},"St_Johns":{"exemplarCity":"Сент-Джонс"},"St_Kitts":{"exemplarCity":"Сент-Китс"},"St_Lucia":{"exemplarCity":"Сент-Люсия"},"St_Thomas":{"exemplarCity":"Сент-Томас"},"St_Vincent":{"exemplarCity":"Сент-Винсент"},"Swift_Current":{"exemplarCity":"Свифт-Карент"},"Tegucigalpa":{"exemplarCity":"Тегусигальпа"},"Thule":{"exemplarCity":"Туле"},"Thunder_Bay":{"exemplarCity":"Тандер-Бей"},"Tijuana":{"exemplarCity":"Тихуана"},"Toronto":{"exemplarCity":"Торонто"},"Tortola":{"exemplarCity":"Тортола"},"Vancouver":{"exemplarCity":"Ванкувер"},"Whitehorse":{"exemplarCity":"Уайтхорс"},"Winnipeg":{"exemplarCity":"Виннипег"},"Yakutat":{"exemplarCity":"Якутат"},"Yellowknife":{"exemplarCity":"Йеллоунайф"}},"Atlantic":{"Azores":{"exemplarCity":"Азорские о-ва"},"Bermuda":{"exemplarCity":"Бермуды"},"Canary":{"exemplarCity":"Канарские о-ва"},"Cape_Verde":{"exemplarCity":"Острова Зеленого Мыса"},"Faeroe":{"exemplarCity":"Фарерские о-ва"},"Madeira":{"exemplarCity":"Мадейра, о-в"},"Reykjavik":{"exemplarCity":"Рейкьявик"},"South_Georgia":{"exemplarCity":"Юж. Георгия и Юж. Сэндвинчевы о-ва"},"St_Helena":{"exemplarCity":"Св. Елены, о-в"},"Stanley":{"exemplarCity":"Стэнли"}},"Europe":{"Amsterdam":{"exemplarCity":"Амстердам"},"Andorra":{"exemplarCity":"Андорра"},"Athens":{"exemplarCity":"Афины"},"Belgrade":{"exemplarCity":"Белград"},"Berlin":{"exemplarCity":"Берлин"},"Bratislava":{"exemplarCity":"Братислава"},"Brussels":{"exemplarCity":"Брюссель"},"Bucharest":{"exemplarCity":"Бухарест"},"Budapest":{"exemplarCity":"Будапешт"},"Busingen":{"exemplarCity":"Бюзинген-на-Верхнем-Рейне"},"Chisinau":{"exemplarCity":"Кишинев"},"Copenhagen":{"exemplarCity":"Копенгаген"},"Dublin":{"long":{"daylight":"Ирландия, летнее время"},"exemplarCity":"Дублин"},"Gibraltar":{"exemplarCity":"Гибралтар"},"Guernsey":{"exemplarCity":"Гернси"},"Helsinki":{"exemplarCity":"Хельсинки"},"Isle_of_Man":{"exemplarCity":"Мэн, о-в"},"Istanbul":{"exemplarCity":"Стамбул"},"Jersey":{"exemplarCity":"Джерси"},"Kaliningrad":{"exemplarCity":"Калининград"},"Kiev":{"exemplarCity":"Киев"},"Lisbon":{"exemplarCity":"Лиссабон"},"Ljubljana":{"exemplarCity":"Любляна"},"London":{"long":{"daylight":"Британское летнее время"},"exemplarCity":"Лондон"},"Luxembourg":{"exemplarCity":"Люксембург"},"Madrid":{"exemplarCity":"Мадрид"},"Malta":{"exemplarCity":"Мальта"},"Mariehamn":{"exemplarCity":"Мариехамн"},"Minsk":{"exemplarCity":"Минск"},"Monaco":{"exemplarCity":"Монако"},"Moscow":{"exemplarCity":"Москва"},"Oslo":{"exemplarCity":"Осло"},"Paris":{"exemplarCity":"Париж"},"Podgorica":{"exemplarCity":"Подгорица"},"Prague":{"exemplarCity":"Прага"},"Riga":{"exemplarCity":"Рига"},"Rome":{"exemplarCity":"Рим"},"Samara":{"exemplarCity":"Самара"},"San_Marino":{"exemplarCity":"Сан-Марино"},"Sarajevo":{"exemplarCity":"Сараево"},"Simferopol":{"exemplarCity":"Симферополь"},"Skopje":{"exemplarCity":"Скопье"},"Sofia":{"exemplarCity":"София"},"Stockholm":{"exemplarCity":"Стокгольм"},"Tallinn":{"exemplarCity":"Таллин"},"Tirane":{"exemplarCity":"Тирана"},"Uzhgorod":{"exemplarCity":"Ужгород"},"Vaduz":{"exemplarCity":"Вадуц"},"Vatican":{"exemplarCity":"Ватикан"},"Vienna":{"exemplarCity":"Вена"},"Vilnius":{"exemplarCity":"Вильнюс"},"Volgograd":{"exemplarCity":"Волгоград"},"Warsaw":{"exemplarCity":"Варшава"},"Zagreb":{"exemplarCity":"Загреб"},"Zaporozhye":{"exemplarCity":"Запорожье"},"Zurich":{"exemplarCity":"Цюрих"}},"Africa":{"Abidjan":{"exemplarCity":"Абиджан"},"Accra":{"exemplarCity":"Аккра"},"Addis_Ababa":{"exemplarCity":"Аддис-Абеба"},"Algiers":{"exemplarCity":"Алжир"},"Asmera":{"exemplarCity":"Асмера"},"Bamako":{"exemplarCity":"Бамако"},"Bangui":{"exemplarCity":"Банги"},"Banjul":{"exemplarCity":"Банжул"},"Bissau":{"exemplarCity":"Бисау"},"Blantyre":{"exemplarCity":"Блантайр"},"Brazzaville":{"exemplarCity":"Браззавиль"},"Bujumbura":{"exemplarCity":"Бужумбура"},"Cairo":{"exemplarCity":"Каир"},"Casablanca":{"exemplarCity":"Касабланка"},"Ceuta":{"exemplarCity":"Сеута"},"Conakry":{"exemplarCity":"Конакри"},"Dakar":{"exemplarCity":"Дакар"},"Dar_es_Salaam":{"exemplarCity":"Дар-эс-Салам"},"Djibouti":{"exemplarCity":"Джибути"},"Douala":{"exemplarCity":"Дуала"},"El_Aaiun":{"exemplarCity":"Эль-Аюн"},"Freetown":{"exemplarCity":"Фритаун"},"Gaborone":{"exemplarCity":"Габороне"},"Harare":{"exemplarCity":"Хараре"},"Johannesburg":{"exemplarCity":"Йоханнесбург"},"Juba":{"exemplarCity":"Джуба"},"Kampala":{"exemplarCity":"Кампала"},"Khartoum":{"exemplarCity":"Хартум"},"Kigali":{"exemplarCity":"Кигали"},"Kinshasa":{"exemplarCity":"Киншаса"},"Lagos":{"exemplarCity":"Лагос"},"Libreville":{"exemplarCity":"Либревиль"},"Lome":{"exemplarCity":"Ломе"},"Luanda":{"exemplarCity":"Луанда"},"Lubumbashi":{"exemplarCity":"Лубумбаши"},"Lusaka":{"exemplarCity":"Лусака"},"Malabo":{"exemplarCity":"Малабо"},"Maputo":{"exemplarCity":"Мапуту"},"Maseru":{"exemplarCity":"Масеру"},"Mbabane":{"exemplarCity":"Мбабане"},"Mogadishu":{"exemplarCity":"Могадишо"},"Monrovia":{"exemplarCity":"Монровия"},"Nairobi":{"exemplarCity":"Найроби"},"Ndjamena":{"exemplarCity":"Нджамена"},"Niamey":{"exemplarCity":"Ниамей"},"Nouakchott":{"exemplarCity":"Нуакшот"},"Ouagadougou":{"exemplarCity":"Уагадугу"},"Porto-Novo":{"exemplarCity":"Порто-Ново"},"Sao_Tome":{"exemplarCity":"Сан-Томе"},"Tripoli":{"exemplarCity":"Триполи"},"Tunis":{"exemplarCity":"Тунис"},"Windhoek":{"exemplarCity":"Виндхук"}},"Asia":{"Aden":{"exemplarCity":"Аден"},"Almaty":{"exemplarCity":"Алматы"},"Amman":{"exemplarCity":"Амман"},"Anadyr":{"exemplarCity":"Анадырь"},"Aqtau":{"exemplarCity":"Актау"},"Aqtobe":{"exemplarCity":"Актобе (Актюбинск)"},"Ashgabat":{"exemplarCity":"Ашхабад"},"Baghdad":{"exemplarCity":"Багдад"},"Bahrain":{"exemplarCity":"Бахрейн"},"Baku":{"exemplarCity":"Баку"},"Bangkok":{"exemplarCity":"Бангкок"},"Beirut":{"exemplarCity":"Бейрут"},"Bishkek":{"exemplarCity":"Бишкек"},"Brunei":{"exemplarCity":"Бруней"},"Calcutta":{"exemplarCity":"Калькутта"},"Chita":{"exemplarCity":"Chita"},"Choibalsan":{"exemplarCity":"Чойбалсан"},"Colombo":{"exemplarCity":"Коломбо"},"Damascus":{"exemplarCity":"Дамаск"},"Dhaka":{"exemplarCity":"Дакка"},"Dili":{"exemplarCity":"Дили"},"Dubai":{"exemplarCity":"Дубай"},"Dushanbe":{"exemplarCity":"Душанбе"},"Gaza":{"exemplarCity":"Газа"},"Hebron":{"exemplarCity":"Хеврон"},"Hong_Kong":{"exemplarCity":"Гонконг"},"Hovd":{"exemplarCity":"Ховд"},"Irkutsk":{"exemplarCity":"Иркутск"},"Jakarta":{"exemplarCity":"Джакарта"},"Jayapura":{"exemplarCity":"Джайпур"},"Jerusalem":{"exemplarCity":"Иерусалим"},"Kabul":{"exemplarCity":"Кабул"},"Kamchatka":{"exemplarCity":"Петропавловск-Камчатский"},"Karachi":{"exemplarCity":"Карачи"},"Katmandu":{"exemplarCity":"Катманду"},"Khandyga":{"exemplarCity":"Хандыга"},"Krasnoyarsk":{"exemplarCity":"Красноярск"},"Kuala_Lumpur":{"exemplarCity":"Куала-Лумпур"},"Kuching":{"exemplarCity":"Кучинг"},"Kuwait":{"exemplarCity":"Кувейт"},"Macau":{"exemplarCity":"Макао"},"Magadan":{"exemplarCity":"Магадан"},"Makassar":{"exemplarCity":"Макасар"},"Manila":{"exemplarCity":"Манила"},"Muscat":{"exemplarCity":"Маскат"},"Nicosia":{"exemplarCity":"Никосия"},"Novokuznetsk":{"exemplarCity":"Новокузнецк"},"Novosibirsk":{"exemplarCity":"Новосибирск"},"Omsk":{"exemplarCity":"Омск"},"Oral":{"exemplarCity":"Орал (Уральск)"},"Phnom_Penh":{"exemplarCity":"Пномпень"},"Pontianak":{"exemplarCity":"Понтианак"},"Pyongyang":{"exemplarCity":"Пхеньян"},"Qatar":{"exemplarCity":"Катар"},"Qyzylorda":{"exemplarCity":"Кызылорда"},"Rangoon":{"exemplarCity":"Рангун"},"Riyadh":{"exemplarCity":"Эр-Рияд"},"Saigon":{"exemplarCity":"Хошимин"},"Sakhalin":{"exemplarCity":"Сахалин, о-в"},"Samarkand":{"exemplarCity":"Самарканд"},"Seoul":{"exemplarCity":"Сеул"},"Shanghai":{"exemplarCity":"Шанхай"},"Singapore":{"exemplarCity":"Сингапур"},"Srednekolymsk":{"exemplarCity":"Srednekolymsk"},"Taipei":{"exemplarCity":"Тайбэй"},"Tashkent":{"exemplarCity":"Ташкент"},"Tbilisi":{"exemplarCity":"Тбилиси"},"Tehran":{"exemplarCity":"Тегеран"},"Thimphu":{"exemplarCity":"Тимпу"},"Tokyo":{"exemplarCity":"Токио"},"Ulaanbaatar":{"exemplarCity":"Улан-Батор"},"Urumqi":{"exemplarCity":"Урумчи"},"Ust-Nera":{"exemplarCity":"Усть-Нера"},"Vientiane":{"exemplarCity":"Вьентьян"},"Vladivostok":{"exemplarCity":"Владивосток"},"Yakutsk":{"exemplarCity":"Якутск"},"Yekaterinburg":{"exemplarCity":"Екатеринбург"},"Yerevan":{"exemplarCity":"Ереван"}},"Indian":{"Antananarivo":{"exemplarCity":"Антананариву"},"Chagos":{"exemplarCity":"Чагос"},"Christmas":{"exemplarCity":"Рождества, о-в"},"Cocos":{"exemplarCity":"Кокосовые о-ва"},"Comoro":{"exemplarCity":"Коморские о-ва"},"Kerguelen":{"exemplarCity":"Кергелен"},"Mahe":{"exemplarCity":"Маэ"},"Maldives":{"exemplarCity":"Мальдивы"},"Mauritius":{"exemplarCity":"Маврикий"},"Mayotte":{"exemplarCity":"Майорка"},"Reunion":{"exemplarCity":"Реюньон"}},"Australia":{"Adelaide":{"exemplarCity":"Аделаида"},"Brisbane":{"exemplarCity":"Брисбен"},"Broken_Hill":{"exemplarCity":"Брокен-Хилл"},"Currie":{"exemplarCity":"Керри"},"Darwin":{"exemplarCity":"Дарвин"},"Eucla":{"exemplarCity":"Юкла"},"Hobart":{"exemplarCity":"Хобарт"},"Lindeman":{"exemplarCity":"Линдеман"},"Lord_Howe":{"exemplarCity":"Лорд-Хау, о-в"},"Melbourne":{"exemplarCity":"Мельбурн"},"Perth":{"exemplarCity":"Перт"},"Sydney":{"exemplarCity":"Сидней"}},"Pacific":{"Apia":{"exemplarCity":"Апия"},"Auckland":{"exemplarCity":"Окленд"},"Bougainville":{"exemplarCity":"Bougainville"},"Chatham":{"exemplarCity":"Чатем, о-в"},"Easter":{"exemplarCity":"Пасхи, о-в"},"Efate":{"exemplarCity":"Эфате"},"Enderbury":{"exemplarCity":"Эндербери, о-в"},"Fakaofo":{"exemplarCity":"Факаофо"},"Fiji":{"exemplarCity":"Фиджи"},"Funafuti":{"exemplarCity":"Фунафути"},"Galapagos":{"exemplarCity":"Галапагосские о-ва"},"Gambier":{"exemplarCity":"Гамбье, о-ва"},"Guadalcanal":{"exemplarCity":"Гвадалканал"},"Guam":{"exemplarCity":"Гуам"},"Honolulu":{"exemplarCity":"Гонолулу"},"Johnston":{"exemplarCity":"Джонстон, ат."},"Kiritimati":{"exemplarCity":"Киритимати"},"Kosrae":{"exemplarCity":"Косрае"},"Kwajalein":{"exemplarCity":"Кваджалейн"},"Majuro":{"exemplarCity":"Маджуро"},"Marquesas":{"exemplarCity":"Маркизские о-ва"},"Midway":{"exemplarCity":"Мидуэй, о-ва"},"Nauru":{"exemplarCity":"Науру"},"Niue":{"exemplarCity":"Ниуэ"},"Norfolk":{"exemplarCity":"Норфолк"},"Noumea":{"exemplarCity":"Нумеа"},"Pago_Pago":{"exemplarCity":"Паго-Паго"},"Palau":{"exemplarCity":"Палау"},"Pitcairn":{"exemplarCity":"Питкерн"},"Ponape":{"exemplarCity":"Понапе, о-в"},"Port_Moresby":{"exemplarCity":"Порт-Морсби"},"Rarotonga":{"exemplarCity":"Раротонга"},"Saipan":{"exemplarCity":"Сайпан"},"Tahiti":{"exemplarCity":"Таити, о-в"},"Tarawa":{"exemplarCity":"Тарава"},"Tongatapu":{"exemplarCity":"Тонгатапу"},"Truk":{"exemplarCity":"Трук, о-ва"},"Wake":{"exemplarCity":"Уэйк, о-в"},"Wallis":{"exemplarCity":"Уоллис"}},"Arctic":{"Longyearbyen":{"exemplarCity":"Лонгйир"}},"Antarctica":{"Casey":{"exemplarCity":"Кейси"},"Davis":{"exemplarCity":"Дейвис"},"DumontDUrville":{"exemplarCity":"Дюмон-д’Юрвиль"},"Macquarie":{"exemplarCity":"Маккуори"},"Mawson":{"exemplarCity":"Моусон"},"McMurdo":{"exemplarCity":"Мак-Мердо"},"Palmer":{"exemplarCity":"Палмер"},"Rothera":{"exemplarCity":"Ротера"},"Syowa":{"exemplarCity":"Сёва"},"Troll":{"exemplarCity":"Тролль"},"Vostok":{"exemplarCity":"Восток"}},"Etc":{"GMT":{"exemplarCity":"GMT"},"GMT1":{"exemplarCity":"GMT+1"},"GMT10":{"exemplarCity":"GMT+10"},"GMT11":{"exemplarCity":"GMT+11"},"GMT12":{"exemplarCity":"GMT+12"},"GMT2":{"exemplarCity":"GMT+2"},"GMT3":{"exemplarCity":"GMT+3"},"GMT4":{"exemplarCity":"GMT+4"},"GMT5":{"exemplarCity":"GMT+5"},"GMT6":{"exemplarCity":"GMT+6"},"GMT7":{"exemplarCity":"GMT+7"},"GMT8":{"exemplarCity":"GMT+8"},"GMT9":{"exemplarCity":"GMT+9"},"GMT-1":{"exemplarCity":"GMT-1"},"GMT-10":{"exemplarCity":"GMT-10"},"GMT-11":{"exemplarCity":"GMT-11"},"GMT-12":{"exemplarCity":"GMT-12"},"GMT-13":{"exemplarCity":"GMT-13"},"GMT-14":{"exemplarCity":"GMT-14"},"GMT-2":{"exemplarCity":"GMT-2"},"GMT-3":{"exemplarCity":"GMT-3"},"GMT-4":{"exemplarCity":"GMT-4"},"GMT-5":{"exemplarCity":"GMT-5"},"GMT-6":{"exemplarCity":"GMT-6"},"GMT-7":{"exemplarCity":"GMT-7"},"GMT-8":{"exemplarCity":"GMT-8"},"GMT-9":{"exemplarCity":"GMT-9"},"Unknown":{"exemplarCity":"Неизвестный город"}}},"metazone":{"Acre":{"long":{"generic":"Акри время","standard":"Акри стандартное время","daylight":"Акри летнее время"}},"Afghanistan":{"long":{"standard":"Афганистан"}},"Africa_Central":{"long":{"standard":"Центральная Африка"}},"Africa_Eastern":{"long":{"standard":"Восточная Африка"}},"Africa_Southern":{"long":{"standard":"Южная Африка"}},"Africa_Western":{"long":{"generic":"Западная Африка","standard":"Западная Африка, стандартное время","daylight":"Западная Африка, летнее время"}},"Alaska":{"long":{"generic":"Аляска","standard":"Аляска, стандартное время","daylight":"Аляска, летнее время"}},"Almaty":{"long":{"generic":"Алма-Ата время","standard":"Алма-Ата стандартное время","daylight":"Алма-Ата летнее время"}},"Amazon":{"long":{"generic":"Амазонка","standard":"Амазонка, стандартное время","daylight":"Амазонка, летнее время"}},"America_Central":{"long":{"generic":"Центральная Америка","standard":"Центральная Америка, стандартное время","daylight":"Центральная Америка, летнее время"}},"America_Eastern":{"long":{"generic":"Восточная Америка","standard":"Восточная Америка, стандартное время","daylight":"Восточная Америка, летнее время"}},"America_Mountain":{"long":{"generic":"Горное время (США)","standard":"Горное стандартное время (США)","daylight":"Горное летнее время (США)"}},"America_Pacific":{"long":{"generic":"Тихоокеанское время","standard":"Тихоокеанское стандартное время","daylight":"Тихоокеанское летнее время"}},"Anadyr":{"long":{"generic":"Время по Анадырю","standard":"Анадырь стандартное время","daylight":"Анадырь летнее время"}},"Apia":{"long":{"generic":"время Апиа, Самоа","standard":"Стандартное время Апиа, Самоа","daylight":"летнее время Апиа, Самоа"}},"Aqtau":{"long":{"generic":"Актау время","standard":"Актау стандартное время","daylight":"Актау летнее время"}},"Aqtobe":{"long":{"generic":"Актобе время","standard":"Актобе стандартное время","daylight":"Актобе летнее время"}},"Arabian":{"long":{"generic":"Саудовская Аравия","standard":"Саудовская Аравия, стандартное время","daylight":"Саудовская Аравия, летнее время"}},"Argentina":{"long":{"generic":"Аргентина","standard":"Аргентина, стандартное время","daylight":"Аргентина, летнее время"}},"Argentina_Western":{"long":{"generic":"Западная Аргентина","standard":"Западная Аргентина, стандартное время","daylight":"Западная Аргентина, летнее время"}},"Armenia":{"long":{"generic":"Армения","standard":"Армения, стандартное время","daylight":"Армения, летнее время"}},"Atlantic":{"long":{"generic":"Атлантическое время","standard":"Атлантическое стандартное время","daylight":"Атлантическое летнее время"}},"Australia_Central":{"long":{"generic":"Центральная Австралия","standard":"Центральная Австралия, стандартное время","daylight":"Центральная Австралия, летнее время"}},"Australia_CentralWestern":{"long":{"generic":"Центральная Австралия, западное время","standard":"Центральная Австралия, западное стандартное время","daylight":"Центральная Австралия, западное летнее время"}},"Australia_Eastern":{"long":{"generic":"Восточная Австралия","standard":"Восточная Австралия, стандартное время","daylight":"Восточная Австралия, летнее время"}},"Australia_Western":{"long":{"generic":"Западная Австралия","standard":"Западная Австралия, стандартное время","daylight":"Западная Австралия, летнее время"}},"Azerbaijan":{"long":{"generic":"Азербайджан","standard":"Азербайджан, стандартное время","daylight":"Азербайджан, летнее время"}},"Azores":{"long":{"generic":"Азорские о-ва","standard":"Азорские о-ва, стандартное время","daylight":"Азорские о-ва, летнее время"}},"Bangladesh":{"long":{"generic":"Бангладеш","standard":"Бангладеш, стандартное время","daylight":"Бангладеш, летнее время"}},"Bhutan":{"long":{"standard":"Бутан"}},"Bolivia":{"long":{"standard":"Боливия"}},"Brasilia":{"long":{"generic":"Бразилия","standard":"Бразилия, стандартное время","daylight":"Бразилия, летнее время"}},"Brunei":{"long":{"standard":"Бруней-Даруссалам"}},"Cape_Verde":{"long":{"generic":"Кабо-Верде","standard":"Кабо-Верде, стандартное время","daylight":"Кабо-Верде, летнее время"}},"Casey":{"long":{"standard":"Кейси"}},"Chamorro":{"long":{"standard":"Чаморро"}},"Chatham":{"long":{"generic":"Чатем","standard":"Чатем, стандартное время","daylight":"Чатем, летнее время"}},"Chile":{"long":{"generic":"Чили","standard":"Чили, стандартное время","daylight":"Чили, летнее время"}},"China":{"long":{"generic":"Китай","standard":"Китай, стандартное время","daylight":"Китай, летнее время"}},"Choibalsan":{"long":{"generic":"Чойбалсан","standard":"Чойбалсан, стандартное время","daylight":"Чойбалсан, летнее время"}},"Christmas":{"long":{"standard":"Рождества, о-в"}},"Cocos":{"long":{"standard":"Кокосовые о-ва"}},"Colombia":{"long":{"generic":"Колумбия","standard":"Колумбия, стандартное время","daylight":"Колумбия, летнее время"}},"Cook":{"long":{"generic":"Кука, о-ва","standard":"Кука, о-ва, стандартное время","daylight":"Кука, о-ва, полулетнее время"}},"Cuba":{"long":{"generic":"Куба","standard":"Куба, стандартное время","daylight":"Куба, летнее время"}},"Davis":{"long":{"standard":"Дейвис"}},"DumontDUrville":{"long":{"standard":"Дюмон-д’Юрвиль"}},"East_Timor":{"long":{"standard":"Восточный Тимор"}},"Easter":{"long":{"generic":"О-в Пасхи","standard":"О-в Пасхи, стандартное время","daylight":"О-в Пасхи, летнее время"}},"Ecuador":{"long":{"standard":"Эквадор"}},"Europe_Central":{"long":{"generic":"Центральная Европа","standard":"Центральная Европа, стандартное время","daylight":"Центральная Европа, летнее время"}},"Europe_Eastern":{"long":{"generic":"Восточная Европа","standard":"Восточная Европа, стандартное время","daylight":"Восточная Европа, летнее время"}},"Europe_Further_Eastern":{"long":{"standard":"время в Калининграде и Минске"}},"Europe_Western":{"long":{"generic":"Западная Европа","standard":"Западная Европа, стандартное время","daylight":"Западная Европа, летнее время"}},"Falkland":{"long":{"generic":"Фолклендские о-ва","standard":"Фолклендские о-ва, стандартное время","daylight":"Фолклендские о-ва, летнее время"}},"Fiji":{"long":{"generic":"Фиджи","standard":"Фиджи, стандартное время","daylight":"Фиджи, летнее время"}},"French_Guiana":{"long":{"standard":"Французская Гвиана"}},"French_Southern":{"long":{"standard":"Французское южное и антарктическое время"}},"GMT":{"long":{"standard":"Среднее время по Гринвичу"}},"Galapagos":{"long":{"standard":"Галапагосские о-ва"}},"Gambier":{"long":{"standard":"Гамбье"}},"Georgia":{"long":{"generic":"Грузия","standard":"Грузия, стандартное время","daylight":"Грузия, летнее время"}},"Gilbert_Islands":{"long":{"standard":"Гилберта, о-ва"}},"Greenland_Eastern":{"long":{"generic":"Восточная Гренландия","standard":"Восточная Гренландия, стандарное время","daylight":"Восточная Гренландия, летнее время"}},"Greenland_Western":{"long":{"generic":"Западная Гренландия","standard":"Западная Гренландия, стандартное время","daylight":"Западная Гренландия, летнее время"}},"Guam":{"long":{"standard":"Гуам"}},"Gulf":{"long":{"standard":"Персидский залив"}},"Guyana":{"long":{"standard":"Гайана"}},"Hawaii_Aleutian":{"long":{"generic":"Гавайско-алеутское время","standard":"Гавайско-алеутское стандартное время","daylight":"Гавайско-алеутское летнее время"}},"Hong_Kong":{"long":{"generic":"Гонконг","standard":"Гонконг, стандартное время","daylight":"Гонконг, летнее время"}},"Hovd":{"long":{"generic":"Ховд","standard":"Ховд, стандартное время","daylight":"Ховд, летнее время"}},"India":{"long":{"standard":"Индия"}},"Indian_Ocean":{"long":{"standard":"Индийский океан"}},"Indochina":{"long":{"standard":"Индокитай"}},"Indonesia_Central":{"long":{"standard":"Центральная Индонезия"}},"Indonesia_Eastern":{"long":{"standard":"Восточная Индонезия"}},"Indonesia_Western":{"long":{"standard":"Западная Индонезия"}},"Iran":{"long":{"generic":"Иран","standard":"Иран, стандартное время","daylight":"Иран, летнее время"}},"Irkutsk":{"long":{"generic":"Иркутск","standard":"Иркутск, стандартное время","daylight":"Иркутск, летнее время"}},"Israel":{"long":{"generic":"Израиль","standard":"Израиль, стандартное время","daylight":"Израиль, летнее время"}},"Japan":{"long":{"generic":"Япония","standard":"Япония, стандартное время","daylight":"Япония, летнее время"}},"Kamchatka":{"long":{"generic":"Время в Петропавловску-Камчатскому","standard":"Стандартное время в Петропавловску-Камчатскому","daylight":"Летнее время в Петропавловске-Камчатском"}},"Kazakhstan_Eastern":{"long":{"standard":"Восточный Казахстан"}},"Kazakhstan_Western":{"long":{"standard":"Западный Казахстан"}},"Korea":{"long":{"generic":"Корея","standard":"Корея, стандартное время","daylight":"Корея, летнее время"}},"Kosrae":{"long":{"standard":"Косраэ"}},"Krasnoyarsk":{"long":{"generic":"Красноярск","standard":"Красноярск, стандартное время","daylight":"Красноярск, летнее время"}},"Kyrgystan":{"long":{"standard":"Киргизия"}},"Lanka":{"long":{"standard":"Шри-Ланка"}},"Line_Islands":{"long":{"standard":"Лайн, о-ва"}},"Lord_Howe":{"long":{"generic":"Лорд-Хау","standard":"Лорд-Хау, стандартное время","daylight":"Лорд-Хау, летнее время"}},"Macau":{"long":{"generic":"Макао","standard":"Макао, стандартное время","daylight":"Макао, летнее время"}},"Macquarie":{"long":{"standard":"Маккуори"}},"Magadan":{"long":{"generic":"Магадан","standard":"Магадан, стандартное время","daylight":"Магадан, летнее время"}},"Malaysia":{"long":{"standard":"Малайзия"}},"Maldives":{"long":{"standard":"Мальдивы"}},"Marquesas":{"long":{"standard":"Маркизские о-ва"}},"Marshall_Islands":{"long":{"standard":"Маршалловы о-ва"}},"Mauritius":{"long":{"generic":"Маврикий","standard":"Маврикий, стандартное время","daylight":"Маврикий, летнее время"}},"Mawson":{"long":{"standard":"Моусон"}},"Mexico_Northwest":{"long":{"generic":"Североамериканское мексиканское время","standard":"Североамериканское мексиканское стандартное время","daylight":"Североамериканское мексиканское летнее время"}},"Mexico_Pacific":{"long":{"generic":"Тихоокеанское мексиканское время","standard":"Тихоокеанское мексиканское стандартное время","daylight":"Тихоокеанское мексиканское летнее время"}},"Mongolia":{"long":{"generic":"Улан-Батор","standard":"Улан-Батор, стандартное время","daylight":"Улан-Батор, летнее время"}},"Moscow":{"long":{"generic":"Москва","standard":"Москва, стандартное время","daylight":"Москва, летнее время"}},"Myanmar":{"long":{"standard":"Мьянма"}},"Nauru":{"long":{"standard":"Науру"}},"Nepal":{"long":{"standard":"Непал"}},"New_Caledonia":{"long":{"generic":"Новая Каледония","standard":"Новая Каледония, стандартное время","daylight":"Новая Каледония, летнее время"}},"New_Zealand":{"long":{"generic":"Новая Зеландия","standard":"Новая Зеландия, стандартное время","daylight":"Новая Зеландия, летнее время"}},"Newfoundland":{"long":{"generic":"Ньюфаундленд","standard":"Ньюфаундленд, стандартное время","daylight":"Ньюфаундленд, летнее время"}},"Niue":{"long":{"standard":"Ниуэ"}},"Norfolk":{"long":{"standard":"Норфолк"}},"Noronha":{"long":{"generic":"Фернанду-ди-Норонья","standard":"Фернанду-ди-Норонья, стандартное время","daylight":"Фернанду-ди-Норонья, летнее время"}},"North_Mariana":{"long":{"standard":"Северные Марианские о-ва"}},"Novosibirsk":{"long":{"generic":"Новосибирск","standard":"Новосибирск, стандартное время","daylight":"Новосибирск, летнее время"}},"Omsk":{"long":{"generic":"Омск","standard":"Омск, стандартное время","daylight":"Омск, летнее время"}},"Pakistan":{"long":{"generic":"Пакистан","standard":"Пакистан, стандартное время","daylight":"Пакистан, летнее время"}},"Palau":{"long":{"standard":"Палау"}},"Papua_New_Guinea":{"long":{"standard":"Папуа – Новая Гвинея"}},"Paraguay":{"long":{"generic":"Парагвай","standard":"Парагвай, стандартное время","daylight":"Парагвай, летнее время"}},"Peru":{"long":{"generic":"Перу","standard":"Перу, стандартное время","daylight":"Перу, летнее время"}},"Philippines":{"long":{"generic":"Филиппины","standard":"Филиппины, стандартное время","daylight":"Филиппины, летнее время"}},"Phoenix_Islands":{"long":{"standard":"Феникс, о-ва"}},"Pierre_Miquelon":{"long":{"generic":"Сен-Пьер и Микелон","standard":"Сен-Пьер и Микелон, стандартное время","daylight":"Сен-Пьер и Микелон, летнее время"}},"Pitcairn":{"long":{"standard":"Питкэрн"}},"Ponape":{"long":{"standard":"Понапе, о-ва"}},"Qyzylorda":{"long":{"generic":"Кызылорда*","standard":"Кызылорда, стандартное время*","daylight":"Кызылорда, летнее время*"}},"Reunion":{"long":{"standard":"Реюньон"}},"Rothera":{"long":{"standard":"Ротера"}},"Sakhalin":{"long":{"generic":"Сахалин","standard":"Сахалин, стандартное время","daylight":"Сахалин, летнее время"}},"Samara":{"long":{"generic":"Время в Самаре","standard":"Самарское стандартное время","daylight":"Самарское летнее время"}},"Samoa":{"long":{"generic":"Самоа","standard":"Самоа, стандартное время","daylight":"Самоа, летнее время"}},"Seychelles":{"long":{"standard":"Сейшельские о-ва"}},"Singapore":{"long":{"standard":"Сингапур"}},"Solomon":{"long":{"standard":"Соломоновы о-ва"}},"South_Georgia":{"long":{"standard":"Южная Георгия"}},"Suriname":{"long":{"standard":"Суринам"}},"Syowa":{"long":{"standard":"Сёва"}},"Tahiti":{"long":{"standard":"Таити, о-в"}},"Taipei":{"long":{"generic":"Тайвань","standard":"Тайвань, стандартное время","daylight":"Тайвань, летнее время"}},"Tajikistan":{"long":{"standard":"Таджикистан"}},"Tokelau":{"long":{"standard":"Токелау"}},"Tonga":{"long":{"generic":"Тонга","standard":"Тонга, стандартное время","daylight":"Тонга, летнее время"}},"Truk":{"long":{"standard":"Чуук"}},"Turkmenistan":{"long":{"generic":"Туркмения","standard":"Туркмения, стандартное время","daylight":"Туркмения, летнее время"}},"Tuvalu":{"long":{"standard":"Тувалу"}},"Uruguay":{"long":{"generic":"Уругвай","standard":"Уругвай, стандартное время","daylight":"Уругвай, летнее время"}},"Uzbekistan":{"long":{"generic":"Узбекистан","standard":"Узбекистан, стандартное время","daylight":"Узбекистан, летнее время"}},"Vanuatu":{"long":{"generic":"Вануату","standard":"Вануату, стандартное время","daylight":"Вануату, летнее время"}},"Venezuela":{"long":{"standard":"Венесуэла"}},"Vladivostok":{"long":{"generic":"Владивосток","standard":"Владивосток, стандартное время","daylight":"Владивосток, летнее время"}},"Volgograd":{"long":{"generic":"Волгоград","standard":"Волгоград, стандартное время","daylight":"Волгоград, летнее время"}},"Vostok":{"long":{"standard":"Восток"}},"Wake":{"long":{"standard":"Уэйк, о-в"}},"Wallis":{"long":{"standard":"Уоллис и Футуна"}},"Yakutsk":{"long":{"generic":"Якутск","standard":"Якутск, стандартное время","daylight":"Якутск, летнее время"}},"Yekaterinburg":{"long":{"generic":"Екатеринбург","standard":"Екатеринбург, стандартное время","daylight":"Екатеринбург, летнее время"}}}}