{"long":{"_compoundPattern":"%1$s на %2$s","acceleration":{"g-force":{"_name":"ускорение свободного падения","one":"%1$s g","few":"%1$s g","many":"%1$s g","other":"%1$s g"},"meter-per-second-squared":{"_name":"метры в секунду в квадрате","one":"%1$s метр в секунду в квадрате","few":"%1$s метра в секунду в квадрате","many":"%1$s метров в секунду в квадрате","other":"%1$s метра в секунду в квадрате"}},"angle":{"arc-minute":{"_name":"минуты","one":"%1$s минута","few":"%1$s минуты","many":"%1$s минут","other":"%1$s минуты"},"arc-second":{"_name":"секунды","one":"%1$s секунда","few":"%1$s секунды","many":"%1$s секунд","other":"%1$s секунды"},"degree":{"_name":"градусы","one":"%1$sградус","few":"%1$s градуса","many":"%1$s градусов","other":"%1$s градуса"},"radian":{"_name":"радианы","one":"%1$s радиан","few":"%1$s радиана","many":"%1$s радиан","other":"%1$s радиана"}},"area":{"acre":{"_name":"акры","one":"%1$s акр","few":"%1$s акра","many":"%1$s акров","other":"%1$s акра"},"hectare":{"_name":"гектары","one":"%1$s гектар","few":"%1$s гектара","many":"%1$s гектар","other":"%1$s гектара"},"square-centimeter":{"_name":"квадратные сантиметры","one":"%1$s квадратный сантиметр","few":"%1$s квадратных сантиметра","many":"%1$s квадратных сантиметров","other":"%1$s квадратного сантиметра"},"square-foot":{"_name":"квадратные футы","one":"%1$s квадратный фут","few":"%1$s квадратных фута","many":"%1$s квадратных футов","other":"%1$s квадратного фута"},"square-inch":{"_name":"квадратные дюймы","one":"%1$s квадратный дюйм","few":"%1$s квадратных дюйма","many":"%1$s квадратных дюймов","other":"%1$s квадратного дюйма"},"square-kilometer":{"_name":"квадратные километры","one":"%1$s квадратный километр","few":"%1$s квадратных километра","many":"%1$s квадратных километров","other":"%1$s квадратного километра"},"square-meter":{"_name":"квадратные метры","one":"%1$s квадратный метр","few":"%1$s квадратных метра","many":"%1$s квадратных метров","other":"%1$s квадратного метра"},"square-mile":{"_name":"квадратные мили","one":"%1$s квадратная миля","few":"%1$s квадратных мили","many":"%1$s квадратных миль","other":"%1$s квадратной мили"},"square-yard":{"_name":"квадратные ярды","one":"%1$s квадратный ярд","few":"%1$s квадратных ярда","many":"%1$s квадратных ярдов","other":"%1$s квадратного ярда"}},"consumption":{"liter-per-kilometer":{"_name":"литры на километр","one":"%1$s литр на километр","few":"%1$s литра на километр","many":"%1$s литров на километр","other":"%1$s литра на километр"},"mile-per-gallon":{"_name":"мили на галлон","one":"%1$s миля на галлон","few":"%1$s мили на галлон","many":"%1$s миль на галлон","other":"%1$s мили на галлон"}},"digital":{"bit":{"_name":"биты","one":"%1$s бит","few":"%1$s бита","many":"%1$s бит","other":"%1$s бита"},"byte":{"_name":"байты","one":"%1$s байт","few":"%1$s байта","many":"%1$s байт","other":"%1$s байта"},"gigabit":{"_name":"гигабиты","one":"%1$s гигабит","few":"%1$s гигабита","many":"%1$s гигабит","other":"%1$s гигабита"},"gigabyte":{"_name":"гигабайты","one":"%1$s гигабайт","few":"%1$s гигабайта","many":"%1$s гигабайт","other":"%1$s гигабайта"},"kilobit":{"_name":"килобиты","one":"%1$s килобит","few":"%1$s килобита","many":"%1$s килобит","other":"%1$s килобита"},"kilobyte":{"_name":"килобайты","one":"%1$s килобайт","few":"%1$s килобайта","many":"%1$s килобайт","other":"%1$s килобайта"},"megabit":{"_name":"мегабиты","one":"%1$s мегабит","few":"%1$s мегабита","many":"%1$s мегабит","other":"%1$s мегабита"},"megabyte":{"_name":"мегабайты","one":"%1$s мегабайт","few":"%1$s мегабайта","many":"%1$s мегабайт","other":"%1$s мегабайта"},"terabit":{"_name":"терабиты","one":"%1$s терабит","few":"%1$s терабита","many":"%1$s терабит","other":"%1$s терабита"},"terabyte":{"_name":"терабайты","one":"%1$s терабайт","few":"%1$s терабайта","many":"%1$s терабайт","other":"%1$s терабайта"}},"duration":{"day":{"_name":"дни","one":"%1$s день","few":"%1$s дня","many":"%1$s дней","other":"%1$s дня"},"hour":{"_name":"часы","one":"%1$s час","few":"%1$s часа","many":"%1$s часов","other":"%1$s часа","_per":"%1$s в час"},"microsecond":{"_name":"микросекунды","one":"%1$s микросекунда","few":"%1$s микросекунды","many":"%1$s микросекунд","other":"%1$s микросекунды"},"millisecond":{"_name":"миллисекунды","one":"%1$s миллисекунда","few":"%1$s миллисекунды","many":"%1$s миллисекунд","other":"%1$s миллисекунды"},"minute":{"_name":"минуты","one":"%1$s минута","few":"%1$s минуты","many":"%1$s минут","other":"%1$s минуты"},"month":{"_name":"месяцы","one":"%1$s месяц","few":"%1$s месяца","many":"%1$s месяцев","other":"%1$s месяца"},"nanosecond":{"_name":"наносекунды","one":"%1$s наносекунда","few":"%1$s наносекунды","many":"%1$s наносекунд","other":"%1$s наносекунды"},"second":{"_name":"секунды","one":"%1$s секунда","few":"%1$s секунды","many":"%1$s секунд","other":"%1$s секунды","_per":"%1$s в секунду"},"week":{"_name":"недели","one":"%1$s неделя","few":"%1$s недели","many":"%1$s недель","other":"%1$s недели"},"year":{"_name":"годы","one":"%1$s год","few":"%1$s года","many":"%1$s лет","other":"%1$s года"}},"electric":{"ampere":{"_name":"амперы","one":"%1$s ампер","few":"%1$s ампера","many":"%1$s ампер","other":"%1$s ампера"},"milliampere":{"_name":"миллиамперы","one":"%1$s миллиампер","few":"%1$s миллиампера","many":"%1$s миллиампер","other":"%1$s миллиампера"},"ohm":{"_name":"омы","one":"%1$s ом","few":"%1$s ома","many":"%1$s ом","other":"%1$s ома"},"volt":{"_name":"вольты","one":"%1$s вольт","few":"%1$s вольта","many":"%1$s вольт","other":"%1$s вольта"}},"energy":{"calorie":{"_name":"калории","one":"%1$s калория","few":"%1$s калории","many":"%1$s калорий","other":"%1$s калории"},"foodcalorie":{"_name":"калории","one":"%1$s калория","few":"%1$s калории","many":"%1$s калорий","other":"%1$s калории"},"joule":{"_name":"джоули","one":"%1$s джоуль","few":"%1$s джоуля","many":"%1$s джоулей","other":"%1$s джоуля"},"kilocalorie":{"_name":"килокалории","one":"%1$s килокалория","few":"%1$s килокалории","many":"%1$s килокалорий","other":"%1$s килокалории"},"kilojoule":{"_name":"килоджоули","one":"%1$s килоджоуль","few":"%1$s килоджоуля","many":"%1$s килоджоулей","other":"%1$s килоджоуля"},"kilowatt-hour":{"_name":"киловатт-часы","one":"%1$s киловатт-час","few":"%1$s киловатт-часа","many":"%1$s киловатт-часов","other":"%1$s киловатт-часа"}},"frequency":{"gigahertz":{"_name":"гигагерцы","one":"%1$s гигагерц","few":"%1$s гигагерца","many":"%1$s гигагерц","other":"%1$s гигагерца"},"hertz":{"_name":"герцы","one":"%1$s герц","few":"%1$s герца","many":"%1$s герц","other":"%1$s герца"},"kilohertz":{"_name":"килогерцы","one":"%1$s килогерц","few":"%1$s килогерца","many":"%1$s килогерц","other":"%1$s килогерца"},"megahertz":{"_name":"мегагерцы","one":"%1$s мегагерц","few":"%1$s мегагерца","many":"%1$s мегагерц","other":"%1$s мегагерца"}},"length":{"astronomical-unit":{"_name":"астрономические единицы","one":"%1$s астрономическая единица","few":"%1$s астрономические единицы","many":"%1$s астрономических единиц","other":"%1$s астрономической единицы"},"centimeter":{"_name":"сантиметры","one":"%1$s сантиметр","few":"%1$s сантиметра","many":"%1$s сантиметров","other":"%1$s сантиметра"},"decimeter":{"_name":"дециметры","one":"%1$s дециметр","few":"%1$s дециметра","many":"%1$s дециметров","other":"%1$s дециметра"},"fathom":{"_name":"fm","other":"%1$s fm"},"foot":{"_name":"футы","one":"%1$s фут","few":"%1$s фута","many":"%1$s футов","other":"%1$s фута"},"furlong":{"_name":"fur","other":"%1$s fur"},"inch":{"_name":"дюймы","one":"%1$s дюйм","few":"%1$s дюйма","many":"%1$s дюймов","other":"%1$s дюйма"},"kilometer":{"_name":"километры","one":"%1$s километр","few":"%1$s километра","many":"%1$s километров","other":"%1$s километра"},"light-year":{"_name":"световые годы","one":"%1$s световой год","few":"%1$s световых года","many":"%1$s световых лет","other":"%1$s световых года"},"meter":{"_name":"метры","one":"%1$s метр","few":"%1$s метра","many":"%1$s метров","other":"%1$s метра"},"micrometer":{"_name":"микрометры","one":"%1$s микрометр","few":"%1$s микрометра","many":"%1$s микрометров","other":"%1$s микрометра"},"mile":{"_name":"мили","one":"%1$s миля","few":"%1$s мили","many":"%1$s миль","other":"%1$s мили"},"millimeter":{"_name":"миллиметры","one":"%1$s миллиметр","few":"%1$s миллиметра","many":"%1$s миллиметров","other":"%1$s миллиметра"},"nanometer":{"_name":"нанометры","one":"%1$s нанометр","few":"%1$s нанометра","many":"%1$s нанометров","other":"%1$s нанометра"},"nautical-mile":{"_name":"морские мили","one":"%1$s морская миля","few":"%1$s морские мили","many":"%1$s морских миль","other":"%1$s морской мили"},"parsec":{"_name":"парсеки","one":"%1$s парсек","few":"%1$s парсека","many":"%1$s парсеков","other":"%1$s парсека"},"picometer":{"_name":"пикометры","one":"%1$s пикометр","few":"%1$s пикометра","many":"%1$s пикометров","other":"%1$s пикометра"},"yard":{"_name":"ярды","one":"%1$s ярд","few":"%1$s ярда","many":"%1$s ярдов","other":"%1$s ярда"}},"light":{"lux":{"_name":"люксы","one":"%1$s люкс","few":"%1$s люкса","many":"%1$s люкс","other":"%1$s люкса"}},"mass":{"carat":{"_name":"караты","one":"%1$s карат","few":"%1$s карата","many":"%1$s карат","other":"%1$s карата"},"gram":{"_name":"граммы","one":"%1$s грамм","few":"%1$s грамма","many":"%1$s грамм","other":"%1$s грамма"},"kilogram":{"_name":"килограммы","one":"%1$s килограмм","few":"%1$s килограмма","many":"%1$s килограмм","other":"%1$s килограмма"},"metric-ton":{"_name":"тонны","one":"%1$s тонна","few":"%1$s тонны","many":"%1$s тонн","other":"%1$s тонны"},"microgram":{"_name":"микрограммы","one":"%1$s микрограмм","few":"%1$s микрограмма","many":"%1$s микрограммов","other":"%1$s микрограмма"},"milligram":{"_name":"миллиграммы","one":"%1$s миллиграмм","few":"%1$s миллиграмма","many":"%1$s миллиграммов","other":"%1$s миллиграмма"},"ounce":{"_name":"унции","one":"%1$s унция","few":"%1$s унции","many":"%1$s унций","other":"%1$s унции"},"ounce-troy":{"_name":"тройские унции","one":"%1$s тройская унция","few":"%1$s тройские унции","many":"%1$s тройских унций","other":"%1$s тройской унции"},"pound":{"_name":"фунты","one":"%1$s фунт","few":"%1$s фунта","many":"%1$s фунтов","other":"%1$s фунта"},"stone":{"_name":"st","other":"%1$s st"},"ton":{"_name":"американские тонны","one":"%1$s американская тонна","few":"%1$s американские тонны","many":"%1$s американских тонн","other":"%1$s американской тонны"}},"power":{"gigawatt":{"_name":"гигаватты","one":"%1$s гигаватт","few":"%1$s гигаватта","many":"%1$s гигаватт","other":"%1$s гигаватта"},"horsepower":{"_name":"лошадиные силы","one":"%1$s лошадиная сила","few":"%1$s лошадиных силы","many":"%1$s лошадиных сил","other":"%1$s лошадиной силы"},"kilowatt":{"_name":"киловатты","one":"%1$s киловатт","few":"%1$s киловатта","many":"%1$s киловатт","other":"%1$s киловатта"},"megawatt":{"_name":"мегаватты","one":"%1$s мегаватт","few":"%1$s мегаватта","many":"%1$s мегаватт","other":"%1$s мегаватта"},"milliwatt":{"_name":"милливатты","one":"%1$s милливатт","few":"%1$s милливатта","many":"%1$s милливатт","other":"%1$s милливатта"},"watt":{"_name":"ватты","one":"%1$s ватт","few":"%1$s ватта","many":"%1$s ватт","other":"%1$s ватта"}},"pressure":{"hectopascal":{"_name":"гектопаскали","one":"%1$s гектопаскаль","few":"%1$s гектопаскаля","many":"%1$s гектопаскалей","other":"%1$s гектопаскаля"},"inch-hg":{"_name":"дюймы ртутного столба","one":"%1$s дюйм ртутного столба","few":"%1$s дюйма ртутного столба","many":"%1$s дюймов ртутного столба","other":"%1$sдюйма ртутного столба"},"millibar":{"_name":"миллибары","one":"%1$s миллибар","few":"%1$s миллибара","many":"%1$s миллибар","other":"%1$s миллибара"},"millimeter-of-mercury":{"_name":"миллиметры ртутного столба","one":"%1$s миллиметр ртутного столба","few":"%1$s миллиметра ртутного столба","many":"%1$s миллиметров ртутного столба","other":"%1$s миллиметра ртутного столба"},"pound-per-square-inch":{"_name":"фунты на квадратный дюйм","one":"%1$s фунт на квадратный дюйм","few":"%1$s фунта на квадратный дюйм","many":"%1$s фунтов на квадратный дюйм","other":"%1$s фунта на квадратный дюйм"}},"proportion":{"karat":{"_name":"караты","one":"%1$s карат","few":"%1$s карата","many":"%1$s карат","other":"%1$s карата"}},"speed":{"kilometer-per-hour":{"_name":"километры в час","one":"%1$s километр в час","few":"%1$s километра в час","many":"%1$s километров в час","other":"%1$s километра в час"},"meter-per-second":{"_name":"метры в секунду","one":"%1$s метр в секунду","few":"%1$s метра в секундыу","many":"%1$s метров в секунду","other":"%1$s метра в секунду"},"mile-per-hour":{"_name":"мили в час","one":"%1$s миля в час","few":"%1$s мили в час","many":"%1$s миль в час","other":"%1$s мили в час"}},"temperature":{"celsius":{"_name":"градусы Цельсия","one":"%1$sградус Цельсия","few":"%1$s градуса Цельсия","many":"%1$sградусов Цельсия","other":"%1$sградуса Цельсия"},"fahrenheit":{"_name":"градусы по Фаренгейту","one":"%1$s градус по Фаренгейту","few":"%1$s градуса по Фаренгейту","many":"%1$s градусов по Фаренгейту","other":"%1$s градуса по Фаренгейту"},"generic":{"_name":"°","other":"%1$s°"},"kelvin":{"_name":"градусы по Кельвину","one":"%1$s градус по Кельвину","few":"%1$s градуса по Кельвину","many":"%1$s градусов по Кельвину","other":"%1$s градуса по Кельвину"}},"volume":{"acre-foot":{"_name":"акрофуты","one":"%1$s акрофут","few":"%1$s акрофута","many":"%1$s акрофутов","other":"%1$s акрофута"},"bushel":{"_name":"bu","other":"%1$s bu"},"centiliter":{"_name":"сантилитры","one":"%1$s сантилитр","few":"%1$s сантилитра","many":"%1$s сантилитров","other":"%1$s сантилитра"},"cubic-centimeter":{"_name":"кубические сантиметры","one":"%1$s кубический сантиметр","few":"%1$s кубических сантиметра","many":"%1$s кубических сантиметров","other":"%1$s кубического сантиметра"},"cubic-foot":{"_name":"кубические футы","one":"%1$s кубический фут","few":"%1$s кубических фута","many":"%1$s кубических футов","other":"%1$s кубического фута"},"cubic-inch":{"_name":"кубические дюймы","one":"%1$s кубический дюйм","few":"%1$s кубических дюйма","many":"%1$s кубических дюймов","other":"%1$s кубического дюйма"},"cubic-kilometer":{"_name":"кубические километры","one":"%1$s кубический километр","few":"%1$s кубических километра","many":"%1$s кубических километров","other":"%1$s кубического километра"},"cubic-meter":{"_name":"кубические метры","one":"%1$s кубический метр","few":"%1$s кубических метра","many":"%1$s кубических метров","other":"%1$s кубического метра"},"cubic-mile":{"_name":"кубические мили","one":"%1$s кубическая миля","few":"%1$s кубических мили","many":"%1$s кубических миль","other":"%1$s кубической мили"},"cubic-yard":{"_name":"кубические ярды","one":"%1$s кубический ярд","few":"%1$s кубических ярда","many":"%1$s кубических ярдов","other":"%1$s кубического ярда"},"cup":{"_name":"чашки","one":"%1$s чашка","few":"%1$s чашки","many":"%1$s чашек","other":"%1$s чашки"},"deciliter":{"_name":"децилитры","one":"%1$s децилитр","few":"%1$s децилитра","many":"%1$s децилитров","other":"%1$s децилитра"},"fluid-ounce":{"_name":"жидкие унции","one":"%1$s жидкая унция","few":"%1$s жидкие унции","many":"%1$s жидких унций","other":"%1$s жидкой унции"},"gallon":{"_name":"галлоны","one":"%1$s галлон","few":"%1$s галлона","many":"%1$s галлонов","other":"%1$s галлона"},"hectoliter":{"_name":"гектолитры","one":"%1$s гектолитр","few":"%1$s гектолитра","many":"%1$s гектолитров","other":"%1$s гектолитра"},"liter":{"_name":"литры","one":"%1$s литр","few":"%1$s литра","many":"%1$s литра","other":"%1$s литра"},"megaliter":{"_name":"мегалитры","one":"%1$s мегалитр","few":"%1$s мегалитра","many":"%1$s мегалитров","other":"%1$s мегалитра"},"milliliter":{"_name":"миллилитры","one":"%1$s миллилитр","few":"%1$s миллилитра","many":"%1$s миллилитров","other":"%1$s миллилитра"},"pint":{"_name":"пинты","one":"%1$s пинта","few":"%1$s пинты","many":"%1$s пинт","other":"%1$s пинты"},"quart":{"_name":"кварты","one":"%1$s кварта","few":"%1$s кварты","many":"%1$s кварт","other":"%1$s кварты"},"tablespoon":{"_name":"столовые ложки","one":"%1$s столовая ложка","few":"%1$s столовые ложки","many":"%1$s столовых ложек","other":"%1$s столовой ложки"},"teaspoon":{"_name":"чайные ложки","one":"%1$s чайная ложка","few":"%1$s чайные ложки","many":"%1$s чайных ложек","other":"%1$s чайной ложки"}}},"short":{"_compoundPattern":"%1$s/%2$s","acceleration":{"g-force":{"_name":"g","one":"%1$s g","few":"%1$s g","many":"%1$s g","other":"%1$s g"},"meter-per-second-squared":{"_name":"м/с²","one":"%1$s м/с²","few":"%1$s м/с²","many":"%1$s м/с²","other":"%1$s м/с²"}},"angle":{"arc-minute":{"_name":"минуты","one":"%1$s′","few":"%1$s′","many":"%1$s′","other":"%1$s′"},"arc-second":{"_name":"секунды","one":"%1$s″","few":"%1$s″","many":"%1$s″","other":"%1$s″"},"degree":{"_name":"градусы","one":"%1$s°","few":"%1$s°","many":"%1$s°","other":"%1$s°"},"radian":{"_name":"рад","one":"%1$s рад","few":"%1$s рад","many":"%1$s рад","other":"%1$s рад"}},"area":{"acre":{"_name":"акры","one":"%1$s акр","few":"%1$s акра","many":"%1$s акров","other":"%1$s акра"},"hectare":{"_name":"гектары","one":"%1$s га","few":"%1$s га","many":"%1$s га","other":"%1$s га"},"square-centimeter":{"_name":"квадратные сантиметры","one":"%1$s см²","few":"%1$s см²","many":"%1$s см²","other":"%1$s см²"},"square-foot":{"_name":"квадратные футы","one":"%1$s кв. фут","few":"%1$s кв. фута","many":"%1$s кв. футов","other":"%1$s кв. фута"},"square-inch":{"_name":"квадратные дюймы","one":"%1$s кв. дюйм","few":"%1$s кв. дюйм.","many":"%1$s кв. дюйм.","other":"%1$s кв. дюйм."},"square-kilometer":{"_name":"квадратные километры","one":"%1$s км²","few":"%1$s км²","many":"%1$s км²","other":"%1$s км²"},"square-meter":{"_name":"квадратные метры","one":"%1$s м²","few":"%1$s м²","many":"%1$s м²","other":"%1$s м²"},"square-mile":{"_name":"квадратные мили","one":"%1$s кв. миля","few":"%1$s кв. мили","many":"%1$s кв. миль","other":"%1$s кв. мили"},"square-yard":{"_name":"квадратные ярды","one":"%1$s кв. ярд","few":"%1$s кв. ярда","many":"%1$s кв. ярдов","other":"%1$s кв. ярда"}},"consumption":{"liter-per-kilometer":{"_name":"л/км","one":"%1$s л/км","few":"%1$s л/км","many":"%1$s л/км","other":"%1$s л/км"},"mile-per-gallon":{"_name":"миль/галл.","one":"%1$s миля/галл.","few":"%1$s мили/галл.","many":"%1$s миль/галл.","other":"%1$s мили/галл."}},"digital":{"bit":{"_name":"бит","one":"%1$s бит","few":"%1$s бита","many":"%1$s бит","other":"%1$s бита"},"byte":{"_name":"Б","one":"%1$s Б","few":"%1$s Б","many":"%1$s Б","other":"%1$s Б"},"gigabit":{"_name":"Гбит","one":"%1$s Гбит","few":"%1$s Гбит","many":"%1$s Гбит","other":"%1$s Гбит"},"gigabyte":{"_name":"ГБ","one":"%1$s ГБ","few":"%1$s ГБ","many":"%1$s ГБ","other":"%1$s ГБ"},"kilobit":{"_name":"кбит","one":"%1$s кбит","few":"%1$s кбит","many":"%1$s кбит","other":"%1$s кбит"},"kilobyte":{"_name":"кБ","one":"%1$s кБ","few":"%1$s кБ","many":"%1$s кБ","other":"%1$s кБ"},"megabit":{"_name":"Мбит","one":"%1$s Мбит","few":"%1$s Мбит","many":"%1$s Мбит","other":"%1$s Мбит"},"megabyte":{"_name":"МБ","one":"%1$s МБ","few":"%1$s МБ","many":"%1$s МБ","other":"%1$s МБ"},"terabit":{"_name":"Тбит","one":"%1$s Тбит","few":"%1$s Тбит","many":"%1$s Тбит","other":"%1$s Тбит"},"terabyte":{"_name":"ТБ","one":"%1$s ТБ","few":"%1$s ТБ","many":"%1$s ТБ","other":"%1$s ТБ"}},"duration":{"day":{"_name":"дн","one":"%1$s дн","few":"%1$s дн","many":"%1$s дн","other":"%1$s дн"},"hour":{"_name":"ч","one":"%1$s ч","few":"%1$s ч","many":"%1$s ч","other":"%1$s ч","_per":"%1$s/ч"},"microsecond":{"_name":"мкс","one":"%1$s мкс","few":"%1$s мкс","many":"%1$s мкс","other":"%1$s мкс"},"millisecond":{"_name":"мс","one":"%1$s мс","few":"%1$s мс","many":"%1$s мс","other":"%1$s мс"},"minute":{"_name":"мин","one":"%1$s мин","few":"%1$s мин","many":"%1$s мин","other":"%1$s мин"},"month":{"_name":"мес","one":"%1$s мес","few":"%1$s мес","many":"%1$s мес","other":"%1$s мес"},"nanosecond":{"_name":"нс","one":"%1$s нс","few":"%1$s нс","many":"%1$s нс","other":"%1$s нс"},"second":{"_name":"сек","one":"%1$s сек","few":"%1$s сек","many":"%1$s сек","other":"%1$s сек","_per":"%1$s/c"},"week":{"_name":"нед","one":"%1$s нед","few":"%1$s нед","many":"%1$s нед","other":"%1$s нед"},"year":{"_name":"г.","one":"%1$s г.","few":"%1$s г.","many":"%1$s л.","other":"%1$s г."}},"electric":{"ampere":{"_name":"А","one":"%1$s А","few":"%1$s А","many":"%1$s А","other":"%1$s А"},"milliampere":{"_name":"мА","one":"%1$s мА","few":"%1$s мА","many":"%1$s мА","other":"%1$s мА"},"ohm":{"_name":"Ом","one":"%1$s Ом","few":"%1$s Ом","many":"%1$s Ом","other":"%1$s Ом"},"volt":{"_name":"В","one":"%1$s В","few":"%1$s В","many":"%1$s В","other":"%1$s В"}},"energy":{"calorie":{"_name":"кал","one":"%1$s кал","few":"%1$s кал","many":"%1$s кал","other":"%1$s кал"},"foodcalorie":{"_name":"кал","one":"%1$s кал","few":"%1$s кал","many":"%1$s кал","other":"%1$s кал"},"joule":{"_name":"Дж","one":"%1$s Дж","few":"%1$s Дж","many":"%1$s Дж","other":"%1$s Дж"},"kilocalorie":{"_name":"ккал","one":"%1$s ккал","few":"%1$s ккал","many":"%1$s ккал","other":"%1$s ккал"},"kilojoule":{"_name":"кДж","one":"%1$s кДж","few":"%1$s кДж","many":"%1$s кДж","other":"%1$s кДж"},"kilowatt-hour":{"_name":"кВт⋅ч","one":"%1$s кВт⋅ч","few":"%1$s кВт⋅ч","many":"%1$s кВт⋅ч","other":"%1$s кВт⋅ч"}},"frequency":{"gigahertz":{"_name":"ГГц","one":"%1$s ГГц","few":"%1$s ГГц","many":"%1$s ГГц","other":"%1$s ГГц"},"hertz":{"_name":"Гц","one":"%1$s Гц","few":"%1$s Гц","many":"%1$s Гц","other":"%1$s Гц"},"kilohertz":{"_name":"кГц","one":"%1$s кГц","few":"%1$s кГц","many":"%1$s кГц","other":"%1$s кГц"},"megahertz":{"_name":"МГц","one":"%1$s МГц","few":"%1$s МГц","many":"%1$s МГц","other":"%1$s МГц"}},"length":{"astronomical-unit":{"_name":"а. е.","one":"%1$s а. е.","few":"%1$s а. е.","many":"%1$s а. е.","other":"%1$s а. е."},"centimeter":{"_name":"см","one":"%1$s см","few":"%1$s см","many":"%1$s см","other":"%1$s см"},"decimeter":{"_name":"дм","one":"%1$s дм","few":"%1$s дм","many":"%1$s дм","other":"%1$s дм"},"fathom":{"_name":"fm","other":"%1$s fm"},"foot":{"_name":"футы","one":"%1$s фут","few":"%1$s фута","many":"%1$s футов","other":"%1$s фута"},"furlong":{"_name":"fur","other":"%1$s fur"},"inch":{"_name":"дюйм.","one":"%1$s дюйм","few":"%1$s дюйм.","many":"%1$s дюйм.","other":"%1$s дюйм."},"kilometer":{"_name":"км","one":"%1$s км","few":"%1$s км","many":"%1$s км","other":"%1$s км"},"light-year":{"_name":"св. годы","one":"%1$s св. г.","few":"%1$s св. г.","many":"%1$s св. л.","other":"%1$s св. г."},"meter":{"_name":"метры","one":"%1$s м","few":"%1$s м","many":"%1$s м","other":"%1$s м"},"micrometer":{"_name":"мкм","one":"%1$s мкм","few":"%1$s мкм","many":"%1$s мкм","other":"%1$s мкм"},"mile":{"_name":"мили","one":"%1$s миля","few":"%1$s мили","many":"%1$s миль","other":"%1$s мили"},"millimeter":{"_name":"мм","one":"%1$s мм","few":"%1$s мм","many":"%1$s мм","other":"%1$s мм"},"nanometer":{"_name":"нанометр","one":"%1$s нм","few":"%1$s нм","many":"%1$s нм","other":"%1$s нм"},"nautical-mile":{"_name":"мор. мили","one":"%1$s мор. миля","few":"%1$s мор. мили","many":"%1$s мор. миль","other":"%1$s мор. мили"},"parsec":{"_name":"парсеки","one":"%1$s пк","few":"%1$s пк","many":"%1$s пк","other":"%1$s пк"},"picometer":{"_name":"пм","one":"%1$s пм","few":"%1$s пм","many":"%1$s пм","other":"%1$s пм"},"yard":{"_name":"ярда","one":"%1$s ярд","few":"%1$s ярда","many":"%1$s ярдов","other":"%1$s ярда"}},"light":{"lux":{"_name":"лк","one":"%1$s лк","few":"%1$s лк","many":"%1$s лк","other":"%1$s лк"}},"mass":{"carat":{"_name":"кар","one":"%1$s кар","few":"%1$s кар","many":"%1$s кар","other":"%1$s кар"},"gram":{"_name":"граммы","one":"%1$s г","few":"%1$s г","many":"%1$s г","other":"%1$s г"},"kilogram":{"_name":"кг","one":"%1$s кг","few":"%1$s кг","many":"%1$s кг","other":"%1$s кг"},"metric-ton":{"_name":"т","one":"%1$s т","few":"%1$s т","many":"%1$s т","other":"%1$s т"},"microgram":{"_name":"мкг","one":"%1$s мкг","few":"%1$s мкг","many":"%1$s мкг","other":"%1$s мкг"},"milligram":{"_name":"мг","one":"%1$s мг","few":"%1$s мг","many":"%1$s мг","other":"%1$s мг"},"ounce":{"_name":"унц.","one":"%1$s унц.","few":"%1$s унц.","many":"%1$s унц.","other":"%1$s унц."},"ounce-troy":{"_name":"тр. унц.","one":"%1$s тр. унц.","few":"%1$s тр. унц.","many":"%1$s тр. унц.","other":"%1$s тр. унц."},"pound":{"_name":"фунт.","one":"%1$s фунт.","few":"%1$s фунт.","many":"%1$s фунт.","other":"%1$s фунт."},"stone":{"_name":"st","other":"%1$s st"},"ton":{"_name":"амер. т","one":"%1$s амер. т","few":"%1$s амер. т","many":"%1$s амер. т","other":"%1$s амер. т"}},"power":{"gigawatt":{"_name":"ГВт","one":"%1$s ГВт","few":"%1$s ГВт","many":"%1$s ГВт","other":"%1$s ГВт"},"horsepower":{"_name":"л.с.","one":"%1$s л.с.","few":"%1$s л.с.","many":"%1$s л.с.","other":"%1$s л.с."},"kilowatt":{"_name":"кВт","one":"%1$s кВт","few":"%1$s кВт","many":"%1$s кВт","other":"%1$s кВт"},"megawatt":{"_name":"МВт","one":"%1$s МВт","few":"%1$s МВт","many":"%1$s МВт","other":"%1$s МВт"},"milliwatt":{"_name":"мВт","one":"%1$s мВт","few":"%1$s мВт","many":"%1$s мВт","other":"%1$s мВт"},"watt":{"_name":"Вт","one":"%1$s Вт","few":"%1$s Вт","many":"%1$s Вт","other":"%1$s Вт"}},"pressure":{"hectopascal":{"_name":"гПа","one":"%1$s гПа","few":"%1$s гПа","many":"%1$s гПа","other":"%1$s гПа"},"inch-hg":{"_name":"дюймы рт. ст","one":"%1$s д. рт. ст.","few":"%1$s д. рт. ст.","many":"%1$s д. рт. ст.","other":"%1$s д. рт. ст."},"millibar":{"_name":"мбар","one":"%1$s мбар","few":"%1$s мбар","many":"%1$s мбар","other":"%1$s мбар"},"millimeter-of-mercury":{"_name":"мм рт. ст.","one":"%1$s мм рт. ст.","few":"%1$s мм рт. ст.","many":"%1$s мм рт. ст.","other":"%1$s мм рт. ст."},"pound-per-square-inch":{"_name":"ф. на кв. д.","one":"%1$s ф./кв. д.","few":"%1$s ф./кв. д.","many":"%1$s ф./кв. д.","other":"%1$s ф./кв. д."}},"proportion":{"karat":{"_name":"кар","one":"%1$s кар","few":"%1$s кар","many":"%1$s кар","other":"%1$s кар"}},"speed":{"kilometer-per-hour":{"_name":"км/ч","one":"%1$s км/ч","few":"%1$s км/ч","many":"%1$s км/ч","other":"%1$s км/ч"},"meter-per-second":{"_name":"м/с","one":"%1$s м/с","few":"%1$s м/с","many":"%1$s м/с","other":"%1$s м/с"},"mile-per-hour":{"_name":"мили/час","one":"%1$s миль/час","few":"%1$s мили/час","many":"%1$s миль/час","other":"%1$s мили/час"}},"temperature":{"celsius":{"_name":"°C","one":"%1$s °C","few":"%1$s °C","many":"%1$s °C","other":"%1$s °C"},"fahrenheit":{"_name":"°F","one":"%1$s°F","few":"%1$s°F","many":"%1$s°F","other":"%1$s°F"},"generic":{"_name":"°","other":"%1$s°"},"kelvin":{"_name":"K","one":"%1$s K","few":"%1$s K","many":"%1$s K","other":"%1$s K"}},"volume":{"acre-foot":{"_name":"акрофуты","one":"%1$s акрофут","few":"%1$s акрофута","many":"%1$s акрофутов","other":"%1$s акрофута"},"bushel":{"_name":"bu","other":"%1$s bu"},"centiliter":{"_name":"сл","one":"%1$s сл","few":"%1$s сл","many":"%1$s сл","other":"%1$s сл"},"cubic-centimeter":{"_name":"см³","one":"%1$s см³","few":"%1$s см³","many":"%1$s см³","other":"%1$s см³"},"cubic-foot":{"_name":"куб. футы","one":"%1$s куб. фут","few":"%1$s куб. фута","many":"%1$s куб. футов","other":"%1$s куб. фута"},"cubic-inch":{"_name":"куб. дюймы","one":"%1$s куб. дюйм","few":"%1$s куб. дюйма","many":"%1$s куб. дюймов","other":"%1$s куб. дюйма"},"cubic-kilometer":{"_name":"км³","one":"%1$s км³","few":"%1$s км³","many":"%1$s км³","other":"%1$s км³"},"cubic-meter":{"_name":"м³","one":"%1$s м³","few":"%1$s м³","many":"%1$s м³","other":"%1$s м³"},"cubic-mile":{"_name":"куб. мили","one":"%1$s куб. миля","few":"%1$s куб. мили","many":"%1$s куб. мили","other":"%1$s куб. мили"},"cubic-yard":{"_name":"куб. ярды","one":"%1$s куб. ярд","few":"%1$s куб. ярда","many":"%1$s куб. ярдов","other":"%1$s куб. ярда"},"cup":{"_name":"чаш.","one":"%1$s чаш.","few":"%1$s чаш.","many":"%1$s чаш.","other":"%1$s чаш."},"deciliter":{"_name":"дл","one":"%1$s дл","few":"%1$s дл","many":"%1$s дл","other":"%1$s дл"},"fluid-ounce":{"_name":"жидк. унц.","one":"%1$s жидк. унц.","few":"%1$s жидк. унц.","many":"%1$s жидк. унц.","other":"%1$s жидк. унц."},"gallon":{"_name":"гал.","one":"%1$s гал.","few":"%1$s гал.","many":"%1$s гал.","other":"%1$s гал."},"hectoliter":{"_name":"гл","one":"%1$s гл","few":"%1$s гл","many":"%1$s гл","other":"%1$s гл"},"liter":{"_name":"л","one":"%1$s л","few":"%1$s л","many":"%1$s л","other":"%1$s л"},"megaliter":{"_name":"Мл","one":"%1$s Мл","few":"%1$s Мл","many":"%1$s Мл","other":"%1$s Мл"},"milliliter":{"_name":"мл","one":"%1$s мл","few":"%1$s мл","many":"%1$s мл","other":"%1$s мл"},"pint":{"_name":"пинт.","one":"%1$s пинт.","few":"%1$s пинт.","many":"%1$s пинт.","other":"%1$s пинт."},"quart":{"_name":"кварт.","one":"%1$s кварт.","few":"%1$s кварт.","many":"%1$s кварт.","other":"%1$s кварт."},"tablespoon":{"_name":"ст. л.","one":"%1$s ст. л.","few":"%1$s ст. л.","many":"%1$s ст. л.","other":"%1$s ст. л."},"teaspoon":{"_name":"ч.л.","one":"%1$s ч.л.","few":"%1$s ч.л.","many":"%1$s ч.л.","other":"%1$s ч.л."}}},"narrow":{"_compoundPattern":"%1$s/%2$s","acceleration":{"g-force":{"_name":"g","one":"%1$s G","few":"%1$s G","many":"%1$s G","other":"%1$s G"},"meter-per-second-squared":{"_name":"м/с²","one":"%1$s м/с²","few":"%1$s м/с²","many":"%1$s м/с²","other":"%1$s м/с²"}},"angle":{"arc-minute":{"_name":"минуты","one":"%1$s′","few":"%1$s′","many":"%1$s′","other":"%1$s′"},"arc-second":{"_name":"секунды","one":"%1$s″","few":"%1$s″","many":"%1$s″","other":"%1$s″"},"degree":{"_name":"градусы","one":"%1$s°","few":"%1$s°","many":"%1$s°","other":"%1$s°"},"radian":{"_name":"рад","one":"%1$s рад","few":"%1$s рад","many":"%1$s рад","other":"%1$s рад"}},"area":{"acre":{"_name":"акры","one":"%1$s акр","few":"%1$s акра","many":"%1$s акров","other":"%1$s акра"},"hectare":{"_name":"гектары","one":"%1$s га","few":"%1$s га","many":"%1$s га","other":"%1$s га"},"square-centimeter":{"_name":"квадратные сантиметры","one":"%1$s см²","few":"%1$s см²","many":"%1$s см²","other":"%1$s см²"},"square-foot":{"_name":"квадратные футы","one":"%1$s кв. фут","few":"%1$s кв. фута","many":"%1$s кв. футов","other":"%1$s кв. фута"},"square-inch":{"_name":"квадратные дюймы","one":"%1$s кв. дюйм.","few":"%1$s кв. дюйм.","many":"%1$s кв. дюйм.","other":"%1$s кв. дюйм."},"square-kilometer":{"_name":"квадратные километры","one":"%1$s км²","few":"%1$s км²","many":"%1$s км²","other":"%1$s км²"},"square-meter":{"_name":"квадратные метры","one":"%1$s м²","few":"%1$s м²","many":"%1$s м²","other":"%1$s м²"},"square-mile":{"_name":"квадратные мили","one":"%1$s кв. миля","few":"%1$s кв. мили","many":"%1$s кв. миль","other":"%1$s кв. мили"},"square-yard":{"_name":"квадратные ярды","one":"%1$s кв. ярда","few":"%1$s кв. ярда","many":"%1$s кв. ярда","other":"%1$s кв. ярда"}},"consumption":{"liter-per-kilometer":{"_name":"л/км","one":"%1$s л/км","few":"%1$s л/км","many":"%1$s л/км","other":"%1$s л/км"},"mile-per-gallon":{"_name":"миль/галл.","one":"%1$s мили/галл.","few":"%1$s мили/галл.","many":"%1$s мили/галл.","other":"%1$s мили/галл."}},"digital":{"bit":{"_name":"бит","one":"%1$s бита","few":"%1$s бита","many":"%1$s бита","other":"%1$s бита"},"byte":{"_name":"Б","one":"%1$s Б","few":"%1$s Б","many":"%1$s Б","other":"%1$s Б"},"gigabit":{"_name":"Гбит","one":"%1$s Гбит","few":"%1$s Гбит","many":"%1$s Гбит","other":"%1$s Гбит"},"gigabyte":{"_name":"ГБ","one":"%1$s ГБ","few":"%1$s ГБ","many":"%1$s ГБ","other":"%1$s ГБ"},"kilobit":{"_name":"кбит","one":"%1$s кбит","few":"%1$s кбит","many":"%1$s кбит","other":"%1$s кбит"},"kilobyte":{"_name":"кБ","one":"%1$s кБ","few":"%1$s кБ","many":"%1$s кБ","other":"%1$s кБ"},"megabit":{"_name":"Мбит","one":"%1$s Мбит","few":"%1$s Мбит","many":"%1$s Мбит","other":"%1$s Мбит"},"megabyte":{"_name":"МБ","one":"%1$s МБ","few":"%1$s МБ","many":"%1$s МБ","other":"%1$s МБ"},"terabit":{"_name":"Тбит","one":"%1$s Тбит","few":"%1$s Тбит","many":"%1$s Тбит","other":"%1$s Тбит"},"terabyte":{"_name":"ТБ","one":"%1$s ТБ","few":"%1$s ТБ","many":"%1$s ТБ","other":"%1$s ТБ"}},"duration":{"day":{"_name":"д.","one":"%1$s д.","few":"%1$s д.","many":"%1$s д.","other":"%1$s д."},"hour":{"_name":"ч","one":"%1$s ч","few":"%1$s ч","many":"%1$s ч","other":"%1$s ч","_per":"%1$s/ч"},"microsecond":{"_name":"мкс","one":"%1$s мкс","few":"%1$s мкс","many":"%1$s мкс","other":"%1$s мкс"},"millisecond":{"_name":"мс","one":"%1$s мс","few":"%1$s мс","many":"%1$s мс","other":"%1$s мс"},"minute":{"_name":"мин.","one":"%1$s мин","few":"%1$s мин","many":"%1$s мин","other":"%1$s мин"},"month":{"_name":"мес","one":"%1$s м.","few":"%1$s м.","many":"%1$s м.","other":"%1$s м."},"nanosecond":{"_name":"нс","one":"%1$s нс","few":"%1$s нс","many":"%1$s нс","other":"%1$s нс"},"second":{"_name":"c","one":"%1$s с","few":"%1$s с","many":"%1$s с","other":"%1$s с","_per":"%1$s/c"},"week":{"_name":"нед","one":"%1$s н.","few":"%1$s н.","many":"%1$s н.","other":"%1$s н."},"year":{"_name":"г.","one":"%1$s г.","few":"%1$s л.","many":"%1$s л.","other":"%1$s г."}},"electric":{"ampere":{"_name":"А","one":"%1$s А","few":"%1$s А","many":"%1$s А","other":"%1$s А"},"milliampere":{"_name":"мА","one":"%1$s мА","few":"%1$s мА","many":"%1$s мА","other":"%1$s мА"},"ohm":{"_name":"Ом","one":"%1$s Ом","few":"%1$s Ом","many":"%1$s Ом","other":"%1$s Ом"},"volt":{"_name":"В","one":"%1$s В","few":"%1$s В","many":"%1$s В","other":"%1$s В"}},"energy":{"calorie":{"_name":"кал","one":"%1$s кал","few":"%1$s кал","many":"%1$s кал","other":"%1$s кал"},"foodcalorie":{"_name":"кал","one":"%1$s кал","few":"%1$s кал","many":"%1$s кал","other":"%1$s кал"},"joule":{"_name":"Дж","one":"%1$s Дж","few":"%1$s Дж","many":"%1$s Дж","other":"%1$s Дж"},"kilocalorie":{"_name":"ккал","one":"%1$s ккал","few":"%1$s ккал","many":"%1$s ккал","other":"%1$s ккал"},"kilojoule":{"_name":"кДж","one":"%1$s кДж","few":"%1$s кДж","many":"%1$s кДж","other":"%1$s кДж"},"kilowatt-hour":{"_name":"кВт⋅ч","one":"%1$s кВт⋅ч","few":"%1$s кВт⋅ч","many":"%1$s кВт⋅ч","other":"%1$s кВт⋅ч"}},"frequency":{"gigahertz":{"_name":"ГГц","one":"%1$s ГГц","few":"%1$s ГГц","many":"%1$s ГГц","other":"%1$s ГГц"},"hertz":{"_name":"Гц","one":"%1$s Гц","few":"%1$s Гц","many":"%1$s Гц","other":"%1$s Гц"},"kilohertz":{"_name":"кГц","one":"%1$s кГц","few":"%1$s кГц","many":"%1$s кГц","other":"%1$s кГц"},"megahertz":{"_name":"МГц","one":"%1$s МГц","few":"%1$s МГц","many":"%1$s МГц","other":"%1$s МГц"}},"length":{"astronomical-unit":{"_name":"а. е.","one":"%1$s а. е.","few":"%1$s а. е.","many":"%1$s а. е.","other":"%1$s а. е."},"centimeter":{"_name":"см","one":"%1$s см","few":"%1$s см","many":"%1$s см","other":"%1$s см"},"decimeter":{"_name":"дм","one":"%1$s дм","few":"%1$s дм","many":"%1$s дм","other":"%1$s дм"},"fathom":{"_name":"fm","other":"%1$s fm"},"foot":{"_name":"футы","one":"%1$s фут","few":"%1$s фута","many":"%1$s футов","other":"%1$s фута"},"furlong":{"_name":"fur","other":"%1$s fur"},"inch":{"_name":"дюйм.","one":"%1$s дюйм","few":"%1$s дюйма","many":"%1$s дюймов","other":"%1$s дюйма"},"kilometer":{"_name":"км","one":"%1$s км","few":"%1$s км","many":"%1$s км","other":"%1$s км"},"light-year":{"_name":"св. годы","one":"%1$s св. г.","few":"%1$s св. г.","many":"%1$s св. л.","other":"%1$s св. г."},"meter":{"_name":"метр","one":"%1$s м","few":"%1$s м","many":"%1$s м","other":"%1$s м"},"micrometer":{"_name":"мкм","one":"%1$s мкм","few":"%1$s мкм","many":"%1$s мкм","other":"%1$s мкм"},"mile":{"_name":"мили","one":"%1$s миля","few":"%1$s миль","many":"%1$s миль","other":"%1$s мили"},"millimeter":{"_name":"мм","one":"%1$s мм","few":"%1$s мм","many":"%1$s мм","other":"%1$s мм"},"nanometer":{"_name":"нанометр","one":"%1$s нм","few":"%1$s нм","many":"%1$s нм","other":"%1$s нм"},"nautical-mile":{"_name":"мор. мили","one":"%1$s мор. мили","few":"%1$s мор. мили","many":"%1$s мор. мили","other":"%1$s мор. мили"},"parsec":{"_name":"парсеки","one":"%1$s пк","few":"%1$s пк","many":"%1$s пк","other":"%1$s пк"},"picometer":{"_name":"пм","one":"%1$s pm","few":"%1$s pm","many":"%1$s pm","other":"%1$s pm"},"yard":{"_name":"ярда","one":"%1$s ярд","few":"%1$s ярда","many":"%1$s ярдов","other":"%1$s ярда"}},"light":{"lux":{"_name":"лк","one":"%1$s лк","few":"%1$s лк","many":"%1$s лк","other":"%1$s лк"}},"mass":{"carat":{"_name":"кар","one":"%1$s кар","few":"%1$s кар","many":"%1$s кар","other":"%1$s кар"},"gram":{"_name":"г","one":"%1$s г","few":"%1$s г","many":"%1$s г","other":"%1$s г"},"kilogram":{"_name":"кг","one":"%1$s кг","few":"%1$s кг","many":"%1$s кг","other":"%1$s кг"},"metric-ton":{"_name":"т","one":"%1$s т","few":"%1$s т","many":"%1$s т","other":"%1$s т"},"microgram":{"_name":"мкг","one":"%1$s мкг","few":"%1$s мкг","many":"%1$s мкг","other":"%1$s мкг"},"milligram":{"_name":"мг","one":"%1$s мг","few":"%1$s мг","many":"%1$s мг","other":"%1$s мг"},"ounce":{"_name":"унц.","one":"%1$s oz","few":"%1$s oz","many":"%1$s oz","other":"%1$s oz"},"ounce-troy":{"_name":"тр. унц.","one":"%1$s тр. унц.","few":"%1$s тр. унц.","many":"%1$s тр. унц.","other":"%1$s тр. унц."},"pound":{"_name":"фунт.","one":"%1$s lb","few":"%1$s lb","many":"%1$s lb","other":"%1$s lb"},"stone":{"_name":"st","other":"%1$s st"},"ton":{"_name":"амер. т","one":"%1$s амер. т","few":"%1$s амер. т","many":"%1$s амер. т","other":"%1$s амер. т"}},"power":{"gigawatt":{"_name":"ГВт","one":"%1$s ГВт","few":"%1$s ГВт","many":"%1$s ГВт","other":"%1$s ГВт"},"horsepower":{"_name":"л.с.","one":"%1$s л.с.","few":"%1$s л.с.","many":"%1$s л.с.","other":"%1$s л.с."},"kilowatt":{"_name":"кВт","one":"%1$s кВт","few":"%1$s кВт","many":"%1$s кВт","other":"%1$s кВт"},"megawatt":{"_name":"МВт","one":"%1$s МВт","few":"%1$s МВт","many":"%1$s МВт","other":"%1$s МВт"},"milliwatt":{"_name":"мВт","one":"%1$s мВт","few":"%1$s мВт","many":"%1$s мВт","other":"%1$s мВт"},"watt":{"_name":"Вт","one":"%1$s Вт","few":"%1$s Вт","many":"%1$s Вт","other":"%1$s Вт"}},"pressure":{"hectopascal":{"_name":"гПа","one":"%1$s гПа","few":"%1$s гПа","many":"%1$s гПа","other":"%1$s гПа"},"inch-hg":{"_name":"дюймы рт. ст","one":"%1$s inHg","few":"%1$s inHg","many":"%1$s inHg","other":"%1$s inHg"},"millibar":{"_name":"мбар","one":"%1$s мбар","few":"%1$s мбар","many":"%1$s мбар","other":"%1$s мбар"},"millimeter-of-mercury":{"_name":"мм рт. ст.","one":"%1$s мм рт. ст.","few":"%1$s мм рт. ст.","many":"%1$s мм рт. ст.","other":"%1$s мм рт. ст."},"pound-per-square-inch":{"_name":"ф. на кв. д.","one":"%1$s ф./кв. д.","few":"%1$s ф./кв. д.","many":"%1$s ф./кв. д.","other":"%1$s ф./кв. д."}},"proportion":{"karat":{"_name":"кар","one":"%1$s кар","few":"%1$s кар","many":"%1$s кар","other":"%1$s кар"}},"speed":{"kilometer-per-hour":{"_name":"км/ч","one":"%1$s км/ч","few":"%1$s км/ч","many":"%1$s км/ч","other":"%1$s км/ч"},"meter-per-second":{"_name":"м/с","one":"%1$s м/с","few":"%1$s м/с","many":"%1$s м/с","other":"%1$s м/с"},"mile-per-hour":{"_name":"мили/час","one":"%1$s миль/ч","few":"%1$s миль/ч","many":"%1$s миль/ч","other":"%1$s миль/ч"}},"temperature":{"celsius":{"_name":"°C","one":"%1$s °C","few":"%1$s °C","many":"%1$s °C","other":"%1$s °C"},"fahrenheit":{"_name":"°F","one":"%1$s°F","few":"%1$s°F","many":"%1$s°F","other":"%1$s°F"},"generic":{"_name":"°","other":"%1$s°"},"kelvin":{"_name":"K","one":"%1$s K","few":"%1$s K","many":"%1$s K","other":"%1$s K"}},"volume":{"acre-foot":{"_name":"акрофуты","one":"%1$s акрофута","few":"%1$s акрофута","many":"%1$s акрофута","other":"%1$s акрофута"},"bushel":{"_name":"bu","other":"%1$s bu"},"centiliter":{"_name":"сл","one":"%1$s сл","few":"%1$s сл","many":"%1$s сл","other":"%1$s сл"},"cubic-centimeter":{"_name":"см³","one":"%1$s см³","few":"%1$s см³","many":"%1$s см³","other":"%1$s см³"},"cubic-foot":{"_name":"куб. футы","one":"%1$s куб. фута","few":"%1$s куб. фута","many":"%1$s куб. фута","other":"%1$s куб. фута"},"cubic-inch":{"_name":"куб. дюймы","one":"%1$s куб. дюйма","few":"%1$s куб. дюйма","many":"%1$s куб. дюйма","other":"%1$s куб. дюйма"},"cubic-kilometer":{"_name":"км³","one":"%1$s км³","few":"%1$s км³","many":"%1$s км³","other":"%1$s км³"},"cubic-meter":{"_name":"м³","one":"%1$s м³","few":"%1$s м³","many":"%1$s м³","other":"%1$s м³"},"cubic-mile":{"_name":"куб. мили","one":"%1$s куб. миля","few":"%1$s куб. мили","many":"%1$s куб. мили","other":"%1$s куб. мили"},"cubic-yard":{"_name":"куб. ярды","one":"%1$s куб. ярда","few":"%1$s куб. ярда","many":"%1$s куб. ярда","other":"%1$s куб. ярда"},"cup":{"_name":"чаш.","one":"%1$s чаш.","few":"%1$s чаш.","many":"%1$s чаш.","other":"%1$s чаш."},"deciliter":{"_name":"дл","one":"%1$s дл","few":"%1$s дл","many":"%1$s дл","other":"%1$s дл"},"fluid-ounce":{"_name":"жидк. унц.","one":"%1$s жидк. унц.","few":"%1$s жидк. унц.","many":"%1$s жидк. унц.","other":"%1$s жидк. унц."},"gallon":{"_name":"гал.","one":"%1$s гал.","few":"%1$s гал.","many":"%1$s гал.","other":"%1$s гал."},"hectoliter":{"_name":"гл","one":"%1$s гл","few":"%1$s гл","many":"%1$s гл","other":"%1$s гл"},"liter":{"_name":"л","one":"%1$s л","few":"%1$s л","many":"%1$s л","other":"%1$s л"},"megaliter":{"_name":"Мл","one":"%1$s Мл","few":"%1$s Мл","many":"%1$s Мл","other":"%1$s Мл"},"milliliter":{"_name":"мл","one":"%1$s мл","few":"%1$s мл","many":"%1$s мл","other":"%1$s мл"},"pint":{"_name":"пинт.","one":"%1$s пинт.","few":"%1$s пинт.","many":"%1$s пинт.","other":"%1$s пинт."},"quart":{"_name":"кварт.","one":"%1$s кварт.","few":"%1$s кварт.","many":"%1$s кварт.","other":"%1$s кварт."},"tablespoon":{"_name":"ст. л.","one":"%1$s ст. л.","few":"%1$s ст. л.","many":"%1$s ст. л.","other":"%1$s ст. л."},"teaspoon":{"_name":"ч.л.","one":"%1$s ч.л.","few":"%1$s ч.л.","many":"%1$s ч.л.","other":"%1$s ч.л."}}},"_durationPattern":{"hm":"h:mm","hms":"h:mm:ss","ms":"m:ss"}}