{"ADP":{"name":"Peseta de Andorra","pluralName":{"one":"Peseta de Andorra","other":"Pesetas de Andorra"}},"AED":{"name":"Dirham dos Emirados Árabes Unidos","pluralName":{"one":"Dirham dos Emirados Árabes Unidos","other":"Dirhams dos Emirados Árabes Unidos"}},"AFA":{"name":"Afeghani (1927–2002)","pluralName":{"one":"Afegane do Afeganistão (AFA)","other":"Afeganes do Afeganistão (AFA)"}},"AFN":{"name":"Afegani do Afeganistão","pluralName":{"one":"Afegani do Afeganistão","other":"Afeganis do Afeganistão"}},"ALK":{"name":"Lek Albanês (1946–1965)","pluralName":{"one":"Lek Albanês (1946–1965)","other":"Leks Albaneses (1946–1965)"}},"ALL":{"name":"Lek albanês","pluralName":{"one":"Lek albanês","other":"Leks albaneses"}},"AMD":{"name":"Dram arménio","pluralName":{"one":"Dram arménio","other":"Drams arménios"}},"ANG":{"name":"Florim das Antilhas Holandesas","pluralName":{"one":"Florim das Antilhas Holandesas","other":"Florins das Antilhas Holandesas"}},"AOA":{"name":"Kwanza angolano","pluralName":{"one":"Kwanza angolano","other":"Kwanzas angolanos"},"symbolNarrow":"Kz"},"AOK":{"name":"Cuanza angolano (1977–1990)","pluralName":{"one":"Kwanza angolano (AOK)","other":"Kwanzas angolanos (AOK)"}},"AON":{"name":"Novo cuanza angolano (1990–2000)","pluralName":{"one":"Novo kwanza angolano (AON)","other":"Novos kwanzas angolanos (AON)"}},"AOR":{"name":"Cuanza angolano reajustado (1995–1999)","pluralName":{"one":"Kwanza angolano reajustado (AOR)","other":"Kwanzas angolanos reajustados (AOR)"}},"ARA":{"name":"Austral argentino","pluralName":{"one":"Austral argentino","other":"Austrais argentinos"}},"ARL":{"name":"Peso lei argentino (1970–1983)","pluralName":{"one":"Peso lei argentino (1970–1983)","other":"Pesos lei argentinos (1970–1983)"}},"ARM":{"name":"Peso argentino (1881–1970)","pluralName":{"one":"Peso argentino (1881–1970)","other":"Pesos argentinos (1881–1970)"}},"ARP":{"name":"Peso argentino (1983–1985)","pluralName":{"one":"Peso argentino (1983–1985)","other":"Pesos argentinos (1983–1985)"}},"ARS":{"name":"Peso argentino","pluralName":{"one":"Peso argentino","other":"Pesos argentinos"},"symbolNarrow":"$"},"ATS":{"name":"Xelim austríaco","pluralName":{"one":"Schilling australiano","other":"Schillings australianos"}},"AUD":{"symbol":"AU$","name":"Dólar australiano","pluralName":{"one":"Dólar australiano","other":"Dólares australianos"},"symbolNarrow":"$"},"AWG":{"name":"Florim de Aruba","pluralName":{"one":"Florim de Aruba","other":"Florins de Aruba"}},"AZM":{"name":"Manat azerbaijano (1993–2006)","pluralName":{"one":"Manat do Azeibaijão (1993–2006)","other":"Manats do Azeibaijão (1993–2006)"}},"AZN":{"name":"Manat do Azerbaijão","pluralName":{"one":"Manat do Azerbaijão","other":"Manats do Azerbaijão"}},"BAD":{"name":"Dinar da Bósnia-Herzegóvina","pluralName":{"one":"Dinar da Bósnia Herzegovina","other":"Dinares da Bósnia Herzegovina"}},"BAM":{"name":"Marco bósnio-herzegóvino conversível","pluralName":{"one":"Marco bósnio-herzegóvino conversível","other":"Marcos bósnio-herzegóvinos conversíveis"},"symbolNarrow":"KM"},"BAN":{"name":"Novo dinar da Bósnia-Herzegovina (1994–1997)","pluralName":{"one":"Novo dinar da Bósnia-Herzegovina","other":"Novos dinares da Bósnia-Herzegovina"}},"BBD":{"name":"Dólar barbadense","pluralName":{"one":"Dólar barbadense","other":"Dólares barbadenses"},"symbolNarrow":"$"},"BDT":{"name":"Taka de Bangladesh","pluralName":{"one":"Taka de Bangladesh","other":"Takas de Bangladesh"},"symbolNarrow":"৳"},"BEC":{"name":"Franco belga (convertível)","pluralName":{"one":"Franco belga (conversível)","other":"Francos belgas (conversíveis)"}},"BEF":{"name":"Franco belga","pluralName":{"one":"Franco belga","other":"Francos belgas"}},"BEL":{"name":"Franco belga (financeiro)","pluralName":{"one":"Franco belga (financeiro)","other":"Francos belgas (financeiros)"}},"BGL":{"name":"Lev forte búlgaro","pluralName":{"one":"Lev forte búlgaro","other":"Levs fortes búlgaros"}},"BGM":{"name":"Lev socialista búlgaro","pluralName":{"one":"Lev socialista búlgaro","other":"Levs socialistas búlgaros"}},"BGN":{"name":"Lev búlgaro","pluralName":{"one":"Lev búlgaro","other":"Levs búlgaros"}},"BGO":{"name":"Lev búlgaro (1879–1952)","pluralName":{"one":"Lev búlgaro (1879–1952)","other":"Levs búlgaros (1879–1952)"}},"BHD":{"name":"Dinar baremita","pluralName":{"one":"Dinar baremita","other":"Dinares baremitas"}},"BIF":{"name":"Franco burundiano","pluralName":{"one":"Franco burundiano","other":"Francos burundianos"}},"BMD":{"name":"Dólar bermudense","pluralName":{"one":"Dólar bermudense","other":"Dólares bermudenses"},"symbolNarrow":"$"},"BND":{"name":"Dólar bruneíno","pluralName":{"one":"Dólar bruneíno","other":"Dólares bruneínos"},"symbolNarrow":"$"},"BOB":{"name":"Boliviano","pluralName":{"one":"Boliviano","other":"Bolivianos"},"symbolNarrow":"Bs"},"BOL":{"name":"Boliviano (1863–1963)","pluralName":{"one":"Boliviano (1863–1963)","other":"Bolivianos (1863–1963)"}},"BOP":{"name":"Peso boliviano","pluralName":{"one":"Peso boliviano","other":"Pesos bolivianos"}},"BOV":{"name":"Mvdol boliviano","pluralName":{"one":"Mvdol boliviano","other":"Mvdols bolivianos"}},"BRB":{"name":"Cruzeiro novo brasileiro (1967–1986)","pluralName":{"one":"Cruzeiro novo brasileiro (BRB)","other":"Cruzeiros novos brasileiros (BRB)"}},"BRC":{"name":"Cruzado brasileiro (1986–1989)","pluralName":{"one":"Cruzado brasileiro","other":"Cruzados brasileiros"}},"BRE":{"name":"Cruzeiro brasileiro (1990–1993)","pluralName":{"one":"Cruzeiro brasileiro (BRE)","other":"Cruzeiros brasileiros (BRE)"}},"BRL":{"symbol":"R$","name":"Real brasileiro","pluralName":{"one":"Real brasileiro","other":"Reais brasileiros"},"symbolNarrow":"R$"},"BRN":{"name":"Cruzado novo brasileiro (1989–1990)","pluralName":{"one":"Cruzado novo brasileiro","other":"Cruzados novos brasileiros"}},"BRR":{"name":"Cruzeiro brasileiro (1993–1994)","pluralName":{"one":"Cruzeiro brasileiro","other":"Cruzeiros brasileiros"}},"BRZ":{"name":"Cruzeiro brasileiro (1942–1967)","pluralName":{"one":"Cruzeiro brasileiro antigo","other":"Cruzeiros brasileiros antigos"}},"BSD":{"name":"Dólar das Bahamas","pluralName":{"one":"Dólar das Bahamas","other":"Dólares das Bahamas"},"symbolNarrow":"$"},"BTN":{"name":"Ngultrum do Butão","pluralName":{"one":"Ngultrum do Butão","other":"Ngultruns do Butão"}},"BUK":{"name":"Kyat birmanês","pluralName":{"one":"Kyat burmês","other":"Kyats burmeses"}},"BWP":{"name":"Pula de Botswana","pluralName":{"one":"Pula de Botswana","other":"Pulas de Botswana"},"symbolNarrow":"P"},"BYB":{"name":"Rublo novo bielorusso (1994–1999)","pluralName":{"one":"Novo rublo bielorusso (BYB)","other":"Novos rublos bielorussos (BYB)"}},"BYR":{"name":"Rublo bielorrusso","pluralName":{"one":"Rublo bielorrusso","other":"Rublos bielorrussos"},"symbolNarrow":"р."},"BZD":{"name":"Dólar belizense","pluralName":{"one":"Dólar belizense","other":"Dólares belizenses"},"symbolNarrow":"$"},"CAD":{"symbol":"CA$","name":"Dólar canadiano","pluralName":{"one":"Dólar canadiano","other":"Dólares canadianos"},"symbolNarrow":"$"},"CDF":{"name":"Franco congolês","pluralName":{"one":"Franco congolês","other":"Francos congoleses"}},"CHE":{"name":"Euro WIR","pluralName":{"one":"Euro WIR","other":"Euros WIR"}},"CHF":{"name":"Franco suíço","pluralName":{"one":"Franco suíço","other":"Francos suíços"}},"CHW":{"name":"Franco WIR","pluralName":{"one":"Franco WIR","other":"Francos WIR"}},"CLE":{"name":"Escudo chileno","pluralName":{"one":"Escudo chileno","other":"Escudos chilenos"}},"CLF":{"name":"Unidades de Fomento chilenas","pluralName":{"one":"Unidade de fomento chilena","other":"Unidades de fomento chilenas"}},"CLP":{"name":"Peso chileno","pluralName":{"one":"Peso chileno","other":"Pesos chilenos"},"symbolNarrow":"$"},"CNX":{"name":"Dólar do Banco Popular da China","pluralName":{"one":"Dólar do Banco Popular da China","other":"Dólares do Banco Popular da China"}},"CNY":{"symbol":"CN¥","name":"Yuan chinês","pluralName":{"one":"Yuan chinês","other":"Yuans chineses"},"symbolNarrow":"¥"},"COP":{"name":"Peso colombiano","pluralName":{"one":"Peso colombiano","other":"Pesos colombianos"},"symbolNarrow":"$"},"COU":{"name":"Unidade de Valor Real","pluralName":{"one":"Unidade de valor real","other":"Unidades de valor real"}},"CRC":{"name":"Colon costa-riquenho","pluralName":{"one":"Colon costa-riquenho","other":"Colons costa-riquenhos"},"symbolNarrow":"₡"},"CSD":{"name":"Dinar sérvio (2002–2006)","pluralName":{"one":"Dinar antigo da Sérvia","other":"Dinares antigos da Sérvia"}},"CSK":{"name":"Coroa Forte checoslovaca","pluralName":{"one":"Coroa forte tchecoslovaca","other":"Coroas fortes tchecoslovacas"}},"CUC":{"name":"Peso cubano conversível","pluralName":{"one":"Peso cubano conversível","other":"Pesos cubanos conversíveis"},"symbolNarrow":"$"},"CUP":{"name":"Peso cubano","pluralName":{"one":"Peso cubano","other":"Pesos cubanos"},"symbolNarrow":"$"},"CVE":{"name":"Escudo cabo-verdiano","pluralName":{"one":"Escudo cabo-verdiano","other":"Escudos cabo-verdianos"}},"CYP":{"name":"Libra de Chipre","pluralName":{"one":"Libra cipriota","other":"Libras cipriotas"}},"CZK":{"name":"Coroa checa","pluralName":{"one":"Coroa checa","other":"Coroas checas"},"symbolNarrow":"Kč"},"DDM":{"name":"Ostmark da Alemanha Oriental","pluralName":{"one":"Marco da Alemanha Oriental","other":"Marcos da Alemanha Oriental"}},"DEM":{"name":"Marco alemão","pluralName":{"one":"Marco alemão","other":"Marcos alemães"}},"DJF":{"name":"Franco jibutiano","pluralName":{"one":"Franco jibutiano","other":"Francos jibutianos"}},"DKK":{"name":"Coroa dinamarquesa","pluralName":{"one":"Coroa dinamarquesa","other":"Coroas dinamarquesas"},"symbolNarrow":"kr"},"DOP":{"name":"Peso dominicano","pluralName":{"one":"Peso dominicano","other":"Pesos dominicanos"},"symbolNarrow":"$"},"DZD":{"name":"Dinar argelino","pluralName":{"one":"Dinar argelino","other":"Dinares argelinos"}},"ECS":{"name":"Sucre equatoriano","pluralName":{"one":"Sucre equatoriano","other":"Sucres equatorianos"}},"ECV":{"name":"Unidad de Valor Constante (UVC) do Equador","pluralName":{"one":"Unidade de valor constante equatoriana (UVC)","other":"Unidades de valor constante equatorianas (UVC)"}},"EEK":{"name":"Coroa estoniana","pluralName":{"one":"Coroa estoniana","other":"Coroas estonianas"}},"EGP":{"name":"Libra egípcia","pluralName":{"one":"Libra egípcia","other":"Libras egípcias"},"symbolNarrow":"E£"},"ERN":{"name":"Nakfa da Eritreia","pluralName":{"one":"Nakfa da Eritreia","other":"Nakfas da Eritreia"}},"ESA":{"name":"Peseta espanhola (conta A)","pluralName":{"one":"Peseta espanhola (conta A)","other":"Pesetas espanholas (conta A)"}},"ESB":{"name":"Peseta espanhola (conta conversível)","pluralName":{"one":"Peseta espanhola (conta conversível)","other":"Pesetas espanholas (conta conversível)"}},"ESP":{"name":"Peseta espanhola","pluralName":{"one":"Peseta espanhola","other":"Pesetas espanholas"},"symbolNarrow":"₧"},"ETB":{"name":"Birr etíope","pluralName":{"one":"Birr etíope","other":"Birrs etíopes"}},"EUR":{"symbol":"€","name":"Euro","pluralName":{"one":"Euro","other":"Euros"},"symbolNarrow":"€"},"FIM":{"name":"Marca finlandesa","pluralName":{"one":"Marco finlandês","other":"Marcos finlandeses"}},"FJD":{"name":"Dólar de Fiji","pluralName":{"one":"Dólar de Fiji","other":"Dólares de Fiji"},"symbolNarrow":"$"},"FKP":{"name":"Libra das Ilhas Falkland","pluralName":{"one":"Libra das Ilhas Falkland","other":"Libras das Ilhas Falkland"},"symbolNarrow":"£"},"FRF":{"name":"Franco francês","pluralName":{"one":"Franco francês","other":"Francos franceses"}},"GBP":{"symbol":"£","name":"Libra britânica","pluralName":{"one":"Libra britânica","other":"Libras britânicas"},"symbolNarrow":"£"},"GEK":{"name":"Cupom Lari georgiano","pluralName":{"one":"Kupon larit da Geórgia","other":"Kupon larits da Geórgia"}},"GEL":{"name":"Lari georgiano","pluralName":{"one":"Lari georgiano","other":"Laris georgianos"}},"GHC":{"name":"Cedi do Gana","pluralName":{"one":"Cedi de Gana (1979–2007)","other":"Cedis de Gana (1979–2007)"}},"GHS":{"name":"Cedi de Gana","pluralName":{"one":"Cedi de Gana","other":"Cedis de Gana"}},"GIP":{"name":"Libra de Gibraltar","pluralName":{"one":"Libra de Gibraltar","other":"Libras de Gibraltar"},"symbolNarrow":"£"},"GMD":{"name":"Dalasi da Gâmbia","pluralName":{"one":"Dalasi da Gâmbia","other":"Dalasis da Gâmbia"}},"GNF":{"name":"Franco guineense","pluralName":{"one":"Franco guineense","other":"Francos guineenses"},"symbolNarrow":"FG"},"GNS":{"name":"Syli da Guiné","pluralName":{"one":"Syli guineano","other":"Sylis guineanos"}},"GQE":{"name":"Ekwele da Guiné Equatorial","pluralName":{"one":"Ekwele da Guiné Equatorial","other":"Ekweles da Guiné Equatorial"}},"GRD":{"name":"Dracma grego","pluralName":{"one":"Dracma grego","other":"Dracmas gregos"}},"GTQ":{"name":"Quetzal da Guatemala","pluralName":{"one":"Quetzal da Guatemala","other":"Quetzales da Guatemala"},"symbolNarrow":"Q"},"GWE":{"name":"Escudo da Guiné Portuguesa","pluralName":{"one":"Escudo da Guiné Portuguesa","other":"Escudos da Guinéa Portuguesa"}},"GWP":{"name":"Peso da Guiné-Bissau","pluralName":{"one":"Peso de Guiné-Bissau","other":"Pesos de Guiné-Bissau"}},"GYD":{"name":"Dólar da Guiana","pluralName":{"one":"Dólar da Guiana","other":"Dólares da Guiana"},"symbolNarrow":"$"},"HKD":{"symbol":"HK$","name":"Dólar de Hong Kong","pluralName":{"one":"Dólar de Hong Kong","other":"Dólares de Hong Kong"},"symbolNarrow":"$"},"HNL":{"name":"Lempira das Honduras","pluralName":{"one":"Lempira das Honduras","other":"Lempiras das Honduras"},"symbolNarrow":"L"},"HRD":{"name":"Dinar croata","pluralName":{"one":"Dinar croata","other":"Dinares croatas"}},"HRK":{"name":"Kuna croata","pluralName":{"one":"Kuna croata","other":"Kunas croatas"},"symbolNarrow":"kn"},"HTG":{"name":"Gourde haitiano","pluralName":{"one":"Gourde haitiano","other":"Gourdes haitianos"}},"HUF":{"name":"Forint húngaro","pluralName":{"one":"Forint húngaro","other":"Forints húngaros"},"symbolNarrow":"Ft"},"IDR":{"name":"Rupia indonésia","pluralName":{"one":"Rupia indonésia","other":"Rupias indonésias"},"symbolNarrow":"Rp"},"IEP":{"name":"Libra irlandesa","pluralName":{"one":"Libra irlandesa","other":"Libras irlandesas"}},"ILP":{"name":"Libra israelita","pluralName":{"one":"Libra israelita","other":"Libras israelitas"}},"ILR":{"name":"Sheqel antigo israelita","pluralName":{"one":"Sheqel antigo israelita","other":"Sheqels antigos israelitas"}},"ILS":{"symbol":"₪","name":"Sheqel novo israelita","pluralName":{"one":"Sheqel novo israelita","other":"Sheqels novos israelitas"},"symbolNarrow":"₪"},"INR":{"symbol":"₹","name":"Rupia indiana","pluralName":{"one":"Rupia indiana","other":"Rupias indianas"},"symbolNarrow":"₹"},"IQD":{"name":"Dinar iraquiano","pluralName":{"one":"Dinar iraquiano","other":"Dinares iraquianos"}},"IRR":{"name":"Rial iraniano","pluralName":{"one":"Rial iraniano","other":"Riais iranianos"}},"ISJ":{"name":"Coroa antiga islandesa","pluralName":{"one":"Coroa antiga islandesa","other":"Coroas antigas islandesas"}},"ISK":{"name":"Coroa islandesa","pluralName":{"one":"Coroa islandesa","other":"Coroas islandesas"},"symbolNarrow":"kr"},"ITL":{"name":"Lira italiana","pluralName":{"one":"Lira italiana","other":"Liras italianas"}},"JMD":{"name":"Dólar jamaicano","pluralName":{"one":"Dólar jamaicano","other":"Dólares jamaicanos"},"symbolNarrow":"$"},"JOD":{"name":"Dinar jordaniano","pluralName":{"one":"Dinar jordaniano","other":"Dinares jordanianos"}},"JPY":{"symbol":"JP¥","name":"Iene japonês","pluralName":{"one":"Iene japonês","other":"Ienes japoneses"},"symbolNarrow":"¥"},"KES":{"name":"Xelim queniano","pluralName":{"one":"Xelim queniano","other":"Xelins quenianos"}},"KGS":{"name":"Som do Quirguistão","pluralName":{"one":"Som do Quirguistão","other":"Sons do Quirguistão"}},"KHR":{"name":"Riel cambojano","pluralName":{"one":"Riel cambojano","other":"Rieles cambojanos"},"symbolNarrow":"៛"},"KMF":{"name":"Franco comoriano","pluralName":{"one":"Franco comoriano","other":"Francos comorianos"},"symbolNarrow":"CF"},"KPW":{"name":"Won norte-coreano","pluralName":{"one":"Won norte-coreano","other":"Wons norte-coreanos"},"symbolNarrow":"₩"},"KRH":{"name":"Hwan da Coreia do Sul (1953–1962)","pluralName":{"one":"Hwan da Coreia do Sul","other":"Hwans da Coreia do Sul"}},"KRO":{"name":"Won da Coreia do Sul (1945–1953)","pluralName":{"one":"Won antigo da Coreia do Sul","other":"Wons antigos da Coreia do Sul"}},"KRW":{"symbol":"₩","name":"Won sul-coreano","pluralName":{"one":"Won sul-coreano","other":"Wons sul-coreanos"},"symbolNarrow":"₩"},"KWD":{"name":"Dinar kuwaitiano","pluralName":{"one":"Dinar kuwaitiano","other":"Dinares kuwaitianos"}},"KYD":{"name":"Dólar das Ilhas Caimão","pluralName":{"one":"Dólar das Ilhas Caimão","other":"Dólares das Ilhas Caimão"},"symbolNarrow":"$"},"KZT":{"name":"Tenge do Cazaquistão","pluralName":{"one":"Tenge do Cazaquistão","other":"Tenges do Cazaquistão"},"symbolNarrow":"₸"},"LAK":{"name":"Kip de Laos","pluralName":{"one":"Kip de Laos","other":"Kips de Laos"},"symbolNarrow":"₭"},"LBP":{"name":"Libra libanesa","pluralName":{"one":"Libra libanesa","other":"Libras libanesas"},"symbolNarrow":"L£"},"LKR":{"name":"Rupia do Sri Lanka","pluralName":{"one":"Rupia do Sri Lanka","other":"Rupias do Sri Lanka"},"symbolNarrow":"Rs"},"LRD":{"name":"Dólar liberiano","pluralName":{"one":"Dólar liberiano","other":"Dólares liberianos"},"symbolNarrow":"$"},"LSL":{"name":"Loti do Lesoto","pluralName":{"one":"Loti do Lesoto","other":"Lotis do Lesoto"}},"LTL":{"name":"Litas da Lituânia","pluralName":{"one":"Litas da Lituânia","other":"Litas da Lituânia"},"symbolNarrow":"Lt"},"LTT":{"name":"Talonas lituano","pluralName":{"one":"Talonas lituanas","other":"Talonases lituanas"}},"LUC":{"name":"Franco conversível de Luxemburgo","pluralName":{"one":"Franco conversível de Luxemburgo","other":"Francos conversíveis de Luxemburgo"}},"LUF":{"name":"Franco luxemburguês","pluralName":{"one":"Franco de Luxemburgo","other":"Francos de Luxemburgo"}},"LUL":{"name":"Franco financeiro de Luxemburgo","pluralName":{"one":"Franco financeiro de Luxemburgo","other":"Francos financeiros de Luxemburgo"}},"LVL":{"name":"Lats da Letónia","pluralName":{"one":"Lats da Letónia","other":"Lats da Letónia"},"symbolNarrow":"Ls"},"LVR":{"name":"Rublo letão","pluralName":{"one":"Rublo da Letônia","other":"Rublos da Letônia"}},"LYD":{"name":"Dinar líbio","pluralName":{"one":"Dinar líbio","other":"Dinares líbios"}},"MAD":{"name":"Dirham marroquino","pluralName":{"one":"Dirham marroquino","other":"Dirhams marroquinos"}},"MAF":{"name":"Franco marroquino","pluralName":{"one":"Franco marroquino","other":"Francos marroquinos"}},"MCF":{"name":"Franco monegasco","pluralName":{"one":"Franco monegasco","other":"Francos monegascos"}},"MDC":{"name":"Cupon moldávio","pluralName":{"one":"Cupon moldávio","other":"Cupon moldávio"}},"MDL":{"name":"Leu moldavo","pluralName":{"one":"Leu moldavo","other":"Lei moldavos"}},"MGA":{"name":"Ariari de Madagáscar","pluralName":{"one":"Ariari de Madagáscar","other":"Ariaris de Madagáscar"},"symbolNarrow":"Ar"},"MGF":{"name":"Franco de Madagascar","pluralName":{"one":"Franco de Madagascar","other":"Francos de Madagascar"}},"MKD":{"name":"Dinar macedónio","pluralName":{"one":"Dinar macedónio","other":"Dinares macedónios"}},"MKN":{"name":"Dinar macedônio (1992–1993)","pluralName":{"one":"Dinar macedônio (1992–1993)","other":"Dinares macedônios (1992–1993)"}},"MLF":{"name":"Franco do Mali","pluralName":{"one":"Franco de Mali","other":"Francos de Mali"}},"MMK":{"name":"Kyat de Mianmar","pluralName":{"one":"Kyat de Mianmar","other":"Kyats de Mianmar"},"symbolNarrow":"K"},"MNT":{"name":"Tugrik da Mongólia","pluralName":{"one":"Tugrik da Mongólia","other":"Tugriks da Mongólia"},"symbolNarrow":"₮"},"MOP":{"name":"Pataca de Macau","pluralName":{"one":"Pataca de Macau","other":"Patacas de Macau"}},"MRO":{"name":"Ouguiya da Mauritânia","pluralName":{"one":"Ouguiya da Mauritânia","other":"Ouguiyas da Mauritânia"}},"MTL":{"name":"Lira maltesa","pluralName":{"one":"Lira Maltesa","other":"Liras maltesas"}},"MTP":{"name":"Libra maltesa","pluralName":{"one":"Libra maltesa","other":"Libras maltesas"}},"MUR":{"name":"Rupia mauriciana","pluralName":{"one":"Rupia mauriciana","other":"Rupias mauricianas"},"symbolNarrow":"Rs"},"MVR":{"name":"Rupia das Ilhas Maldivas","pluralName":{"one":"Rupia das Ilhas Maldivas","other":"Rupias das Ilhas Maldivas"}},"MWK":{"name":"Kwacha do Malawi","pluralName":{"one":"Kwacha do Malawi","other":"Kwachas do Malawi"}},"MXN":{"symbol":"MX$","name":"Peso mexicano","pluralName":{"one":"Peso mexicano","other":"Pesos mexicanos"},"symbolNarrow":"$"},"MXP":{"name":"Peso Plata mexicano (1861–1992)","pluralName":{"one":"Peso de prata mexicano (1861–1992)","other":"Pesos de prata mexicanos (1861–1992)"}},"MXV":{"name":"Unidad de Inversion (UDI) mexicana","pluralName":{"one":"Unidade de investimento mexicana (UDI)","other":"Unidades de investimento mexicanas (UDI)"}},"MYR":{"name":"Ringgit malaio","pluralName":{"one":"Ringgit malaio","other":"Ringgits malaios"},"symbolNarrow":"RM"},"MZE":{"name":"Escudo de Moçambique","pluralName":{"one":"Escudo de Moçambique","other":"Escudos de Moçambique"}},"MZM":{"name":"Metical de Moçambique (1980–2006)","pluralName":{"one":"Metical antigo de Moçambique","other":"Meticales antigos de Moçambique"}},"MZN":{"name":"Metical de Moçambique","pluralName":{"one":"Metical de Moçambique","other":"Meticales de Moçambique"}},"NAD":{"name":"Dólar da Namíbia","pluralName":{"one":"Dólar da Namíbia","other":"Dólares da Namíbia"},"symbolNarrow":"$"},"NGN":{"name":"Naira nigeriana","pluralName":{"one":"Naira nigeriana","other":"Nairas nigerianas"},"symbolNarrow":"₦"},"NIC":{"name":"Córdoba nicaraguano (1988–1991)","pluralName":{"one":"Córdoba nicaraguano (1988–1991)","other":"Córdobas nicaraguano (1988–1991)"}},"NIO":{"name":"Córdoba nicaraguano","pluralName":{"one":"Córdoba nicaraguano","other":"Córdoba nicaraguano"},"symbolNarrow":"C$"},"NLG":{"name":"Florim holandês","pluralName":{"one":"Florim holandês","other":"Florins holandeses"}},"NOK":{"name":"Coroa norueguesa","pluralName":{"one":"Coroa norueguesa","other":"Coroas norueguesas"},"symbolNarrow":"kr"},"NPR":{"name":"Rupia nepalesa","pluralName":{"one":"Rupia nepalesa","other":"Rupias nepalesas"},"symbolNarrow":"Rs"},"NZD":{"symbol":"NZ$","name":"Dólar neozelandês","pluralName":{"one":"Dólar neozelandês","other":"Dólares neozelandeses"},"symbolNarrow":"$"},"OMR":{"name":"Rial de Omã","pluralName":{"one":"Rial de Omã","other":"Riais de Omã"}},"PAB":{"name":"Balboa do Panamá","pluralName":{"one":"Balboa do Panamá","other":"Balboas do Panamá"}},"PEI":{"name":"Inti peruano","pluralName":{"one":"Inti peruano","other":"Intis peruanos"}},"PEN":{"name":"Novo sol peruano","pluralName":{"one":"Novo sol peruano","other":"Novos soles peruanos"}},"PES":{"name":"Sol peruano (1863–1965)","pluralName":{"one":"Sol peruano","other":"Soles peruanos"}},"PGK":{"name":"Kina da Papua-Nova Guiné","pluralName":{"one":"Kina da Papua-Nova Guiné","other":"Kinas da Papua-Nova Guiné"}},"PHP":{"name":"Peso filipino","pluralName":{"one":"Peso filipino","other":"Pesos filipinos"},"symbolNarrow":"₱"},"PKR":{"name":"Rupia paquistanesa","pluralName":{"one":"Rupia paquistanesa","other":"Rupias paquistanesas"},"symbolNarrow":"Rs"},"PLN":{"name":"Zloti polaco","pluralName":{"one":"Zloti polaco","other":"Zlotis polacos"},"symbolNarrow":"zł"},"PLZ":{"name":"Zloti polaco (1950–1995)","pluralName":{"one":"Zloti polonês (1950–1995)","other":"Zlotis poloneses (1950–1995)"}},"PTE":{"symbol":"​","decimal":"$","group":",","name":"Escudo português","pluralName":{"one":"Escudo português","other":"Escudos portugueses"}},"PYG":{"name":"Guarani paraguaio","pluralName":{"one":"Guarani paraguaio","other":"Guaranis paraguaios"},"symbolNarrow":"₲"},"QAR":{"name":"Rial do Catar","pluralName":{"one":"Rial do Catar","other":"Riais do Catar"}},"RHD":{"name":"Dólar rodesiano","pluralName":{"one":"Dólar da Rodésia","other":"Dólares da Rodésia"}},"ROL":{"name":"Leu romeno (1952–2006)","pluralName":{"one":"Leu antigo da Romênia","other":"Leus antigos da Romênia"}},"RON":{"name":"Leu romeno","pluralName":{"one":"Leu romeno","other":"Lei romenos"}},"RSD":{"name":"Dinar sérvio","pluralName":{"one":"Dinar sérvio","other":"Dinares sérvios"}},"RUB":{"name":"Rublo russo","pluralName":{"one":"Rublo russo","other":"Rublos russos"},"symbolAlt":"₽"},"RUR":{"name":"Rublo russo (1991–1998)","pluralName":{"one":"Rublo russo (1991–1998)","other":"Rublos russos (1991–1998)"},"symbolNarrow":"р."},"RWF":{"name":"Franco ruandês","pluralName":{"one":"Franco ruandês","other":"Francos ruandeses"},"symbolNarrow":"RF"},"SAR":{"name":"Rial saudita","pluralName":{"one":"Rial saudita","other":"Riais sauditas"}},"SBD":{"name":"Dólar das Ilhas Salomão","pluralName":{"one":"Dólar das Ilhas Salomão","other":"Dólares das Ilhas Salomão"},"symbolNarrow":"$"},"SCR":{"name":"Rupia seichelense","pluralName":{"one":"Rupia seichelense","other":"Rupias seichelenses"}},"SDD":{"name":"Dinar sudanês (1992–2007)","pluralName":{"one":"Dinar antigo do Sudão","other":"Dinares antigos do Sudão"}},"SDG":{"name":"Libra sudanesa","pluralName":{"one":"Libra sudanesa","other":"Libras sudanesas"}},"SDP":{"name":"Libra sudanesa (1957–1998)","pluralName":{"one":"Libra antiga sudanesa","other":"Libras antigas sudanesas"}},"SEK":{"name":"Coroa sueca","pluralName":{"one":"Coroa sueca","other":"Coroas suecas"},"symbolNarrow":"kr"},"SGD":{"name":"Dólar de Singapura","pluralName":{"one":"Dólar de Singapura","other":"Dólares de Singapura"},"symbolNarrow":"$"},"SHP":{"name":"Libra de Santa Helena","pluralName":{"one":"Libra de Santa Helena","other":"Libras de Santa Helena"},"symbolNarrow":"£"},"SIT":{"name":"Tolar Bons esloveno","pluralName":{"one":"Tolar da Eslovênia","other":"Tolares da Eslovênia"}},"SKK":{"name":"Coroa eslovaca","pluralName":{"one":"Coroa eslovaca","other":"Coroas eslovacas"}},"SLL":{"name":"Leone de Serra Leoa","pluralName":{"one":"Leone de Serra Leoa","other":"Leones de Serra Leoa"}},"SOS":{"name":"Xelim somali","pluralName":{"one":"Xelim somali","other":"Xelins somalis"}},"SRD":{"name":"Dólar do Suriname","pluralName":{"one":"Dólar do Suriname","other":"Dólares do Suriname"},"symbolNarrow":"$"},"SRG":{"name":"Florim do Suriname","pluralName":{"one":"Florim do Suriname","other":"Florins do Suriname"}},"SSP":{"name":"Libra sul-sudanesa","pluralName":{"one":"Libra sul-sudanesa","other":"Libras sul-sudanesas"},"symbolNarrow":"£"},"STD":{"name":"Dobra de São Tomé e Príncipe","pluralName":{"one":"Dobra de São Tomé e Príncipe","other":"Dobras de São Tomé e Príncipe"},"symbolNarrow":"Db"},"SUR":{"name":"Rublo soviético","pluralName":{"one":"Rublo soviético","other":"Rublos soviéticos"}},"SVC":{"name":"Colom salvadorenho","pluralName":{"one":"Colon de El Salvador","other":"Colons de El Salvador"}},"SYP":{"name":"Libra síria","pluralName":{"one":"Libra síria","other":"Libras sírias"},"symbolNarrow":"£"},"SZL":{"name":"Lilangeni da Suazilândia","pluralName":{"one":"Lilangeni da Suazilândia","other":"Lilangenis da Suazilândia"}},"THB":{"symbol":"฿","name":"Baht da Tailândia","pluralName":{"one":"Baht da Tailândia","other":"Bahts da Tailândia"},"symbolNarrow":"฿"},"TJR":{"name":"Rublo do Tadjiquistão","pluralName":{"one":"Rublo do Tajaquistão","other":"Rublos do Tajaquistão"}},"TJS":{"name":"Somoni do Tajaquistão","pluralName":{"one":"Somoni do Tajaquistão","other":"Somonis do Tajaquistão"}},"TMM":{"name":"Manat do Turcomenistão (1993–2009)","pluralName":{"one":"Manat do Turcomenistão (1993–2009)","other":"Manats do Turcomenistão (1993–2009)"}},"TMT":{"name":"Manat do Turquemenistão","pluralName":{"one":"Manat do Turquemenistão","other":"Manats do Turquemenistão"}},"TND":{"name":"Dinar tunisino","pluralName":{"one":"Dinar tunisino","other":"Dinares tunisinos"}},"TOP":{"name":"Paʻanga de Tonga","pluralName":{"one":"Paʻanga de Tonga","other":"Paʻangas de Tonga"},"symbolNarrow":"T$"},"TPE":{"name":"Escudo timorense","pluralName":{"one":"Escudo do Timor","other":"Escudos do Timor"}},"TRL":{"name":"Lira turca (1922–2005)","pluralName":{"one":"Lira turca antiga","other":"Liras turcas antigas"}},"TRY":{"name":"Lira turca","pluralName":{"one":"Lira turca","other":"Liras turcas"},"symbolNarrow":"₺","symbolAlt":"TL"},"TTD":{"name":"Dólar de Trindade e Tobago","pluralName":{"one":"Dólar de Trindade e Tobago","other":"Dólares de Trindade e Tobago"},"symbolNarrow":"$"},"TWD":{"symbol":"NT$","name":"Novo dólar taiwanês","pluralName":{"one":"Novo dólar taiwanês","other":"Novos dólares taiwaneses"},"symbolNarrow":"NT$"},"TZS":{"name":"Xelim tanzaniano","pluralName":{"one":"Xelim tanzaniano","other":"Xelins tanzanianos"}},"UAH":{"name":"Hryvnia da Ucrânia","pluralName":{"one":"Hryvnia da Ucrânia","other":"Hryvnias da Ucrânia"},"symbolNarrow":"₴"},"UAK":{"name":"Karbovanetz ucraniano","pluralName":{"one":"Karbovanetz da Ucrânia","other":"Karbovanetzs da Ucrânia"}},"UGS":{"name":"Xelim ugandense (1966–1987)","pluralName":{"one":"Shilling de Uganda (1966–1987)","other":"Shillings de Uganda (1966–1987)"}},"UGX":{"name":"Xelim ugandense","pluralName":{"one":"Xelim ugandense","other":"Xelins ugandenses"}},"USD":{"symbol":"US$","name":"Dólar dos Estados Unidos","pluralName":{"one":"Dólar dos Estados Unidos","other":"Dólares dos Estados Unidos"},"symbolNarrow":"$"},"USN":{"name":"Dólar norte-americano (Dia seguinte)","pluralName":{"one":"Dólar americano (dia seguinte)","other":"Dólares americanos (dia seguinte)"}},"USS":{"name":"Dólar norte-americano (Mesmo dia)","pluralName":{"one":"Dólar americano (mesmo dia)","other":"Dólares americanos (mesmo dia)"}},"UYI":{"name":"Peso uruguaio en unidades indexadas","pluralName":{"one":"Peso uruguaio em unidades indexadas","other":"Pesos uruguaios em unidades indexadas"}},"UYP":{"name":"Peso uruguaio (1975–1993)","pluralName":{"one":"Peso uruguaio (1975–1993)","other":"Pesos uruguaios (1975–1993)"}},"UYU":{"name":"Peso uruguaio","pluralName":{"one":"Peso uruguaio","other":"Pesos uruguaios"},"symbolNarrow":"$"},"UZS":{"name":"Som do Uzbequistão","pluralName":{"one":"Som do Uzbequistão","other":"Sons do Uzbequistão"}},"VEB":{"name":"Bolívar venezuelano (1871–2008)","pluralName":{"one":"Bolívar venezuelano (1871–2008)","other":"Bolívares venezuelanos (1871–2008)"}},"VEF":{"name":"Bolívar venezuelano","pluralName":{"one":"Bolívar venezuelano","other":"Bolívares venezuelanos"},"symbolNarrow":"Bs"},"VND":{"symbol":"₫","name":"Dong vietnamita","pluralName":{"one":"Dong vietnamita","other":"Dongs vietnamitas"},"symbolNarrow":"₫"},"VNN":{"name":"Dong vietnamita (1978–1985)","pluralName":{"one":"Dong vietnamita (1978–1985)","other":"Dong vietnamita (1978–1985)"}},"VUV":{"name":"Vatu de Vanuatu","pluralName":{"one":"Vatu de Vanuatu","other":"Vatus de Vanuatu"}},"WST":{"name":"Tala samoano","pluralName":{"one":"Tala samoano","other":"Talas samoanos"}},"XAF":{"symbol":"FCFA","name":"Franco CFA (BEAC)","pluralName":{"one":"Franco CFA (BEAC)","other":"Francos CFA (BEAC)"}},"XAG":{"name":"Prata","pluralName":{"one":"Prata","other":"Pratas"}},"XAU":{"name":"Ouro","pluralName":{"one":"Ouro","other":"Ouros"}},"XBA":{"name":"Unidade Composta Europeia","pluralName":{"one":"Unidade de composição europeia","other":"Unidades de composição europeias"}},"XBB":{"name":"Unidade Monetária Europeia","pluralName":{"one":"Unidade monetária europeia","other":"Unidades monetárias europeias"}},"XBC":{"name":"Unidade de Conta Europeia (XBC)","pluralName":{"one":"Unidade europeia de conta (XBC)","other":"Unidades europeias de conta (XBC)"}},"XBD":{"name":"Unidade de Conta Europeia (XBD)","pluralName":{"one":"Unidade europeia de conta (XBD)","other":"Unidades europeias de conta (XBD)"}},"XCD":{"symbol":"EC$","name":"Dólar das Caraíbas Orientais","pluralName":{"one":"Dólar das Caraíbas Orientais","other":"Dólares das Caraíbas Orientais"},"symbolNarrow":"$"},"XDR":{"name":"Direitos Especiais de Giro","pluralName":{"one":"direito especial de saque","other":"direitos especiais de saque"}},"XEU":{"name":"Unidade da Moeda Europeia","pluralName":{"one":"Unidade de moeda europeia","other":"Unidades de moedas europeias"}},"XFO":{"name":"Franco-ouro francês","pluralName":{"one":"Franco de ouro francês","other":"Francos de ouro franceses"}},"XFU":{"name":"Franco UIC francês","pluralName":{"one":"Franco UIC francês","other":"Francos UIC franceses"}},"XOF":{"symbol":"CFA","name":"Franco CFA (BCEAO)","pluralName":{"one":"Franco CFA (BCEAO)","other":"Francos CFA (BCEAO)"}},"XPD":{"name":"Paládio","pluralName":{"one":"Paládio","other":"Paládios"}},"XPF":{"symbol":"CFPF","name":"Franco CFP","pluralName":{"one":"Franco CFP","other":"Francos CFP"}},"XPT":{"name":"Platina","pluralName":{"one":"Platina","other":"Platinas"}},"XRE":{"name":"Fundos RINET","pluralName":{"one":"Fundos RINET","other":"Fundos RINET"}},"XSU":{"name":"XSU"},"XTS":{"name":"Código de Moeda de Teste","pluralName":{"one":"Código de moeda de teste","other":"Códigos de moeda de teste"}},"XUA":{"name":"XUA"},"XXX":{"name":"Moeda desconhecida","pluralName":{"one":"(moeda desconhecida)","other":"(moedas desconhecidas)"}},"YDD":{"name":"Dinar iemenita","pluralName":{"one":"Dinar do Iêmen","other":"Dinares do Iêmen"}},"YER":{"name":"Rial iemenita","pluralName":{"one":"Rial iemenita","other":"Riais iemenitas"}},"YUD":{"name":"Dinar forte jugoslavo","pluralName":{"one":"Dinar forte iugoslavo","other":"Dinares fortes iugoslavos"}},"YUM":{"name":"Super Dinar jugoslavo","pluralName":{"one":"Dinar noviy da Iugoslávia","other":"Dinares noviy da Iugoslávia"}},"YUN":{"name":"Dinar conversível jugoslavo","pluralName":{"one":"Dinar conversível da Iugoslávia","other":"Dinares conversíveis da Iugoslávia"}},"YUR":{"name":"Dinar reformado iugoslavo (1992–1993)","pluralName":{"one":"Dinar iugoslavo reformado","other":"Dinares iugoslavos reformados"}},"ZAL":{"name":"Rand sul-africano (financeiro)","pluralName":{"one":"Rand da África do Sul (financeiro)","other":"Rands da África do Sul (financeiro)"}},"ZAR":{"name":"Rand sul-africano","pluralName":{"one":"Rand sul-africano","other":"Rands sul-africanos"},"symbolNarrow":"R"},"ZMK":{"name":"Kwacha zambiano (1968–2012)","pluralName":{"one":"Kwacha zambiano (1968–2012)","other":"Kwachas zambianos (1968–2012)"}},"ZMW":{"name":"Kwacha zambiano","pluralName":{"one":"Kwacha zambiano","other":"Kwachas zambianos"},"symbolNarrow":"ZK"},"ZRN":{"name":"Zaire Novo zairense (1993–1998)","pluralName":{"one":"Novo zaire do Zaire","other":"Novos zaires do Zaire"}},"ZRZ":{"name":"Zaire zairense (1971–1993)","pluralName":{"one":"Zaire do Zaire","other":"Zaires do Zaire"}},"ZWD":{"name":"Dólar do Zimbabwe","pluralName":{"one":"Dólar do Zimbábue","other":"Dólares do Zimbábue"}},"ZWL":{"name":"Dólar do Zimbábue (2009)","pluralName":{"one":"Dólar do Zimbábue (2009)","other":"Dólares do Zimbábue (2009)"}},"ZWR":{"name":"Dólar do Zimbábue (2008)","pluralName":{"one":"Dólar do Zimbábue (2008)","other":"Dólares do Zimbábue (2008)"}},"MVP":{"name":"Maldivian Rupee (1947–1981)","pluralName":{"one":"Maldivian rupee (1947–1981)","other":"Maldivian rupees (1947–1981)"}}}