{"era":{"displayName":"Era"},"year":{"displayName":"Ano","relative-type--1":"ano passado","relative-type-0":"este ano","relative-type-1":"próximo ano","relativeTime-type-future":{"relativeTimePattern-count-one":"dentro de {0} ano","relativeTimePattern-count-other":"dentro de {0} anos"},"relativeTime-type-past":{"relativeTimePattern-count-one":"há {0} ano","relativeTimePattern-count-other":"há {0} anos"}},"year-short":{"displayName":"ano","relative-type--1":"ano passado","relative-type-0":"este ano","relative-type-1":"próximo ano","relativeTime-type-future":{"relativeTimePattern-count-one":"dentro de {0} ano","relativeTimePattern-count-other":"dentro de {0} anos"},"relativeTime-type-past":{"relativeTimePattern-count-one":"há {0} ano","relativeTimePattern-count-other":"há {0} anos"}},"year-narrow":{"displayName":"ano","relative-type--1":"ano passado","relative-type-0":"este ano","relative-type-1":"próximo ano","relativeTime-type-future":{"relativeTimePattern-count-one":"+{0} ano","relativeTimePattern-count-other":"+{0} anos"},"relativeTime-type-past":{"relativeTimePattern-count-one":"-{0} ano","relativeTimePattern-count-other":"-{0} anos"}},"quarter":{"displayName":"Trimestre","relative-type--1":"last quarter","relative-type-0":"this quarter","relative-type-1":"next quarter","relativeTime-type-future":{"relativeTimePattern-count-one":"dentro de {0} trimestre","relativeTimePattern-count-other":"dentro de {0} trimestres"},"relativeTime-type-past":{"relativeTimePattern-count-one":"há {0} trimestre","relativeTimePattern-count-other":"há {0} trimestres"}},"quarter-short":{"displayName":"trim.","relative-type--1":"last quarter","relative-type-0":"this quarter","relative-type-1":"next quarter","relativeTime-type-future":{"relativeTimePattern-count-one":"dentro de {0} trim.","relativeTimePattern-count-other":"dentro de {0} trim."},"relativeTime-type-past":{"relativeTimePattern-count-one":"há {0} trim.","relativeTimePattern-count-other":"há {0} trim."}},"quarter-narrow":{"displayName":"trim.","relative-type--1":"last quarter","relative-type-0":"this quarter","relative-type-1":"next quarter","relativeTime-type-future":{"relativeTimePattern-count-one":"+{0} trim.","relativeTimePattern-count-other":"+{0} trim."},"relativeTime-type-past":{"relativeTimePattern-count-one":"-{0} trim.","relativeTimePattern-count-other":"-{0} trim."}},"month":{"displayName":"Mês","relative-type--1":"mês passado","relative-type-0":"este mês","relative-type-1":"próximo mês","relativeTime-type-future":{"relativeTimePattern-count-one":"dentro de {0} mês","relativeTimePattern-count-other":"dentro de {0} meses"},"relativeTime-type-past":{"relativeTimePattern-count-one":"há {0} mês","relativeTimePattern-count-other":"há {0} meses"}},"month-short":{"displayName":"mês","relative-type--1":"mês passado","relative-type-0":"este mês","relative-type-1":"próximo mês","relativeTime-type-future":{"relativeTimePattern-count-one":"dentro de {0} mês","relativeTimePattern-count-other":"dentro de {0} meses"},"relativeTime-type-past":{"relativeTimePattern-count-one":"há {0} mês","relativeTimePattern-count-other":"há {0} meses"}},"month-narrow":{"displayName":"mês","relative-type--1":"mês passado","relative-type-0":"este mês","relative-type-1":"próximo mês","relativeTime-type-future":{"relativeTimePattern-count-one":"+{0} mês","relativeTimePattern-count-other":"+{0} meses"},"relativeTime-type-past":{"relativeTimePattern-count-one":"-{0} mês","relativeTimePattern-count-other":"-{0} meses"}},"week":{"displayName":"Semana","relative-type--1":"semana passada","relative-type-0":"esta semana","relative-type-1":"próxima semana","relativeTime-type-future":{"relativeTimePattern-count-one":"dentro de {0} semana","relativeTimePattern-count-other":"dentro de {0} semanas"},"relativeTime-type-past":{"relativeTimePattern-count-one":"há {0} semana","relativeTimePattern-count-other":"há {0} semanas"}},"week-short":{"displayName":"sem.","relative-type--1":"semana passada","relative-type-0":"esta semana","relative-type-1":"próxima semana","relativeTime-type-future":{"relativeTimePattern-count-one":"dentro de {0} sem.","relativeTimePattern-count-other":"dentro de {0} sem."},"relativeTime-type-past":{"relativeTimePattern-count-one":"há {0} sem.","relativeTimePattern-count-other":"há {0} sem."}},"week-narrow":{"displayName":"sem.","relative-type--1":"semana passada","relative-type-0":"esta semana","relative-type-1":"próxima semana","relativeTime-type-future":{"relativeTimePattern-count-one":"+{0} sem.","relativeTimePattern-count-other":"+{0} sem."},"relativeTime-type-past":{"relativeTimePattern-count-one":"-{0} sem.","relativeTimePattern-count-other":"-{0} sem."}},"day":{"displayName":"Dia","relative-type--1":"ontem","relative-type--2":"anteontem","relative-type-0":"hoje","relative-type-1":"amanhã","relative-type-2":"depois de amanhã","relativeTime-type-future":{"relativeTimePattern-count-one":"dentro de {0} dia","relativeTimePattern-count-other":"dentro de {0} dias"},"relativeTime-type-past":{"relativeTimePattern-count-one":"há {0} dia","relativeTimePattern-count-other":"há {0} dias"}},"day-short":{"displayName":"dia","relative-type--1":"ontem","relative-type--2":"anteontem","relative-type-0":"hoje","relative-type-1":"amanhã","relative-type-2":"depois de amanhã","relativeTime-type-future":{"relativeTimePattern-count-one":"dentro de {0} dia","relativeTimePattern-count-other":"dentro de {0} dias"},"relativeTime-type-past":{"relativeTimePattern-count-one":"há {0} dia","relativeTimePattern-count-other":"há {0} dias"}},"day-narrow":{"displayName":"dia","relative-type--1":"ontem","relative-type--2":"anteontem","relative-type-0":"hoje","relative-type-1":"amanhã","relative-type-2":"depois de amanhã","relativeTime-type-future":{"relativeTimePattern-count-one":"+{0} dia","relativeTimePattern-count-other":"+{0} dias"},"relativeTime-type-past":{"relativeTimePattern-count-one":"-{0} dia","relativeTimePattern-count-other":"-{0} dias"}},"weekday":{"displayName":"Dia da semana"},"sun":{"relative-type--1":"domingo passado","relative-type-0":"este domingo","relative-type-1":"próximo domingo"},"sun-short":{"relative-type--1":"dom. passado","relative-type-0":"este dom.","relative-type-1":"próximo dom."},"sun-narrow":{"relative-type--1":"dom. passado","relative-type-0":"este dom.","relative-type-1":"próximo dom."},"mon":{"relative-type--1":"segunda-feira passada","relative-type-0":"esta segunda-feira","relative-type-1":"próxima segunda-feira"},"mon-short":{"relative-type--1":"seg. passada","relative-type-0":"esta seg.","relative-type-1":"próxima seg."},"mon-narrow":{"relative-type--1":"seg. passada","relative-type-0":"esta seg.","relative-type-1":"próxima seg."},"tue":{"relative-type--1":"terça-feira passada","relative-type-0":"esta terça-feira","relative-type-1":"próxima terça-feira"},"tue-short":{"relative-type--1":"ter. passada","relative-type-0":"esta ter.","relative-type-1":"próxima ter."},"tue-narrow":{"relative-type--1":"ter. passada","relative-type-0":"esta ter.","relative-type-1":"próxima ter."},"wed":{"relative-type--1":"quarta-feira passada","relative-type-0":"esta quarta-feira","relative-type-1":"próxima quarta-feira"},"wed-short":{"relative-type--1":"qua. passada","relative-type-0":"esta qua.","relative-type-1":"próxima qua."},"wed-narrow":{"relative-type--1":"qua. passada","relative-type-0":"esta qua.","relative-type-1":"próxima qua."},"thu":{"relative-type--1":"quinta-feira passada","relative-type-0":"esta quinta-feira","relative-type-1":"próxima quinta-feira"},"thu-short":{"relative-type--1":"qui. passada","relative-type-0":"esta qui.","relative-type-1":"próxima qui."},"thu-narrow":{"relative-type--1":"qui. passada","relative-type-0":"esta qui.","relative-type-1":"próxima qui."},"fri":{"relative-type--1":"sexta-feira passada","relative-type-0":"esta sexta-feira","relative-type-1":"próxima sexta-feira"},"fri-short":{"relative-type--1":"sex. passada","relative-type-0":"esta sex.","relative-type-1":"próxima sex."},"fri-narrow":{"relative-type--1":"sex. passada","relative-type-0":"esta sex.","relative-type-1":"próxima sex."},"sat":{"relative-type--1":"sábado passado","relative-type-0":"este sábado","relative-type-1":"próximo sábado"},"sat-short":{"relative-type--1":"sáb. passado","relative-type-0":"este sáb.","relative-type-1":"próximo sáb."},"sat-narrow":{"relative-type--1":"sáb. passado","relative-type-0":"este sáb.","relative-type-1":"próximo sáb."},"dayperiod":{"displayName":"AM/PM"},"hour":{"displayName":"Hora","relativeTime-type-future":{"relativeTimePattern-count-one":"dentro de {0} hora","relativeTimePattern-count-other":"dentro de {0} horas"},"relativeTime-type-past":{"relativeTimePattern-count-one":"há {0} hora","relativeTimePattern-count-other":"há {0} horas"}},"hour-short":{"displayName":"h","relativeTime-type-future":{"relativeTimePattern-count-one":"dentro de {0} h","relativeTimePattern-count-other":"dentro de {0} h"},"relativeTime-type-past":{"relativeTimePattern-count-one":"há {0} h","relativeTimePattern-count-other":"há {0} h"}},"hour-narrow":{"displayName":"h","relativeTime-type-future":{"relativeTimePattern-count-one":"+{0} h","relativeTimePattern-count-other":"+{0} h"},"relativeTime-type-past":{"relativeTimePattern-count-one":"-{0} h","relativeTimePattern-count-other":"-{0} h"}},"minute":{"displayName":"Minuto","relativeTime-type-future":{"relativeTimePattern-count-one":"dentro de {0} minuto","relativeTimePattern-count-other":"dentro de {0} minutos"},"relativeTime-type-past":{"relativeTimePattern-count-one":"há {0} minuto","relativeTimePattern-count-other":"há {0} minutos"}},"minute-short":{"displayName":"min","relativeTime-type-future":{"relativeTimePattern-count-one":"dentro de {0} min","relativeTimePattern-count-other":"dentro de {0} min"},"relativeTime-type-past":{"relativeTimePattern-count-one":"há {0} min","relativeTimePattern-count-other":"há {0} min"}},"minute-narrow":{"displayName":"min","relativeTime-type-future":{"relativeTimePattern-count-one":"+{0} min","relativeTimePattern-count-other":"+{0} min"},"relativeTime-type-past":{"relativeTimePattern-count-one":"-{0} min","relativeTimePattern-count-other":"-{0} min"}},"second":{"displayName":"Segundo","relative-type-0":"agora","relativeTime-type-future":{"relativeTimePattern-count-one":"dentro de {0} segundo","relativeTimePattern-count-other":"dentro de {0} segundos"},"relativeTime-type-past":{"relativeTimePattern-count-one":"há {0} segundo","relativeTimePattern-count-other":"há {0} segundos"}},"second-short":{"displayName":"s","relative-type-0":"agora","relativeTime-type-future":{"relativeTimePattern-count-one":"dentro de {0} s","relativeTimePattern-count-other":"dentro de {0} s"},"relativeTime-type-past":{"relativeTimePattern-count-one":"há {0} s","relativeTimePattern-count-other":"há {0} s"}},"second-narrow":{"displayName":"s","relative-type-0":"agora","relativeTime-type-future":{"relativeTimePattern-count-one":"+{0} s","relativeTimePattern-count-other":"+{0} s"},"relativeTime-type-past":{"relativeTimePattern-count-one":"-{0} s","relativeTimePattern-count-other":"-{0} s"}},"zone":{"displayName":"Fuso horário"}}