{"localeDisplayPattern":{"localePattern":"%1$s (%2$s)","localeSeparator":"%1$s, %2$s","localeKeyTypePattern":"%1$s: %2$s"},"keys":{"calendar":"Calendário","colAlternate":"Ignorar classificação de símbolos","colBackwards":"Ordenação de acentos invertida","colCaseFirst":"Ordem de maiúsculas/minúsculas","colCaseLevel":"Ordenação sensível a maiúsculas e minúsculas","colHiraganaQuaternary":"Ordenação kana","colNormalization":"Ordenação normalizada","colNumeric":"Ordenação numérica","colStrength":"Força da ordenação","collation":"Ordenação","currency":"Moeda","numbers":"Números","timezone":"Fuso horário","va":"Variante de localidade","variableTop":"Ordenar como símbolos","x":"Utilização privada"},"types":{"calendar":{"buddhist":"Calendário budista","chinese":"Calendário chinês","coptic":"Calendário copta","dangi":"Calendário dangi","ethiopic":"Calendário etíope","ethiopic-amete-alem":"Calendário Etíope Amete Alem","gregorian":"Calendário gregoriano","hebrew":"Calendário hebraico","indian":"Calendário Nacional Indiano","islamic":"Calendário islâmico","islamic-civil":"Calendário Civil Islâmico","islamic-rgsa":"islamic-rgsa","islamic-tbla":"islamic-tbla","islamic-umalqura":"islamic-umalqura","iso8601":"Calendário ISO-8601","japanese":"Calendário japonês","persian":"Calendário persa","roc":"Calendário da República da China"},"colAlternate":{"non-ignorable":"Ordenar símbolos","shifted":"Ordenar símbolos ignorados"},"colBackwards":{"no":"Ordenar acentos normalmente","yes":"Ordenar acentos inversamente"},"colCaseFirst":{"lower":"Ordenar por minúsculas","no":"Ordenar disposição de tipo de letra normal","upper":"Ordenar por maiúsculas"},"colCaseLevel":{"no":"Ordenar insensível a maiúsculas/minúsculas","yes":"Ordenar sensível a maiúsculas/minúsculas"},"colHiraganaQuaternary":{"no":"Ordenar kana separadamente","yes":"Ordenar kana diferentemente"},"colNormalization":{"no":"Ordenar sem normalização","yes":"Ordenar Unicode normalizado"},"colNumeric":{"no":"Ordenar dígitos individualmente","yes":"Ordenar dígitos numericamente"},"colStrength":{"identical":"Ordenar tudo","primary":"Ordenar apenas letras básicas","quaternary":"Ordenar acentos/tipo de letra/largura/kana","secondary":"Ordenar acentos","tertiary":"Ordenar acentos/tipo de letra/largura"},"collation":{"big5han":"Ordem do Chinês Tradicional - Big5","dictionary":"Ordenação do dicionário","ducet":"Ordenação unicode predefinida","eor":"eor","gb2312han":"Ordem do Chinês Simplificado - GB2312","phonebook":"Ordem da lista telefónica","phonetic":"Sequência de ordenação fonética","pinyin":"Ordem Pin-yin","reformed":"Reforma da ordenação","search":"Pesquisa de uso geral","searchjl":"Pesquisar por consonante inicial hangul","standard":"Ordenação padrão","stroke":"Ordem por traços","traditional":"Ordem tradicional","unihan":"Ordem por radical e traços","zhuyin":"zhuyin"},"numbers":{"arab":"Algarismos indo-arábicos","arabext":"Algarismos indo-arábicos por extenso","armn":"Numeração arménia","armnlow":"Numeração arménia minúscula","bali":"bali","beng":"Algarismos bengalis","brah":"brah","cakm":"cakm","cham":"cham","deva":"Algarismos devanágaris","ethi":"Numeração etíope","finance":"Algarismos financeiros","fullwide":"Algarismos de largura completa","geor":"Numeração georgiana","grek":"Numeração grega","greklow":"Numeração grega minúscula","gujr":"Algarismos de guzerate","guru":"Algarismos de gurmukhi","hanidec":"Numeração decimal chinesa","hans":"Numeração em chinês simplificado","hansfin":"Numeração financeira em chinês simplificado","hant":"Numeração em chinês tradicional","hantfin":"Numeração financeira em chinês tradicional","hebr":"Numeração hebraica","java":"java","jpan":"Numeração japonesa","jpanfin":"Numeração financeira japonesa","kali":"kali","khmr":"Algarismos de cmer","knda":"Algarismos de canarim","lana":"lana","lanatham":"lanatham","laoo":"Algarismos laosianos","latn":"Algarismos ocidentais","lepc":"lepc","limb":"limb","mlym":"Algarismos de malaiala","mong":"Algarismos mongóis","mtei":"mtei","mymr":"Algarismos birmaneses","mymrshan":"mymrshan","native":"Dígitos nativos","nkoo":"nkoo","olck":"olck","orya":"Algarismos de oriya","osma":"osma","roman":"Numeração romana","romanlow":"Numeração romana minúscula","saur":"saur","shrd":"shrd","sora":"sora","sund":"sund","takr":"takr","talu":"talu","taml":"Numeração tâmil","tamldec":"Algarismos de tâmil","telu":"Algarismos de telugu","thai":"Algarismos tailandeses","tibt":"Algarismos tibetanos","traditional":"Algarismos tradicionais","vaii":"Dígitos vai"}},"codePatterns":{"language":"Idioma: %1$s","script":"Escrita: %1$s","territory":"Região: %1$s"}}