{"hourFormat":"+HH:mm;-HH:mm","gmtFormat":"GMT%1$s","gmtZeroFormat":"GMT","regionFormat":"Hora de %1$s","regionFormat-type-standard":"Hora padrão de %1$s","regionFormat-type-daylight":"Hora padrão de %1$s","fallbackFormat":"%2$s (%1$s)","zone":{"America":{"Adak":{"exemplarCity":"Adak"},"Anchorage":{"exemplarCity":"Anchorage"},"Anguilla":{"exemplarCity":"Anguila"},"Antigua":{"exemplarCity":"Antígua"},"Araguaina":{"exemplarCity":"Araguaina"},"Argentina":{"La_Rioja":{"exemplarCity":"La Rioja"},"Rio_Gallegos":{"exemplarCity":"Rio Gallegos"},"Salta":{"exemplarCity":"Salta"},"San_Juan":{"exemplarCity":"San Juan"},"San_Luis":{"exemplarCity":"San Luis"},"Tucuman":{"exemplarCity":"Tucumán"},"Ushuaia":{"exemplarCity":"Ushuaia"}},"Aruba":{"exemplarCity":"Aruba"},"Asuncion":{"exemplarCity":"Assunção"},"Bahia":{"exemplarCity":"Baía"},"Bahia_Banderas":{"exemplarCity":"Bahia Banderas"},"Barbados":{"exemplarCity":"Barbados"},"Belem":{"exemplarCity":"Belém"},"Belize":{"exemplarCity":"Belize"},"Blanc-Sablon":{"exemplarCity":"Blanc-Sablon"},"Boa_Vista":{"exemplarCity":"Boa Vista"},"Bogota":{"exemplarCity":"Bogotá"},"Boise":{"exemplarCity":"Boise"},"Buenos_Aires":{"exemplarCity":"Buenos Aires"},"Cambridge_Bay":{"exemplarCity":"Cambridge Bay"},"Campo_Grande":{"exemplarCity":"Campo Grande"},"Cancun":{"exemplarCity":"Cancun"},"Caracas":{"exemplarCity":"Caracas"},"Catamarca":{"exemplarCity":"Catamarca"},"Cayenne":{"exemplarCity":"Caiena"},"Cayman":{"exemplarCity":"Caimão"},"Chicago":{"exemplarCity":"Chicago"},"Chihuahua":{"exemplarCity":"Chihuahua"},"Coral_Harbour":{"exemplarCity":"Atikokan"},"Cordoba":{"exemplarCity":"Córdoba"},"Costa_Rica":{"exemplarCity":"Costa Rica"},"Creston":{"exemplarCity":"Creston"},"Cuiaba":{"exemplarCity":"Cuiabá"},"Curacao":{"exemplarCity":"Curaçau"},"Danmarkshavn":{"exemplarCity":"Danmarkshavn"},"Dawson":{"exemplarCity":"Dawson"},"Dawson_Creek":{"exemplarCity":"Dawson Creek"},"Denver":{"exemplarCity":"Denver"},"Detroit":{"exemplarCity":"Detroit"},"Dominica":{"exemplarCity":"Domínica"},"Edmonton":{"exemplarCity":"Edmonton"},"Eirunepe":{"exemplarCity":"Eirunepé"},"El_Salvador":{"exemplarCity":"El Salvador"},"Fortaleza":{"exemplarCity":"Fortaleza"},"Glace_Bay":{"exemplarCity":"Glace Bay"},"Godthab":{"exemplarCity":"Nuuk"},"Goose_Bay":{"exemplarCity":"Goose Bay"},"Grand_Turk":{"exemplarCity":"Grand Turk"},"Grenada":{"exemplarCity":"Granada"},"Guadeloupe":{"exemplarCity":"Guadalupe"},"Guatemala":{"exemplarCity":"Guatemala"},"Guayaquil":{"exemplarCity":"Guaiaquil"},"Guyana":{"exemplarCity":"Guiana"},"Halifax":{"exemplarCity":"Halifax"},"Havana":{"exemplarCity":"Havana"},"Hermosillo":{"exemplarCity":"Hermosillo"},"Indiana":{"Knox":{"exemplarCity":"Knox, Indiana"},"Marengo":{"exemplarCity":"Marengo, Indiana"},"Petersburg":{"exemplarCity":"Petersburg, Indiana"},"Tell_City":{"exemplarCity":"Tell City, Indiana"},"Vevay":{"exemplarCity":"Vevay, Indiana"},"Vincennes":{"exemplarCity":"Vincennes, Indiana"},"Winamac":{"exemplarCity":"Winamac, Indiana"}},"Indianapolis":{"exemplarCity":"Indianápolis"},"Inuvik":{"exemplarCity":"Inuvik"},"Iqaluit":{"exemplarCity":"Iqaluit"},"Jamaica":{"exemplarCity":"Jamaica"},"Jujuy":{"exemplarCity":"Jujuy"},"Juneau":{"exemplarCity":"Juneau"},"Kentucky":{"Monticello":{"exemplarCity":"Monticello, Kentucky"}},"Kralendijk":{"exemplarCity":"Kralendijk"},"La_Paz":{"exemplarCity":"La Paz"},"Lima":{"exemplarCity":"Lima"},"Los_Angeles":{"exemplarCity":"Los Angeles"},"Louisville":{"exemplarCity":"Louisville"},"Lower_Princes":{"exemplarCity":"Lower Prince’s Quarter"},"Maceio":{"exemplarCity":"Maceió"},"Managua":{"exemplarCity":"Manágua"},"Manaus":{"exemplarCity":"Manaus"},"Marigot":{"exemplarCity":"Marigot"},"Martinique":{"exemplarCity":"Martinica"},"Matamoros":{"exemplarCity":"Matamoros"},"Mazatlan":{"exemplarCity":"Mazatlan"},"Mendoza":{"exemplarCity":"Mendoza"},"Menominee":{"exemplarCity":"Menominee"},"Merida":{"exemplarCity":"Mérida"},"Metlakatla":{"exemplarCity":"Metlakatla"},"Mexico_City":{"exemplarCity":"Cidade do México"},"Miquelon":{"exemplarCity":"Miquelon"},"Moncton":{"exemplarCity":"Moncton"},"Monterrey":{"exemplarCity":"Monterrey"},"Montevideo":{"exemplarCity":"Montevideu"},"Montserrat":{"exemplarCity":"Montserrat"},"Nassau":{"exemplarCity":"Nassau"},"New_York":{"exemplarCity":"Nova Iorque"},"Nipigon":{"exemplarCity":"Nipigon"},"Nome":{"exemplarCity":"Nome"},"Noronha":{"exemplarCity":"Fernando de Noronha"},"North_Dakota":{"Beulah":{"exemplarCity":"Beulah, Dakota do Norte"},"Center":{"exemplarCity":"Center, Dakota do Norte"},"New_Salem":{"exemplarCity":"New Salen, Dakota do Norte"}},"Ojinaga":{"exemplarCity":"Ojinaga"},"Panama":{"exemplarCity":"Panamá"},"Pangnirtung":{"exemplarCity":"Pangnirtung"},"Paramaribo":{"exemplarCity":"Paramaribo"},"Phoenix":{"exemplarCity":"Phoenix"},"Port-au-Prince":{"exemplarCity":"Port-au-Prince"},"Port_of_Spain":{"exemplarCity":"Porto de Espanha"},"Porto_Velho":{"exemplarCity":"Porto Velho"},"Puerto_Rico":{"exemplarCity":"Porto Rico"},"Rainy_River":{"exemplarCity":"Rainy River"},"Rankin_Inlet":{"exemplarCity":"Rankin Inlet"},"Recife":{"exemplarCity":"Recife"},"Regina":{"exemplarCity":"Regina"},"Resolute":{"exemplarCity":"Resolute"},"Rio_Branco":{"exemplarCity":"Rio Branco"},"Santa_Isabel":{"exemplarCity":"Santa Isabel"},"Santarem":{"exemplarCity":"Santarém"},"Santiago":{"exemplarCity":"Santiago"},"Santo_Domingo":{"exemplarCity":"Santo Domingo"},"Sao_Paulo":{"exemplarCity":"São Paulo"},"Scoresbysund":{"exemplarCity":"Ittoqqortoormiit"},"Sitka":{"exemplarCity":"Sitka"},"St_Barthelemy":{"exemplarCity":"São Bartolomeu"},"St_Johns":{"exemplarCity":"St. John’s"},"St_Kitts":{"exemplarCity":"São Cristóvão"},"St_Lucia":{"exemplarCity":"Santa Lúcia"},"St_Thomas":{"exemplarCity":"St. Thomas"},"St_Vincent":{"exemplarCity":"São Vicente"},"Swift_Current":{"exemplarCity":"Swift Current"},"Tegucigalpa":{"exemplarCity":"Tegucigalpa"},"Thule":{"exemplarCity":"Thule"},"Thunder_Bay":{"exemplarCity":"Thunder Bay"},"Tijuana":{"exemplarCity":"Tijuana"},"Toronto":{"exemplarCity":"Toronto"},"Tortola":{"exemplarCity":"Tortola"},"Vancouver":{"exemplarCity":"Vancouver"},"Whitehorse":{"exemplarCity":"Whitehorse"},"Winnipeg":{"exemplarCity":"Winnipeg"},"Yakutat":{"exemplarCity":"Yakutat"},"Yellowknife":{"exemplarCity":"Yellowknife"}},"Atlantic":{"Azores":{"exemplarCity":"Açores"},"Bermuda":{"exemplarCity":"Bermudas"},"Canary":{"exemplarCity":"Canárias"},"Cape_Verde":{"exemplarCity":"Cabo Verde"},"Faeroe":{"exemplarCity":"Faroé"},"Madeira":{"exemplarCity":"Madeira"},"Reykjavik":{"exemplarCity":"Reiquiavique"},"South_Georgia":{"exemplarCity":"Geórgia do Sul"},"St_Helena":{"exemplarCity":"Santa Helena"},"Stanley":{"exemplarCity":"Stanley"}},"Europe":{"Amsterdam":{"exemplarCity":"Amesterdão"},"Andorra":{"exemplarCity":"Andorra"},"Athens":{"exemplarCity":"Atenas"},"Belgrade":{"exemplarCity":"Belgrado"},"Berlin":{"exemplarCity":"Berlim"},"Bratislava":{"exemplarCity":"Bratislava"},"Brussels":{"exemplarCity":"Bruxelas"},"Bucharest":{"exemplarCity":"Bucareste"},"Budapest":{"exemplarCity":"Budapeste"},"Busingen":{"exemplarCity":"Busingen"},"Chisinau":{"exemplarCity":"Chisinau"},"Copenhagen":{"exemplarCity":"Copenhaga"},"Dublin":{"long":{"daylight":"Hora de Verão da Irlanda"},"exemplarCity":"Dublin"},"Gibraltar":{"exemplarCity":"Gibraltar"},"Guernsey":{"exemplarCity":"Guernsey"},"Helsinki":{"exemplarCity":"Helsínquia"},"Isle_of_Man":{"exemplarCity":"Ilha de Man"},"Istanbul":{"exemplarCity":"Istambul"},"Jersey":{"exemplarCity":"Jersey"},"Kaliningrad":{"exemplarCity":"Caliningrado"},"Kiev":{"exemplarCity":"Kiev"},"Lisbon":{"exemplarCity":"Lisboa"},"Ljubljana":{"exemplarCity":"Liubliana"},"London":{"long":{"daylight":"Hora de Verão Britânica"},"exemplarCity":"Londres"},"Luxembourg":{"exemplarCity":"Luxemburgo"},"Madrid":{"exemplarCity":"Madrid"},"Malta":{"exemplarCity":"Malta"},"Mariehamn":{"exemplarCity":"Mariehamn"},"Minsk":{"exemplarCity":"Minsk"},"Monaco":{"exemplarCity":"Mónaco"},"Moscow":{"exemplarCity":"Moscovo"},"Oslo":{"exemplarCity":"Oslo"},"Paris":{"exemplarCity":"Paris"},"Podgorica":{"exemplarCity":"Podgorica"},"Prague":{"exemplarCity":"Praga"},"Riga":{"exemplarCity":"Riga"},"Rome":{"exemplarCity":"Roma"},"Samara":{"exemplarCity":"Samara"},"San_Marino":{"exemplarCity":"São Marino"},"Sarajevo":{"exemplarCity":"Sarajevo"},"Simferopol":{"exemplarCity":"Simferopol"},"Skopje":{"exemplarCity":"Skopje"},"Sofia":{"exemplarCity":"Sófia"},"Stockholm":{"exemplarCity":"Estocolmo"},"Tallinn":{"exemplarCity":"Tallinn"},"Tirane":{"exemplarCity":"Tirana"},"Uzhgorod":{"exemplarCity":"Uzhgorod"},"Vaduz":{"exemplarCity":"Vaduz"},"Vatican":{"exemplarCity":"Vaticano"},"Vienna":{"exemplarCity":"Viena"},"Vilnius":{"exemplarCity":"Vilnius"},"Volgograd":{"exemplarCity":"Volgogrado"},"Warsaw":{"exemplarCity":"Varsóvia"},"Zagreb":{"exemplarCity":"Zagreb"},"Zaporozhye":{"exemplarCity":"Zaporizhia"},"Zurich":{"exemplarCity":"Zurique"}},"Africa":{"Abidjan":{"exemplarCity":"Abidjan"},"Accra":{"exemplarCity":"Acra"},"Addis_Ababa":{"exemplarCity":"Adis-Abeba"},"Algiers":{"exemplarCity":"Argel"},"Asmera":{"exemplarCity":"Asmara"},"Bamako":{"exemplarCity":"Bamaco"},"Bangui":{"exemplarCity":"Bangui"},"Banjul":{"exemplarCity":"Banjul"},"Bissau":{"exemplarCity":"Bissau"},"Blantyre":{"exemplarCity":"Blantyre"},"Brazzaville":{"exemplarCity":"Brazzaville"},"Bujumbura":{"exemplarCity":"Bujumbura"},"Cairo":{"exemplarCity":"Cairo"},"Casablanca":{"exemplarCity":"Casablanca"},"Ceuta":{"exemplarCity":"Ceuta"},"Conakry":{"exemplarCity":"Conacri"},"Dakar":{"exemplarCity":"Dacar"},"Dar_es_Salaam":{"exemplarCity":"Dar es Salaam"},"Djibouti":{"exemplarCity":"Jibuti"},"Douala":{"exemplarCity":"Douala"},"El_Aaiun":{"exemplarCity":"El Aaiún"},"Freetown":{"exemplarCity":"Freetown"},"Gaborone":{"exemplarCity":"Gaborone"},"Harare":{"exemplarCity":"Harare"},"Johannesburg":{"exemplarCity":"Joanesburgo"},"Juba":{"exemplarCity":"Juba"},"Kampala":{"exemplarCity":"Campala"},"Khartoum":{"exemplarCity":"Cartum"},"Kigali":{"exemplarCity":"Kigali"},"Kinshasa":{"exemplarCity":"Kinshasa"},"Lagos":{"exemplarCity":"Lagos"},"Libreville":{"exemplarCity":"Libreville"},"Lome":{"exemplarCity":"Lomé"},"Luanda":{"exemplarCity":"Luanda"},"Lubumbashi":{"exemplarCity":"Lubumbashi"},"Lusaka":{"exemplarCity":"Lusaca"},"Malabo":{"exemplarCity":"Malabo"},"Maputo":{"exemplarCity":"Maputo"},"Maseru":{"exemplarCity":"Maseru"},"Mbabane":{"exemplarCity":"Mbabane"},"Mogadishu":{"exemplarCity":"Mogadíscio"},"Monrovia":{"exemplarCity":"Monróvia"},"Nairobi":{"exemplarCity":"Nairobi"},"Ndjamena":{"exemplarCity":"Ndjamena"},"Niamey":{"exemplarCity":"Niamei"},"Nouakchott":{"exemplarCity":"Nouakchott"},"Ouagadougou":{"exemplarCity":"Ouagadougou"},"Porto-Novo":{"exemplarCity":"Porto-Novo"},"Sao_Tome":{"exemplarCity":"São Tomé"},"Tripoli":{"exemplarCity":"Tripoli"},"Tunis":{"exemplarCity":"Tunes"},"Windhoek":{"exemplarCity":"Windhoek"}},"Asia":{"Aden":{"exemplarCity":"Adem"},"Almaty":{"exemplarCity":"Almaty"},"Amman":{"exemplarCity":"Amã"},"Anadyr":{"exemplarCity":"Anadyr"},"Aqtau":{"exemplarCity":"Aqtau"},"Aqtobe":{"exemplarCity":"Aqtobe"},"Ashgabat":{"exemplarCity":"Asgabate"},"Baghdad":{"exemplarCity":"Bagdade"},"Bahrain":{"exemplarCity":"Barém"},"Baku":{"exemplarCity":"Baku"},"Bangkok":{"exemplarCity":"Banguecoque"},"Beirut":{"exemplarCity":"Beirute"},"Bishkek":{"exemplarCity":"Bishkek"},"Brunei":{"exemplarCity":"Brunei"},"Calcutta":{"exemplarCity":"Calcutá"},"Chita":{"exemplarCity":"Chita"},"Choibalsan":{"exemplarCity":"Choibalsan"},"Colombo":{"exemplarCity":"Colombo"},"Damascus":{"exemplarCity":"Damasco"},"Dhaka":{"exemplarCity":"Daca"},"Dili":{"exemplarCity":"Dili"},"Dubai":{"exemplarCity":"Dubai"},"Dushanbe":{"exemplarCity":"Duchambe"},"Gaza":{"exemplarCity":"Gaza"},"Hebron":{"exemplarCity":"Hebron"},"Hong_Kong":{"exemplarCity":"Hong Kong"},"Hovd":{"exemplarCity":"Hovd"},"Irkutsk":{"exemplarCity":"Irkutsk"},"Jakarta":{"exemplarCity":"Jacarta"},"Jayapura":{"exemplarCity":"Jayapura"},"Jerusalem":{"exemplarCity":"Jerusalém"},"Kabul":{"exemplarCity":"Cabul"},"Kamchatka":{"exemplarCity":"Kamchatka"},"Karachi":{"exemplarCity":"Carachi"},"Katmandu":{"exemplarCity":"Catmandu"},"Khandyga":{"exemplarCity":"Khandyga"},"Krasnoyarsk":{"exemplarCity":"Krasnoyarsk"},"Kuala_Lumpur":{"exemplarCity":"Kuala Lumpur"},"Kuching":{"exemplarCity":"Kuching"},"Kuwait":{"exemplarCity":"Kuwait"},"Macau":{"exemplarCity":"Macau"},"Magadan":{"exemplarCity":"Magadan"},"Makassar":{"exemplarCity":"Macassar"},"Manila":{"exemplarCity":"Manila"},"Muscat":{"exemplarCity":"Mascate"},"Nicosia":{"exemplarCity":"Nicósia"},"Novokuznetsk":{"exemplarCity":"Novokuznetsk"},"Novosibirsk":{"exemplarCity":"Novosibirsk"},"Omsk":{"exemplarCity":"Omsk"},"Oral":{"exemplarCity":"Oral"},"Phnom_Penh":{"exemplarCity":"Phnom Penh"},"Pontianak":{"exemplarCity":"Pontianak"},"Pyongyang":{"exemplarCity":"Pyongyang"},"Qatar":{"exemplarCity":"Qatar"},"Qyzylorda":{"exemplarCity":"Qyzylorda"},"Rangoon":{"exemplarCity":"Yangon"},"Riyadh":{"exemplarCity":"Riade"},"Saigon":{"exemplarCity":"Cidade de Ho Chi Minh"},"Sakhalin":{"exemplarCity":"Sacalina"},"Samarkand":{"exemplarCity":"Samarcanda"},"Seoul":{"exemplarCity":"Seul"},"Shanghai":{"exemplarCity":"Xangai"},"Singapore":{"exemplarCity":"Singapura"},"Srednekolymsk":{"exemplarCity":"Srednekolymsk"},"Taipei":{"exemplarCity":"Taipé"},"Tashkent":{"exemplarCity":"Tashkent"},"Tbilisi":{"exemplarCity":"Tbilisi"},"Tehran":{"exemplarCity":"Teerão"},"Thimphu":{"exemplarCity":"Timphu"},"Tokyo":{"exemplarCity":"Tóquio"},"Ulaanbaatar":{"exemplarCity":"Ulan Bator"},"Urumqi":{"exemplarCity":"Urumqi"},"Ust-Nera":{"exemplarCity":"Ust-Nera"},"Vientiane":{"exemplarCity":"Vientiane"},"Vladivostok":{"exemplarCity":"Vladivostok"},"Yakutsk":{"exemplarCity":"Yakutsk"},"Yekaterinburg":{"exemplarCity":"Ecaterimburgo"},"Yerevan":{"exemplarCity":"Erevan"}},"Indian":{"Antananarivo":{"exemplarCity":"Antananarivo"},"Chagos":{"exemplarCity":"Chagos"},"Christmas":{"exemplarCity":"Ilha do Natal"},"Cocos":{"exemplarCity":"Ilhas Cocos"},"Comoro":{"exemplarCity":"Comores"},"Kerguelen":{"exemplarCity":"Kerguelen"},"Mahe":{"exemplarCity":"Mahe"},"Maldives":{"exemplarCity":"Maldivas"},"Mauritius":{"exemplarCity":"Maurícia"},"Mayotte":{"exemplarCity":"Mayotte"},"Reunion":{"exemplarCity":"Reunião"}},"Australia":{"Adelaide":{"exemplarCity":"Adelaide"},"Brisbane":{"exemplarCity":"Brisbane"},"Broken_Hill":{"exemplarCity":"Broken Hill"},"Currie":{"exemplarCity":"Currie"},"Darwin":{"exemplarCity":"Darwin"},"Eucla":{"exemplarCity":"Eucla"},"Hobart":{"exemplarCity":"Hobart"},"Lindeman":{"exemplarCity":"Lindeman"},"Lord_Howe":{"exemplarCity":"Ilha de Lord Howe"},"Melbourne":{"exemplarCity":"Melbourne"},"Perth":{"exemplarCity":"Perth"},"Sydney":{"exemplarCity":"Sydney"}},"Pacific":{"Apia":{"exemplarCity":"Ápia"},"Auckland":{"exemplarCity":"Auckland"},"Bougainville":{"exemplarCity":"Bougainville"},"Chatham":{"exemplarCity":"Chatham"},"Easter":{"exemplarCity":"Ilha da Páscoa"},"Efate":{"exemplarCity":"Efate"},"Enderbury":{"exemplarCity":"Enderbury"},"Fakaofo":{"exemplarCity":"Fakaofo"},"Fiji":{"exemplarCity":"Fiji"},"Funafuti":{"exemplarCity":"Funafuti"},"Galapagos":{"exemplarCity":"Galápagos"},"Gambier":{"exemplarCity":"Gambier"},"Guadalcanal":{"exemplarCity":"Guadalcanal"},"Guam":{"exemplarCity":"Guam"},"Honolulu":{"exemplarCity":"Honolulu"},"Johnston":{"exemplarCity":"Johnston"},"Kiritimati":{"exemplarCity":"Kiritimati"},"Kosrae":{"exemplarCity":"Kosrae"},"Kwajalein":{"exemplarCity":"Kwajalein"},"Majuro":{"exemplarCity":"Majuro"},"Marquesas":{"exemplarCity":"Marquesas"},"Midway":{"exemplarCity":"Midway"},"Nauru":{"exemplarCity":"Nauru"},"Niue":{"exemplarCity":"Niue"},"Norfolk":{"exemplarCity":"Norfolk"},"Noumea":{"exemplarCity":"Nouméa"},"Pago_Pago":{"exemplarCity":"Pago Pago"},"Palau":{"exemplarCity":"Palau"},"Pitcairn":{"exemplarCity":"Ilhas Pitcairn"},"Ponape":{"exemplarCity":"Pohnpei"},"Port_Moresby":{"exemplarCity":"Port Moresby"},"Rarotonga":{"exemplarCity":"Rarotonga"},"Saipan":{"exemplarCity":"Saipan"},"Tahiti":{"exemplarCity":"Taiti"},"Tarawa":{"exemplarCity":"Tarawa"},"Tongatapu":{"exemplarCity":"Tongatapu"},"Truk":{"exemplarCity":"Chuuk"},"Wake":{"exemplarCity":"Wake"},"Wallis":{"exemplarCity":"Wallis"}},"Arctic":{"Longyearbyen":{"exemplarCity":"Longyearbyen"}},"Antarctica":{"Casey":{"exemplarCity":"Casey"},"Davis":{"exemplarCity":"Davis"},"DumontDUrville":{"exemplarCity":"Dumont d’Urville"},"Macquarie":{"exemplarCity":"Macquarie"},"Mawson":{"exemplarCity":"Mawson"},"McMurdo":{"exemplarCity":"McMurdo"},"Palmer":{"exemplarCity":"Palmer"},"Rothera":{"exemplarCity":"Rothera"},"Syowa":{"exemplarCity":"Syowa"},"Troll":{"exemplarCity":"Troll"},"Vostok":{"exemplarCity":"Vostok"}},"Etc":{"GMT":{"exemplarCity":"GMT"},"GMT1":{"exemplarCity":"GMT+1"},"GMT10":{"exemplarCity":"GMT+10"},"GMT11":{"exemplarCity":"GMT+11"},"GMT12":{"exemplarCity":"GMT+12"},"GMT2":{"exemplarCity":"GMT+2"},"GMT3":{"exemplarCity":"GMT+3"},"GMT4":{"exemplarCity":"GMT+4"},"GMT5":{"exemplarCity":"GMT+5"},"GMT6":{"exemplarCity":"GMT+6"},"GMT7":{"exemplarCity":"GMT+7"},"GMT8":{"exemplarCity":"GMT+8"},"GMT9":{"exemplarCity":"GMT+9"},"GMT-1":{"exemplarCity":"GMT-1"},"GMT-10":{"exemplarCity":"GMT-10"},"GMT-11":{"exemplarCity":"GMT-11"},"GMT-12":{"exemplarCity":"GMT-12"},"GMT-13":{"exemplarCity":"GMT-13"},"GMT-14":{"exemplarCity":"GMT-14"},"GMT-2":{"exemplarCity":"GMT-2"},"GMT-3":{"exemplarCity":"GMT-3"},"GMT-4":{"exemplarCity":"GMT-4"},"GMT-5":{"exemplarCity":"GMT-5"},"GMT-6":{"exemplarCity":"GMT-6"},"GMT-7":{"exemplarCity":"GMT-7"},"GMT-8":{"exemplarCity":"GMT-8"},"GMT-9":{"exemplarCity":"GMT-9"},"Unknown":{"exemplarCity":"Cidade desconhecida"}}},"metazone":{"Acre":{"long":{"generic":"Hora do Acre","standard":"Hora padrão do Acre","daylight":"Hora de verão do Acre"}},"Afghanistan":{"long":{"standard":"Hora do Afeganistão"}},"Africa_Central":{"long":{"standard":"Hora da África Central"}},"Africa_Eastern":{"long":{"standard":"Hora da África Oriental"}},"Africa_Southern":{"long":{"standard":"Hora da África do Sul"}},"Africa_Western":{"long":{"generic":"Hora da África Ocidental","standard":"Hora padrão da África Ocidental","daylight":"Hora de verão da África Ocidental"}},"Alaska":{"long":{"generic":"Hora do Alasca","standard":"Hora padrão do Alasca","daylight":"Hora de verão do Alasca"}},"Almaty":{"long":{"generic":"Hora de Almaty","standard":"Hora padrão de Almaty","daylight":"Hora de verão de Almaty"}},"Amazon":{"long":{"generic":"Hora do Amazonas","standard":"Hora padrão do Amazonas","daylight":"Hora de verão do Amazonas"}},"America_Central":{"long":{"generic":"Hora Central","standard":"Hora padrão Central","daylight":"Hora de verão Central"}},"America_Eastern":{"long":{"generic":"Hora Oriental","standard":"Hora padrão Oriental","daylight":"Hora de verão Oriental"}},"America_Mountain":{"long":{"generic":"Hora da Montanha","standard":"Hora padrão da Montanha","daylight":"Hora de verão da Montanha"}},"America_Pacific":{"long":{"generic":"Hora do Pacífico","standard":"Hora padrão do Pacífico","daylight":"Hora de verão do Pacífico"}},"Anadyr":{"long":{"generic":"Hora de Anadyr","standard":"Hora padrão de Anadyr","daylight":"Hora de verão de Anadyr"}},"Apia":{"long":{"generic":"Horário de Apia","standard":"Horário Padrão de Apia","daylight":"Horário de Verão de Apia"}},"Aqtau":{"long":{"generic":"Hora de Aqtau","standard":"Hora padrão de Aqtau","daylight":"Hora de verão de Aqtau"}},"Aqtobe":{"long":{"generic":"Hora de Aqtobe","standard":"Hora padrão de Aqtobe","daylight":"Hora de verão de Aqtobe"}},"Arabian":{"long":{"generic":"Hora da Arábia","standard":"Hora padrão da Arábia","daylight":"Hora de verão da Arábia"}},"Argentina":{"long":{"generic":"Hora da Argentina","standard":"Hora padrão da Argentina","daylight":"Hora de verão da Argentina"}},"Argentina_Western":{"long":{"generic":"Hora da Argentina Ocidental","standard":"Hora padrão da Argentina Ocidental","daylight":"Hora de verão da Argentina Ocidental"}},"Armenia":{"long":{"generic":"Hora da Arménia","standard":"Hora padrão da Arménia","daylight":"Hora de verão da Arménia"}},"Atlantic":{"long":{"generic":"Hora do Atlântico","standard":"Hora padrão do Atlântico","daylight":"Hora de verão do Atlântico"}},"Australia_Central":{"long":{"generic":"Hora da Austrália Central","standard":"Hora padrão da Austrália Central","daylight":"Hora de verão da Austrália Central"}},"Australia_CentralWestern":{"long":{"generic":"Hora da Austrália Central Ocidental","standard":"Hora padrão da Austrália Central Ocidental","daylight":"Hora de verão da Austrália Central Ocidental"}},"Australia_Eastern":{"long":{"generic":"Hora da Austrália Oriental","standard":"Hora padrão da Austrália Oriental","daylight":"Hora de verão da Austrália Oriental"}},"Australia_Western":{"long":{"generic":"Hora da Austrália Ocidental","standard":"Hora padrão da Austrália Ocidental","daylight":"Hora de verão da Austrália Ocidental"}},"Azerbaijan":{"long":{"generic":"Hora do Azerbaijão","standard":"Hora padrão do Azerbaijão","daylight":"Hora de verão do Azerbaijão"}},"Azores":{"long":{"generic":"Hora dos Açores","standard":"Hora padrão dos Açores","daylight":"Hora de verão dos Açores"},"short":{"generic":"AZOT","standard":"AZOT","daylight":"AZOST"}},"Bangladesh":{"long":{"generic":"Hora do Bangladesh","standard":"Hora padrão do Bangladesh","daylight":"Hora de verão do Bangladesh"}},"Bhutan":{"long":{"standard":"Hora do Butão"}},"Bolivia":{"long":{"standard":"Hora da Bolívia"}},"Brasilia":{"long":{"generic":"Hora de Brasília","standard":"Hora padrão de Brasília","daylight":"Hora de verão de Brasília"}},"Brunei":{"long":{"standard":"Hora do Brunei Darussalam"}},"Cape_Verde":{"long":{"generic":"Hora de Cabo Verde","standard":"Hora padrão de Cabo Verde","daylight":"Hora de verão de Cabo Verde"}},"Chamorro":{"long":{"standard":"Hora padrão do Chamorro"}},"Chatham":{"long":{"generic":"Hora do Chatham","standard":"Hora padrão do Chatham","daylight":"Hora de verão do Chatham"}},"Chile":{"long":{"generic":"Hora do Chile","standard":"Hora padrão do Chile","daylight":"Hora de verão do Chile"}},"China":{"long":{"generic":"Hora da China","standard":"Hora padrão da China","daylight":"Hora de verão da China"}},"Choibalsan":{"long":{"generic":"Hora de Choibalsan","standard":"Hora padrão de Choibalsan","daylight":"Hora de verão de Choibalsan"}},"Christmas":{"long":{"standard":"Hora da Ilha do Natal"}},"Cocos":{"long":{"standard":"Hora das Ilhas Cocos"}},"Colombia":{"long":{"generic":"Hora da Colômbia","standard":"Hora padrão da Colômbia","daylight":"Hora de verão da Colômbia"}},"Cook":{"long":{"generic":"Hora das Ilhas Cook","standard":"Hora padrão das Ilhas Cook","daylight":"Hora de verão das Ilhas Cook"}},"Cuba":{"long":{"generic":"Hora de Cuba","standard":"Hora padrão de Cuba","daylight":"Hora de verão de Cuba"}},"Davis":{"long":{"standard":"Hora de Davis"}},"DumontDUrville":{"long":{"standard":"Hora de Dumont-d’Urville"}},"East_Timor":{"long":{"standard":"Hora de Timor Leste"}},"Easter":{"long":{"generic":"Hora da Ilha da Páscoa","standard":"Hora padrão da Ilha da Páscoa","daylight":"Hora de verão da Ilha da Páscoa"}},"Ecuador":{"long":{"standard":"Hora do Equador"}},"Europe_Central":{"long":{"generic":"Hora da Europa Central","standard":"Hora padrão da Europa Central","daylight":"Hora de verão da Europa Central"},"short":{"generic":"CET","standard":"CET","daylight":"CEST"}},"Europe_Eastern":{"long":{"generic":"Hora da Europa Oriental","standard":"Hora padrão da Europa Oriental","daylight":"Hora de verão da Europa Oriental"},"short":{"generic":"EET","standard":"EET","daylight":"EEST"}},"Europe_Further_Eastern":{"long":{"standard":"Hora do Extremo Leste da Europa"}},"Europe_Western":{"long":{"generic":"Hora da Europa Ocidental","standard":"Hora padrão da Europa Ocidental","daylight":"Hora de verão da Europa Ocidental"},"short":{"generic":"WET","standard":"WET","daylight":"WEST"}},"Falkland":{"long":{"generic":"Hora das Ilhas Falkland","standard":"Hora padrão das Ilhas Falkland","daylight":"Hora de verão das Ilhas Falkland"}},"Fiji":{"long":{"generic":"Hora de Fiji","standard":"Hora padrão de Fiji","daylight":"Hora de verão de Fiji"}},"French_Guiana":{"long":{"standard":"Hora da Guiana Francesa"}},"French_Southern":{"long":{"standard":"Hora das Terras Austrais e Antárcticas Francesas"}},"GMT":{"long":{"standard":"Hora de Greenwich"}},"Galapagos":{"long":{"standard":"Hora das Galápagos"}},"Gambier":{"long":{"standard":"Hora de Gambier"}},"Georgia":{"long":{"generic":"Hora da Geórgia","standard":"Hora padrão da Geórgia","daylight":"Hora de verão da Geórgia"}},"Gilbert_Islands":{"long":{"standard":"Hora das Ilhas Gilbert"}},"Greenland_Eastern":{"long":{"generic":"Hora da Gronelândia Oriental","standard":"Hora padrão da Gronelândia Oriental","daylight":"Hora de verão da Gronelândia Oriental"}},"Greenland_Western":{"long":{"generic":"Hora da Gronelândia Ocidental","standard":"Hora padrão da Gronelândia Ocidental","daylight":"Hora de verão da Gronelândia Ocidental"}},"Guam":{"long":{"standard":"Hora padrão de Guam"}},"Gulf":{"long":{"standard":"Hora padrão do Golfo"}},"Guyana":{"long":{"standard":"Hora da Guiana"}},"Hawaii_Aleutian":{"long":{"generic":"Hora do Havai e Aleutas","standard":"Hora padrão do Havai e Aleutas","daylight":"Hora de verão do Havai e Aleutas"}},"Hong_Kong":{"long":{"generic":"Hora de Hong Kong","standard":"Hora padrão de Hong Kong","daylight":"Hora de verão de Hong Kong"}},"Hovd":{"long":{"generic":"Hora de Hovd","standard":"Hora padrão de Hovd","daylight":"Hora de verão de Hovd"}},"India":{"long":{"standard":"Hora padrão da Índia"}},"Indian_Ocean":{"long":{"standard":"Hora do Oceano Índico"}},"Indochina":{"long":{"standard":"Hora da Indochina"}},"Indonesia_Central":{"long":{"standard":"Hora da Indonésia Central"}},"Indonesia_Eastern":{"long":{"standard":"Hora da Indonésia Oriental"}},"Indonesia_Western":{"long":{"standard":"Hora da Indonésia Ocidental"}},"Iran":{"long":{"generic":"Hora do Irão","standard":"Hora padrão do Irão","daylight":"Hora de verão do Irão"}},"Irkutsk":{"long":{"generic":"Hora de Irkutsk","standard":"Hora padrão de Irkutsk","daylight":"Hora de verão de Irkutsk"}},"Israel":{"long":{"generic":"Hora de Israel","standard":"Hora padrão de Israel","daylight":"Hora de verão de Israel"}},"Japan":{"long":{"generic":"Hora do Japão","standard":"Hora padrão do Japão","daylight":"Hora de verão do Japão"}},"Kamchatka":{"long":{"generic":"Hora de Petropavlovsk-Kamchatski","standard":"Hora padrão de Petropavlovsk-Kamchatski","daylight":"Hora de verão de Petropavlovsk-Kamchatski"}},"Kazakhstan_Eastern":{"long":{"standard":"Hora do Cazaquistão Oriental"}},"Kazakhstan_Western":{"long":{"standard":"Hora do Cazaquistão Ocidental"}},"Korea":{"long":{"generic":"Hora da Coreia","standard":"Hora padrão da Coreia","daylight":"Hora de verão da Coreia"}},"Kosrae":{"long":{"standard":"Hora de Kosrae"}},"Krasnoyarsk":{"long":{"generic":"Hora de Krasnoyarsk","standard":"Hora padrão de Krasnoyarsk","daylight":"Hora de verão de Krasnoyarsk"}},"Kyrgystan":{"long":{"standard":"Hora do Quirguistão"}},"Lanka":{"long":{"standard":"Hora do Sri Lanka"}},"Line_Islands":{"long":{"standard":"Hora das Ilhas Line"}},"Lord_Howe":{"long":{"generic":"Hora de Lord Howe","standard":"Hora padrão de Lord Howe","daylight":"Hora de verão de Lord Howe"}},"Macau":{"long":{"generic":"Hora de Macau","standard":"Hora padrão de Macau","daylight":"Hora de verão de Macau"}},"Macquarie":{"long":{"standard":"Hora da Ilha Macquarie"}},"Magadan":{"long":{"generic":"Hora de Magadan","standard":"Hora padrão de Magadan","daylight":"Hora de verão de Magadan"}},"Malaysia":{"long":{"standard":"Hora da Malásia"}},"Maldives":{"long":{"standard":"Hora das Maldivas"}},"Marquesas":{"long":{"standard":"Hora das Ilhas Marquesas"}},"Marshall_Islands":{"long":{"standard":"Hora das Ilhas Marshall"}},"Mauritius":{"long":{"generic":"Hora da Maurícia","standard":"Hora padrão da Maurícia","daylight":"Hora de verão da Maurícia"}},"Mawson":{"long":{"standard":"Hora de Mawson"}},"Mexico_Northwest":{"long":{"generic":"Hora do Noroeste do México","standard":"Hora padrão do Noroeste do México","daylight":"Hora de verão do Noroeste do México"}},"Mexico_Pacific":{"long":{"generic":"Hora do Pacífico Mexicano","standard":"Hora padrão do Pacífico Mexicano","daylight":"Hora de verão do Pacífico Mexicano"}},"Mongolia":{"long":{"generic":"Hora de Ulan Bator","standard":"Hora padrão de Ulan Bator","daylight":"Hora de verão de Ulan Bator"}},"Moscow":{"long":{"generic":"Hora de Moscovo","standard":"Hora padrão de Moscovo","daylight":"Hora de verão de Moscovo"}},"Myanmar":{"long":{"standard":"Hora de Mianmar"}},"Nauru":{"long":{"standard":"Hora de Nauru"}},"Nepal":{"long":{"standard":"Hora do Nepal"}},"New_Caledonia":{"long":{"generic":"Hora da Nova Caledónia","standard":"Hora padrão da Nova Caledónia","daylight":"Hora de verão da Nova Caledónia"}},"New_Zealand":{"long":{"generic":"Hora da Nova Zelândia","standard":"Hora padrão da Nova Zelândia","daylight":"Hora de verão da Nova Zelândia"}},"Newfoundland":{"long":{"generic":"Hora da Terra Nova","standard":"Hora padrão da Terra Nova","daylight":"Hora de verão da Terra Nova"}},"Niue":{"long":{"standard":"Hora de Niue"}},"Norfolk":{"long":{"standard":"Hora da Ilha Norfolk"}},"Noronha":{"long":{"generic":"Hora de Fernando de Noronha","standard":"Hora padrão de Fernando de Noronha","daylight":"Hora de verão de Fernando de Noronha"}},"North_Mariana":{"long":{"standard":"Hora das Ilhas Mariana do Norte"}},"Novosibirsk":{"long":{"generic":"Hora de Novosibirsk","standard":"Hora padrão de Novosibirsk","daylight":"Hora de verão de Novosibirsk"}},"Omsk":{"long":{"generic":"Hora de Omsk","standard":"Hora padrão de Omsk","daylight":"Hora de verão de Omsk"}},"Pakistan":{"long":{"generic":"Hora do Paquistão","standard":"Hora padrão do Paquistão","daylight":"Hora de verão do Paquistão"}},"Palau":{"long":{"standard":"Hora de Palau"}},"Papua_New_Guinea":{"long":{"standard":"Hora de Papua Nova Guiné"}},"Paraguay":{"long":{"generic":"Hora do Paraguai","standard":"Hora padrão do Paraguai","daylight":"Hora de verão do Paraguai"}},"Peru":{"long":{"generic":"Hora do Peru","standard":"Hora padrão do Peru","daylight":"Hora de verão do Peru"}},"Philippines":{"long":{"generic":"Hora das Filipinas","standard":"Hora padrão das Filipinas","daylight":"Hora de verão das Filipinas"}},"Phoenix_Islands":{"long":{"standard":"Hora das Ilhas Fénix"}},"Pierre_Miquelon":{"long":{"generic":"Hora de São Pedro e Miquelão","standard":"Hora padrão de São Pedro e Miquelão","daylight":"Hora de verão de São Pedro e Miquelão"}},"Pitcairn":{"long":{"standard":"Hora de Pitcairn"}},"Ponape":{"long":{"standard":"Hora de Ponape"}},"Qyzylorda":{"long":{"generic":"Hora de Qyzylorda","standard":"Hora padrão de Qyzylorda","daylight":"Hora de verão de Qyzylorda"}},"Reunion":{"long":{"standard":"Hora de Reunião"}},"Rothera":{"long":{"standard":"Hora de Rothera"}},"Sakhalin":{"long":{"generic":"Hora de Sacalina","standard":"Hora padrão de Sacalina","daylight":"Hora de verão de Sacalina"}},"Samara":{"long":{"generic":"Hora de Samara","standard":"Hora padrão de Samara","daylight":"Hora de verão de Samara"}},"Samoa":{"long":{"generic":"Hora de Samoa","standard":"Hora padrão de Samoa","daylight":"Hora de verão de Samoa"}},"Seychelles":{"long":{"standard":"Hora das Seicheles"}},"Singapore":{"long":{"standard":"Hora padrão de Singapura"}},"Solomon":{"long":{"standard":"Hora das Ilhas Salomão"}},"South_Georgia":{"long":{"standard":"Hora da Geórgia do Sul"}},"Suriname":{"long":{"standard":"Hora do Suriname"}},"Syowa":{"long":{"standard":"Hora de Syowa"}},"Tahiti":{"long":{"standard":"Hora do Taiti"}},"Taipei":{"long":{"generic":"Hora de Taipé","standard":"Hora padrão de Taipé","daylight":"Hora de verão de Taipé"}},"Tajikistan":{"long":{"standard":"Hora do Tajiquistão"}},"Tokelau":{"long":{"standard":"Hora de Tokelau"}},"Tonga":{"long":{"generic":"Hora de Tonga","standard":"Hora padrão de Tonga","daylight":"Hora de verão de Tonga"}},"Truk":{"long":{"standard":"Hora de Chuuk"}},"Turkmenistan":{"long":{"generic":"Hora do Turquemenistão","standard":"Hora padrão do Turquemenistão","daylight":"Hora de verão do Turquemenistão"}},"Tuvalu":{"long":{"standard":"Hora de Tuvalu"}},"Uruguay":{"long":{"generic":"Hora do Uruguai","standard":"Hora padrão do Uruguai","daylight":"Hora de verão do Uruguai"}},"Uzbekistan":{"long":{"generic":"Hora do Uzbequistão","standard":"Hora padrão do Uzbequistão","daylight":"Hora de verão do Uzbequistão"}},"Vanuatu":{"long":{"generic":"Hora do Vanuatu","standard":"Hora padrão do Vanuatu","daylight":"Hora de verão do Vanuatu"}},"Venezuela":{"long":{"standard":"Hora da Venezuela"}},"Vladivostok":{"long":{"generic":"Hora de Vladivostok","standard":"Hora padrão de Vladivostok","daylight":"Hora de verão de Vladivostok"}},"Volgograd":{"long":{"generic":"Hora de Volgogrado","standard":"Hora padrão de Volgogrado","daylight":"Hora de verão de Volgogrado"}},"Vostok":{"long":{"standard":"Hora de Vostok"}},"Wake":{"long":{"standard":"Hora da Ilha Wake"}},"Wallis":{"long":{"standard":"Hora de Wallis e Futuna"}},"Yakutsk":{"long":{"generic":"Hora de Yakutsk","standard":"Hora padrão de Yakutsk","daylight":"Hora de verão de Yakutsk"}},"Yekaterinburg":{"long":{"generic":"Hora de Ecaterimburgo","standard":"Hora padrão de Ecaterimburgo","daylight":"Hora de verão de Ecaterimburgo"}}}}