{"months":{"format":{"abbreviated":{"1":"1月","2":"2月","3":"3月","4":"4月","5":"5月","6":"6月","7":"7月","8":"8月","9":"9月","10":"10月","11":"11月","12":"12月"},"narrow":{"1":"1","2":"2","3":"3","4":"4","5":"5","6":"6","7":"7","8":"8","9":"9","10":"10","11":"11","12":"12"},"wide":{"1":"1月","2":"2月","3":"3月","4":"4月","5":"5月","6":"6月","7":"7月","8":"8月","9":"9月","10":"10月","11":"11月","12":"12月"}},"stand-alone":{"abbreviated":{"1":"1月","2":"2月","3":"3月","4":"4月","5":"5月","6":"6月","7":"7月","8":"8月","9":"9月","10":"10月","11":"11月","12":"12月"},"narrow":{"1":"1","2":"2","3":"3","4":"4","5":"5","6":"6","7":"7","8":"8","9":"9","10":"10","11":"11","12":"12"},"wide":{"1":"1月","2":"2月","3":"3月","4":"4月","5":"5月","6":"6月","7":"7月","8":"8月","9":"9月","10":"10月","11":"11月","12":"12月"}}},"days":{"format":{"abbreviated":{"sun":"日","mon":"月","tue":"火","wed":"水","thu":"木","fri":"金","sat":"土"},"narrow":{"sun":"日","mon":"月","tue":"火","wed":"水","thu":"木","fri":"金","sat":"土"},"short":{"sun":"日","mon":"月","tue":"火","wed":"水","thu":"木","fri":"金","sat":"土"},"wide":{"sun":"日曜日","mon":"月曜日","tue":"火曜日","wed":"水曜日","thu":"木曜日","fri":"金曜日","sat":"土曜日"}},"stand-alone":{"abbreviated":{"sun":"日","mon":"月","tue":"火","wed":"水","thu":"木","fri":"金","sat":"土"},"narrow":{"sun":"日","mon":"月","tue":"火","wed":"水","thu":"木","fri":"金","sat":"土"},"short":{"sun":"日","mon":"月","tue":"火","wed":"水","thu":"木","fri":"金","sat":"土"},"wide":{"sun":"日曜日","mon":"月曜日","tue":"火曜日","wed":"水曜日","thu":"木曜日","fri":"金曜日","sat":"土曜日"}}},"quarters":{"format":{"abbreviated":{"1":"Q1","2":"Q2","3":"Q3","4":"Q4"},"narrow":{"1":"1","2":"2","3":"3","4":"4"},"wide":{"1":"第1四半期","2":"第2四半期","3":"第3四半期","4":"第4四半期"}},"stand-alone":{"abbreviated":{"1":"Q1","2":"Q2","3":"Q3","4":"Q4"},"narrow":{"1":"1","2":"2","3":"3","4":"4"},"wide":{"1":"第1四半期","2":"第2四半期","3":"第3四半期","4":"第4四半期"}}},"dayPeriods":{"format":{"abbreviated":{"am":"午前","noon":"正午","pm":"午後"},"narrow":{"am":"午前","noon":"正午","pm":"午後"},"wide":{"am":"午前","noon":"正午","pm":"午後"}},"stand-alone":{"abbreviated":{"am":"午前","noon":"正午","pm":"午後"},"narrow":{"am":"午前","noon":"正午","pm":"午後"},"wide":{"am":"午前","noon":"正午","pm":"午後"}}},"eras":{"wide":{"0":"紀元前","0-alt-variant":"西暦紀元前","1":"西暦","1-alt-variant":"西暦紀元"},"abbreviated":{"0":"紀元前","0-alt-variant":"西暦紀元前","1":"西暦","1-alt-variant":"西暦紀元"},"narrow":{"0":"BC","0-alt-variant":"BCE","1":"AD","1-alt-variant":"CE"}},"dateFormats":{"full":"y年M月d日EEEE","long":"y年M月d日","medium":"y/MM/dd","short":"y/MM/dd"},"timeFormats":{"full":"H時mm分ss秒 zzzz","long":"H:mm:ss z","medium":"H:mm:ss","short":"H:mm"},"dateTimeFormats":{"full":"%2$s %1$s","long":"%2$s %1$s","medium":"%2$s %1$s","short":"%2$s %1$s"}}