{"ADP":{"name":"アンドラ ペセタ"},"AED":{"name":"アラブ首長国連邦ディルハム"},"AFA":{"name":"アフガニスタン アフガニー (1927–2002)"},"AFN":{"name":"アフガニー"},"ALK":{"name":"アルバニア レク (1946–1965)"},"ALL":{"name":"アルバニア レク"},"AMD":{"name":"アルメニア ドラム"},"ANG":{"name":"オランダ領アンティル ギルダー"},"AOA":{"name":"クワンザ","symbolNarrow":"Kz"},"AOK":{"name":"アンゴラ クワンザ (1977–1991)"},"AON":{"name":"アンゴラ 新クワンザ (1990–2000)"},"AOR":{"name":"アンゴラ 旧クワンザ (1995–1999)"},"ARA":{"name":"アルゼンチン アゥストラール"},"ARL":{"name":"アルゼンチン・ペソ・レイ（1970-1983）"},"ARM":{"name":"アルゼンチン・ペソ（1881-1970）"},"ARP":{"name":"アルゼンチン ペソ (1983–1985)"},"ARS":{"name":"アルゼンチン ペソ","symbolNarrow":"$"},"ATS":{"name":"オーストリア シリング"},"AUD":{"symbol":"AU$","name":"オーストラリア ドル","symbolNarrow":"$"},"AWG":{"name":"アルバ ギルダー"},"AZM":{"name":"アゼルバイジャン マナト (1993–2006)"},"AZN":{"name":"アゼルバイジャン マナト"},"BAD":{"name":"ボスニア・ヘルツェゴビナ ディナール (1992–1994)"},"BAM":{"name":"ボスニア マルク (BAM)","symbolNarrow":"KM"},"BAN":{"name":"ボスニア・ヘルツェゴビナ 新ディナール（1994-1997）"},"BBD":{"name":"バルバドス ドル","symbolNarrow":"$"},"BDT":{"name":"バングラデシュ タカ","symbolNarrow":"৳"},"BEC":{"name":"ベルギー フラン (BEC)"},"BEF":{"name":"ベルギー フラン"},"BEL":{"name":"ベルギー フラン (BEL)"},"BGL":{"name":"ブルガリア レフ"},"BGM":{"name":"ブルガリア社会主義 レフ"},"BGN":{"name":"ブルガリア 新レフ"},"BGO":{"name":"ブルガリア レフ（1879-1952）"},"BHD":{"name":"バーレーン ディナール"},"BIF":{"name":"ブルンジ フラン"},"BMD":{"name":"バミューダ ドル","symbolNarrow":"$"},"BND":{"name":"ブルネイ ドル","symbolNarrow":"$"},"BOB":{"name":"ボリビア ボリビアーノ","symbolNarrow":"Bs"},"BOL":{"name":"ボリビア ボリビアーノ (1863–1963)"},"BOP":{"name":"ボリビア ペソ"},"BOV":{"name":"ボリビア (Mvdol)"},"BRB":{"name":"ブラジル 新クルゼイロ (1967–1986)"},"BRC":{"name":"ブラジル クルザード (1986–1989)"},"BRE":{"name":"ブラジル クルゼイロ (1990–1993)"},"BRL":{"symbol":"R$","name":"ブラジル レアル","symbolNarrow":"R$"},"BRN":{"name":"ブラジル 新クルザード (1989–1990)"},"BRR":{"name":"ブラジル クルゼイロ (1993–1994)"},"BRZ":{"name":"ブラジル クルゼイロ（1942-1967）"},"BSD":{"name":"バハマ ドル","symbolNarrow":"$"},"BTN":{"name":"ブータン ニュルタム"},"BUK":{"name":"ビルマ チャット"},"BWP":{"name":"ボツワナ プラ","symbolNarrow":"P"},"BYB":{"name":"ベラルーシ 新ルーブル (1994–1999)"},"BYR":{"name":"ベラルーシ ルーブル","symbolNarrow":"р."},"BZD":{"name":"ベリーズ ドル","symbolNarrow":"$"},"CAD":{"symbol":"CA$","name":"カナダ ドル","symbolNarrow":"$"},"CDF":{"name":"コンゴ フラン"},"CHE":{"name":"ユーロ (WIR)"},"CHF":{"name":"スイス フラン"},"CHW":{"name":"フラン (WIR)"},"CLE":{"name":"チリ エスクード"},"CLF":{"name":"チリ ウニダ・デ・フォメント (UF)"},"CLP":{"name":"チリ ペソ","symbolNarrow":"$"},"CNX":{"name":"中国人民銀行ドル"},"CNY":{"symbol":"元","name":"中国人民元","symbolNarrow":"￥"},"COP":{"name":"コロンビア ペソ","symbolNarrow":"$"},"COU":{"name":"コロンビア レアル （UVR)"},"CRC":{"name":"コスタリカ コロン","symbolNarrow":"₡"},"CSD":{"name":"セルビア ディナール (2002–2006)"},"CSK":{"name":"チェコスロバキア コルナ"},"CUC":{"name":"キューバ 兌換ペソ","symbolNarrow":"$"},"CUP":{"name":"キューバ ペソ","symbolNarrow":"$"},"CVE":{"name":"カーボベルデ エスクード"},"CYP":{"name":"キプロス ポンド"},"CZK":{"name":"チェコ コルナ","symbolNarrow":"Kč"},"DDM":{"name":"東ドイツ マルク"},"DEM":{"name":"ドイツ マルク"},"DJF":{"name":"ジブチ フラン"},"DKK":{"name":"デンマーク クローネ","symbolNarrow":"kr"},"DOP":{"name":"ドミニカ ペソ","symbolNarrow":"$"},"DZD":{"name":"アルジェリア ディナール"},"ECS":{"name":"エクアドル スクレ"},"ECV":{"name":"エクアドル (UVC)"},"EEK":{"name":"エストニア クルーン"},"EGP":{"name":"エジプト ポンド","symbolNarrow":"E£"},"ERN":{"name":"エリトリア ナクファ"},"ESA":{"name":"スペインペセタ（勘定A）"},"ESB":{"name":"スペイン 兌換ペセタ"},"ESP":{"name":"スペイン ペセタ","symbolNarrow":"₧"},"ETB":{"name":"エチオピア ブル"},"EUR":{"symbol":"€","name":"ユーロ","symbolNarrow":"€"},"FIM":{"name":"フィンランド マルカ"},"FJD":{"name":"フィジー諸島 ドル","symbolNarrow":"$"},"FKP":{"name":"フォークランド（マルビナス）諸島 ポンド","symbolNarrow":"£"},"FRF":{"name":"フランス フラン"},"GBP":{"symbol":"£","name":"英国ポンド","symbolNarrow":"£"},"GEK":{"name":"グルジア クーポン ラリ"},"GEL":{"name":"グルジア ラリ"},"GHC":{"name":"ガーナ セディ (1979–2007)"},"GHS":{"name":"ガーナ セディ"},"GIP":{"name":"ジブラルタル ポンド","symbolNarrow":"£"},"GMD":{"name":"ガンビア ダラシ"},"GNF":{"name":"ギニア フラン","symbolNarrow":"FG"},"GNS":{"name":"ギニア シリー"},"GQE":{"name":"赤道ギニア エクウェレ"},"GRD":{"name":"ギリシャ ドラクマ"},"GTQ":{"name":"グアテマラ ケツァル","symbolNarrow":"Q"},"GWE":{"name":"ポルトガル領ギニア エスクード"},"GWP":{"name":"ギニアビサウ ペソ"},"GYD":{"name":"ガイアナ ドル","symbolNarrow":"$"},"HKD":{"symbol":"HK$","name":"香港ドル","symbolNarrow":"$"},"HNL":{"name":"ホンジュラス レンピラ","symbolNarrow":"L"},"HRD":{"name":"クロアチア ディナール"},"HRK":{"name":"クロアチア クーナ","symbolNarrow":"kn"},"HTG":{"name":"ハイチ グールド"},"HUF":{"name":"ハンガリー フォリント","symbolNarrow":"Ft"},"IDR":{"name":"インドネシア ルピア","symbolNarrow":"Rp"},"IEP":{"name":"アイリッシュ ポンド"},"ILP":{"name":"イスラエル ポンド"},"ILR":{"name":"イスラエル シェケル (1980–1985)"},"ILS":{"symbol":"₪","name":"イスラエル新シェケル","symbolNarrow":"₪"},"INR":{"symbol":"₹","name":"インド ルピー","symbolNarrow":"₹"},"IQD":{"name":"イラク ディナール"},"IRR":{"name":"イラン リアル"},"ISJ":{"name":"アイスランド クローナ (1918–1981)"},"ISK":{"name":"アイスランド クローナ","symbolNarrow":"kr"},"ITL":{"name":"イタリア リラ"},"JMD":{"name":"ジャマイカ ドル","symbolNarrow":"$"},"JOD":{"name":"ヨルダン ディナール"},"JPY":{"symbol":"￥","name":"日本円","pluralName":{"other":"円"},"symbolNarrow":"￥"},"KES":{"name":"ケニア シリング"},"KGS":{"name":"キルギスタン ソム"},"KHR":{"name":"カンボジア リエル","symbolNarrow":"៛"},"KMF":{"name":"コモロ フラン","symbolNarrow":"CF"},"KPW":{"name":"北朝鮮 ウォン","symbolNarrow":"₩"},"KRH":{"name":"韓国 ファン（1953-1962）"},"KRO":{"name":"韓国 ウォン（1945-1953）"},"KRW":{"symbol":"￦","name":"韓国 ウォン","symbolNarrow":"₩"},"KWD":{"name":"クウェート ディナール"},"KYD":{"name":"ケイマン諸島 ドル","symbolNarrow":"$"},"KZT":{"name":"カザフスタン テンゲ","symbolNarrow":"₸"},"LAK":{"name":"ラオス キープ","symbolNarrow":"₭"},"LBP":{"name":"レバノン ポンド","symbolNarrow":"L£"},"LKR":{"name":"スリランカ ルピー","symbolNarrow":"Rs"},"LRD":{"name":"リベリア ドル","symbolNarrow":"$"},"LSL":{"name":"レソト ロティ"},"LTL":{"name":"リトアニア リタス","symbolNarrow":"Lt"},"LTT":{"name":"リトアニア タロナ"},"LUC":{"name":"ルクセンブルク 兌換フラン"},"LUF":{"name":"ルクセンブルグ フラン"},"LUL":{"name":"ルクセンブルク 金融フラン"},"LVL":{"name":"ラトビア ラッツ","symbolNarrow":"Ls"},"LVR":{"name":"ラトビア ルーブル"},"LYD":{"name":"リビア ディナール"},"MAD":{"name":"モロッコ ディルハム"},"MAF":{"name":"モロッコ フラン"},"MCF":{"name":"モネガスク フラン"},"MDC":{"name":"モルドバ クーポン"},"MDL":{"name":"モルドバ レイ"},"MGA":{"name":"マダガスカル アリアリ","symbolNarrow":"Ar"},"MGF":{"name":"マラガシ フラン"},"MKD":{"name":"マケドニア デナル"},"MKN":{"name":"マケドニア ディナール（1992-1993）"},"MLF":{"name":"マリ フラン"},"MMK":{"name":"ミャンマー チャット","symbolNarrow":"K"},"MNT":{"name":"モンゴル トグログ","symbolNarrow":"₮"},"MOP":{"name":"マカオ パタカ"},"MRO":{"name":"モーリタニア ウギア"},"MTL":{"name":"マルタ リラ"},"MTP":{"name":"マルタ ポンド"},"MUR":{"name":"モーリシャス ルピー","symbolNarrow":"Rs"},"MVP":{"name":"モルディブ諸島 ルピー"},"MVR":{"name":"モルディブ諸島 ルフィア"},"MWK":{"name":"マラウィ クワチャ"},"MXN":{"symbol":"MX$","name":"メキシコ ペソ","symbolNarrow":"$"},"MXP":{"name":"メキシコ ペソ (1861–1992)"},"MXV":{"name":"メキシコ (UDI)"},"MYR":{"name":"マレーシア リンギット","symbolNarrow":"RM"},"MZE":{"name":"モザンピーク エスクード"},"MZM":{"name":"モザンビーク メティカル (1980–2006)"},"MZN":{"name":"モザンビーク メティカル"},"NAD":{"name":"ナミビア ドル","symbolNarrow":"$"},"NGN":{"name":"ナイジェリア ナイラ","symbolNarrow":"₦"},"NIC":{"name":"ニカラグア コルドバ (1988–1991)"},"NIO":{"name":"ニカラグア コルドバ オロ","symbolNarrow":"C$"},"NLG":{"name":"オランダ ギルダー"},"NOK":{"name":"ノルウェー クローネ","symbolNarrow":"kr"},"NPR":{"name":"ネパール ルピー","symbolNarrow":"Rs"},"NZD":{"symbol":"NZ$","name":"ニュージーランド ドル","symbolNarrow":"$"},"OMR":{"name":"オマーン リアル"},"PAB":{"name":"パナマ バルボア"},"PEI":{"name":"ペルー インティ"},"PEN":{"name":"ペルー 新ソル"},"PES":{"name":"ペルー ソル (1863–1965)"},"PGK":{"name":"パプアニューギニア キナ"},"PHP":{"name":"フィリピン ペソ","symbolNarrow":"₱"},"PKR":{"name":"パキスタン ルピー","symbolNarrow":"Rs"},"PLN":{"name":"ポーランド ズウォティ","symbolNarrow":"zł"},"PLZ":{"name":"ポーランド ズウォティ (1950–1995)"},"PTE":{"name":"ポルトガル エスクード"},"PYG":{"name":"パラグアイ グアラニ","symbolNarrow":"₲"},"QAR":{"name":"カタール リアル"},"RHD":{"name":"ローデシア ドル"},"ROL":{"name":"ルーマニア レイ (1952–2006)"},"RON":{"name":"ルーマニア レイ"},"RSD":{"name":"ディナール (セルビア)"},"RUB":{"name":"ロシア ルーブル","symbolAlt":"₽"},"RUR":{"name":"ロシア ルーブル (1991–1998)","symbolNarrow":"р."},"RWF":{"name":"ルワンダ フラン","symbolNarrow":"RF"},"SAR":{"name":"サウジ リヤル"},"SBD":{"name":"ソロモン諸島 ドル","symbolNarrow":"$"},"SCR":{"name":"セーシェル ルピー"},"SDD":{"name":"スーダン ディナール (1992–2007)"},"SDG":{"name":"スーダン ポンド"},"SDP":{"name":"スーダン ポンド (1957–1998)"},"SEK":{"name":"スウェーデン クローナ","symbolNarrow":"kr"},"SGD":{"name":"シンガポール ドル","symbolNarrow":"$"},"SHP":{"name":"セントヘレナ島 ポンド","symbolNarrow":"£"},"SIT":{"name":"スロベニア トラール"},"SKK":{"name":"スロバキア コルナ"},"SLL":{"name":"シエラレオネ レオン"},"SOS":{"name":"ソマリア シリング"},"SRD":{"name":"スリナム ドル","symbolNarrow":"$"},"SRG":{"name":"スリナム ギルダー"},"SSP":{"name":"南スーダン・ポンド","symbolNarrow":"£"},"STD":{"name":"サントメ・プリンシペ ドブラ","symbolNarrow":"Db"},"SUR":{"name":"ソ連 ルーブル"},"SVC":{"name":"エルサルバドル コロン"},"SYP":{"name":"シリア ポンド","symbolNarrow":"£"},"SZL":{"name":"スワジランド リランゲニ"},"THB":{"symbol":"฿","name":"タイ バーツ","symbolNarrow":"฿"},"TJR":{"name":"タジキスタン ルーブル"},"TJS":{"name":"タジキスタン ソモニ"},"TMM":{"name":"トルクメニスタン マナト (1993–2009)"},"TMT":{"name":"トルクメニスタン マナト"},"TND":{"name":"チュニジア ディナール"},"TOP":{"name":"トンガ パ・アンガ","symbolNarrow":"T$"},"TPE":{"name":"ティモール エスクード"},"TRL":{"name":"トルコ リラ (1922–2005)"},"TRY":{"name":"新トルコリラ","symbolNarrow":"₺","symbolAlt":"TL"},"TTD":{"name":"トリニダードトバゴ ドル","symbolNarrow":"$"},"TWD":{"symbol":"NT$","name":"新台湾ドル","symbolNarrow":"NT$"},"TZS":{"name":"タンザニア シリング"},"UAH":{"name":"ウクライナ グリブナ","symbolNarrow":"₴"},"UAK":{"name":"ウクライナ カルボバネツ"},"UGS":{"name":"ウガンダ シリング (1966–1987)"},"UGX":{"name":"ウガンダ シリング"},"USD":{"symbol":"$","name":"米ドル","symbolNarrow":"$"},"USN":{"name":"米ドル (翌日)"},"USS":{"name":"米ドル (当日)"},"UYI":{"name":"ウルグアイ ペソエン"},"UYP":{"name":"ウルグアイ ペソ (1975–1993)"},"UYU":{"name":"ウルグアイ ペソ","symbolNarrow":"$"},"UZS":{"name":"ウズベキスタン スム"},"VEB":{"name":"ベネズエラ ボリバル (1871–2008)"},"VEF":{"name":"ベネズエラ ボリバル","symbolNarrow":"Bs"},"VND":{"symbol":"₫","name":"ベトナム ドン","symbolNarrow":"₫"},"VNN":{"name":"ベトナム ドン（1978-1985）"},"VUV":{"name":"バヌアツ バツ"},"WST":{"name":"サモア タラ"},"XAF":{"symbol":"FCFA","name":"CFA フラン（BEAC）"},"XAG":{"name":"銀"},"XAU":{"name":"金"},"XBA":{"name":"ヨーロッパ混合単位 (EURCO)"},"XBB":{"name":"ヨーロッパ通貨単位 (EMU–6)"},"XBC":{"name":"ヨーロッパ勘定単位 (EUA–9)"},"XBD":{"name":"ヨーロッパ勘定単位 (EUA–17)"},"XCD":{"symbol":"EC$","name":"東カリブ ドル","symbolNarrow":"$"},"XDR":{"name":"特別引き出し権"},"XEU":{"name":"ヨーロッパ通貨単位"},"XFO":{"name":"フランス金フラン"},"XFU":{"name":"フランス フラン (UIC)"},"XOF":{"symbol":"CFA","name":"CFA フラン（BCEAO）"},"XPD":{"name":"パラジウム"},"XPF":{"symbol":"CFPF","name":"CFP フラン"},"XPT":{"name":"プラチナ"},"XRE":{"name":"RINET基金"},"XSU":{"name":"スクレ"},"XTS":{"name":"テスト用通貨コード"},"XUA":{"name":"UA (アフリカ開発銀行)"},"XXX":{"name":"不明または無効な通貨"},"YDD":{"name":"イエメン ディナール"},"YER":{"name":"イエメン リアル"},"YUD":{"name":"ユーゴスラビア ハード・ディナール (1966–1990)"},"YUM":{"name":"ユーゴスラビア ノビ・ディナール (1994–2002)"},"YUN":{"name":"ユーゴスラビア 兌換ディナール (1990–1992)"},"YUR":{"name":"ユーゴスラビア 改革ディナール（1992-1993）"},"ZAL":{"name":"南アフリカ ランド (ZAL)"},"ZAR":{"name":"南アフリカ ランド","symbolNarrow":"R"},"ZMK":{"name":"ザンビア クワチャ (1968–2012)"},"ZMW":{"name":"ザンビア クワチャ","symbolNarrow":"ZK"},"ZRN":{"name":"ザイール 新ザイール (1993–1998)"},"ZRZ":{"name":"ザイール ザイール (1971–1993)"},"ZWD":{"name":"ジンバブエ ドル (1980–2008)"},"ZWL":{"name":"ジンバブエ ドル (2009)"},"ZWR":{"name":"シンバブエ ドル（2008）"}}