{"era":{"displayName":"時代"},"year":{"displayName":"年","relative-type--1":"昨年","relative-type-0":"今年","relative-type-1":"翌年","relativeTime-type-future":{"relativeTimePattern-count-other":"{0} 年後"},"relativeTime-type-past":{"relativeTimePattern-count-other":"{0} 年前"}},"year-short":{"displayName":"年","relative-type--1":"昨年","relative-type-0":"今年","relative-type-1":"翌年","relativeTime-type-future":{"relativeTimePattern-count-other":"{0} 年後"},"relativeTime-type-past":{"relativeTimePattern-count-other":"{0} 年前"}},"year-narrow":{"displayName":"年","relative-type--1":"昨年","relative-type-0":"今年","relative-type-1":"翌年","relativeTime-type-future":{"relativeTimePattern-count-other":"{0} 年後"},"relativeTime-type-past":{"relativeTimePattern-count-other":"{0} 年前"}},"quarter":{"displayName":"四半期","relative-type--1":"last quarter","relative-type-0":"this quarter","relative-type-1":"next quarter","relativeTime-type-future":{"relativeTimePattern-count-other":"{0} 四半期後"},"relativeTime-type-past":{"relativeTimePattern-count-other":"{0} 四半期前"}},"quarter-short":{"displayName":"四半期","relative-type--1":"last quarter","relative-type-0":"this quarter","relative-type-1":"next quarter","relativeTime-type-future":{"relativeTimePattern-count-other":"{0} 四半期後"},"relativeTime-type-past":{"relativeTimePattern-count-other":"{0} 四半期前"}},"quarter-narrow":{"displayName":"四半期","relative-type--1":"last quarter","relative-type-0":"this quarter","relative-type-1":"next quarter","relativeTime-type-future":{"relativeTimePattern-count-other":"{0} 四半期後"},"relativeTime-type-past":{"relativeTimePattern-count-other":"{0} 四半期前"}},"month":{"displayName":"月","relative-type--1":"先月","relative-type-0":"今月","relative-type-1":"翌月","relativeTime-type-future":{"relativeTimePattern-count-other":"{0} か月後"},"relativeTime-type-past":{"relativeTimePattern-count-other":"{0} か月前"}},"month-short":{"displayName":"月","relative-type--1":"先月","relative-type-0":"今月","relative-type-1":"翌月","relativeTime-type-future":{"relativeTimePattern-count-other":"{0} か月後"},"relativeTime-type-past":{"relativeTimePattern-count-other":"{0} か月前"}},"month-narrow":{"displayName":"月","relative-type--1":"先月","relative-type-0":"今月","relative-type-1":"翌月","relativeTime-type-future":{"relativeTimePattern-count-other":"{0} か月後"},"relativeTime-type-past":{"relativeTimePattern-count-other":"{0} か月前"}},"week":{"displayName":"週","relative-type--1":"先週","relative-type-0":"今週","relative-type-1":"翌週","relativeTime-type-future":{"relativeTimePattern-count-other":"{0} 週間後"},"relativeTime-type-past":{"relativeTimePattern-count-other":"{0} 週間前"}},"week-short":{"displayName":"週","relative-type--1":"先週","relative-type-0":"今週","relative-type-1":"翌週","relativeTime-type-future":{"relativeTimePattern-count-other":"{0} 週間後"},"relativeTime-type-past":{"relativeTimePattern-count-other":"{0} 週間前"}},"week-narrow":{"displayName":"週","relative-type--1":"先週","relative-type-0":"今週","relative-type-1":"翌週","relativeTime-type-future":{"relativeTimePattern-count-other":"{0} 週間後"},"relativeTime-type-past":{"relativeTimePattern-count-other":"{0} 週間前"}},"day":{"displayName":"日","relative-type--1":"昨日","relative-type--2":"一昨日","relative-type-0":"今日","relative-type-1":"明日","relative-type-2":"明後日","relativeTime-type-future":{"relativeTimePattern-count-other":"{0} 日後"},"relativeTime-type-past":{"relativeTimePattern-count-other":"{0} 日前"}},"day-short":{"displayName":"日","relative-type--1":"昨日","relative-type--2":"一昨日","relative-type-0":"今日","relative-type-1":"明日","relative-type-2":"明後日","relativeTime-type-future":{"relativeTimePattern-count-other":"{0} 日後"},"relativeTime-type-past":{"relativeTimePattern-count-other":"{0} 日前"}},"day-narrow":{"displayName":"日","relative-type--1":"昨日","relative-type--2":"一昨日","relative-type-0":"今日","relative-type-1":"明日","relative-type-2":"明後日","relativeTime-type-future":{"relativeTimePattern-count-other":"{0} 日後"},"relativeTime-type-past":{"relativeTimePattern-count-other":"{0} 日前"}},"weekday":{"displayName":"曜日"},"sun":{"relative-type--1":"先週の日曜日","relative-type-0":"今週の日曜日","relative-type-1":"来週の日曜日"},"sun-short":{"relative-type--1":"先週の日曜","relative-type-0":"今週の日曜","relative-type-1":"来週の日曜"},"sun-narrow":{"relative-type--1":"先週の日曜","relative-type-0":"今週の日曜","relative-type-1":"来週の日曜"},"mon":{"relative-type--1":"先週の月曜日","relative-type-0":"今週の月曜日","relative-type-1":"来週の月曜日"},"mon-short":{"relative-type--1":"先週の月曜","relative-type-0":"今週の月曜","relative-type-1":"来週の月曜"},"mon-narrow":{"relative-type--1":"先週の月曜","relative-type-0":"今週の月曜","relative-type-1":"来週の月曜"},"tue":{"relative-type--1":"先週の火曜日","relative-type-0":"今週の火曜日","relative-type-1":"来週の火曜日"},"tue-short":{"relative-type--1":"先週の火曜","relative-type-0":"今週の火曜","relative-type-1":"来週の火曜"},"tue-narrow":{"relative-type--1":"先週の火曜","relative-type-0":"今週の火曜","relative-type-1":"来週の火曜"},"wed":{"relative-type--1":"先週の水曜日","relative-type-0":"今週の水曜日","relative-type-1":"来週の水曜日"},"wed-short":{"relative-type--1":"先週の水曜","relative-type-0":"今週の水曜","relative-type-1":"来週の水曜"},"wed-narrow":{"relative-type--1":"先週の水曜","relative-type-0":"今週の水曜","relative-type-1":"来週の水曜"},"thu":{"relative-type--1":"先週の木曜日","relative-type-0":"今週の木曜日","relative-type-1":"来週の木曜日"},"thu-short":{"relative-type--1":"先週の木曜","relative-type-0":"今週の木曜","relative-type-1":"来週の木曜"},"thu-narrow":{"relative-type--1":"先週の木曜","relative-type-0":"今週の木曜","relative-type-1":"来週の木曜"},"fri":{"relative-type--1":"先週の金曜日","relative-type-0":"今週の金曜日","relative-type-1":"来週の金曜日"},"fri-short":{"relative-type--1":"先週の金曜","relative-type-0":"今週の金曜","relative-type-1":"来週の金曜"},"fri-narrow":{"relative-type--1":"先週の金曜","relative-type-0":"今週の金曜","relative-type-1":"来週の金曜"},"sat":{"relative-type--1":"先週の土曜日","relative-type-0":"今週の土曜日","relative-type-1":"来週の土曜日"},"sat-short":{"relative-type--1":"先週の土曜","relative-type-0":"今週の土曜","relative-type-1":"来週の土曜"},"sat-narrow":{"relative-type--1":"先週の土曜","relative-type-0":"今週の土曜","relative-type-1":"来週の土曜"},"dayperiod":{"displayName":"午前/午後"},"hour":{"displayName":"時","relativeTime-type-future":{"relativeTimePattern-count-other":"{0} 時間後"},"relativeTime-type-past":{"relativeTimePattern-count-other":"{0} 時間前"}},"hour-short":{"displayName":"時","relativeTime-type-future":{"relativeTimePattern-count-other":"{0} 時間後"},"relativeTime-type-past":{"relativeTimePattern-count-other":"{0} 時間前"}},"hour-narrow":{"displayName":"時","relativeTime-type-future":{"relativeTimePattern-count-other":"{0} 時間後"},"relativeTime-type-past":{"relativeTimePattern-count-other":"{0} 時間前"}},"minute":{"displayName":"分","relativeTime-type-future":{"relativeTimePattern-count-other":"{0} 分後"},"relativeTime-type-past":{"relativeTimePattern-count-other":"{0} 分前"}},"minute-short":{"displayName":"分","relativeTime-type-future":{"relativeTimePattern-count-other":"{0} 分後"},"relativeTime-type-past":{"relativeTimePattern-count-other":"{0} 分前"}},"minute-narrow":{"displayName":"分","relativeTime-type-future":{"relativeTimePattern-count-other":"{0} 分後"},"relativeTime-type-past":{"relativeTimePattern-count-other":"{0} 分前"}},"second":{"displayName":"秒","relative-type-0":"今すぐ","relativeTime-type-future":{"relativeTimePattern-count-other":"{0} 秒後"},"relativeTime-type-past":{"relativeTimePattern-count-other":"{0} 秒前"}},"second-short":{"displayName":"秒","relative-type-0":"今すぐ","relativeTime-type-future":{"relativeTimePattern-count-other":"{0} 秒後"},"relativeTime-type-past":{"relativeTimePattern-count-other":"{0} 秒前"}},"second-narrow":{"displayName":"秒","relative-type-0":"今すぐ","relativeTime-type-future":{"relativeTimePattern-count-other":"{0} 秒後"},"relativeTime-type-past":{"relativeTimePattern-count-other":"{0} 秒前"}},"zone":{"displayName":"タイムゾーン"}}