{"long":{"_compoundPattern":"毎%2$s %1$s","acceleration":{"g-force":{"_name":"G フォース","other":"%1$s G フォース"},"meter-per-second-squared":{"_name":"メートル毎秒毎秒","other":"%1$s メートル毎秒毎秒"}},"angle":{"arc-minute":{"_name":"分","other":"%1$s 分"},"arc-second":{"_name":"秒","other":"%1$s 秒"},"degree":{"_name":"度","other":"%1$s 度"},"radian":{"_name":"ラジアン","other":"%1$s ラジアン"}},"area":{"acre":{"_name":"エーカー","other":"%1$s エーカー"},"hectare":{"_name":"ヘクタール","other":"%1$s ヘクタール"},"square-centimeter":{"_name":"平方センチメートル","other":"%1$s 平方センチメートル"},"square-foot":{"_name":"平方フィート","other":"%1$s 平方フィート"},"square-inch":{"_name":"平方インチ","other":"%1$s 平方インチ"},"square-kilometer":{"_name":"平方キロメートル","other":"%1$s 平方キロメートル"},"square-meter":{"_name":"平方メートル","other":"%1$s 平方メートル"},"square-mile":{"_name":"平方マイル","other":"%1$s 平方マイル"},"square-yard":{"_name":"平方ヤード","other":"%1$s 平方ヤード"}},"consumption":{"liter-per-kilometer":{"_name":"リットル毎キロメートル","other":"%1$s リットル毎キロメートル"},"mile-per-gallon":{"_name":"マイル毎ガロン","other":"%1$s マイル毎ガロン"}},"digital":{"bit":{"_name":"ビット","other":"%1$s ビット"},"byte":{"_name":"バイト","other":"%1$s バイト"},"gigabit":{"_name":"ギガビット","other":"%1$s ギガビット"},"gigabyte":{"_name":"ギガバイト","other":"%1$s ギガバイト"},"kilobit":{"_name":"キロビット","other":"%1$s キロビット"},"kilobyte":{"_name":"キロバイト","other":"%1$s キロバイト"},"megabit":{"_name":"メガビット","other":"%1$s メガビット"},"megabyte":{"_name":"メガバイト","other":"%1$s メガバイト"},"terabit":{"_name":"テラビット","other":"%1$s テラビット"},"terabyte":{"_name":"テラバイト","other":"%1$s テラバイト"}},"duration":{"day":{"_name":"日","other":"%1$s 日"},"hour":{"_name":"時間","other":"%1$s 時間","_per":"%1$s/時間"},"microsecond":{"_name":"マイクロ秒","other":"%1$s マイクロ秒"},"millisecond":{"_name":"ミリ秒","other":"%1$s ミリ秒"},"minute":{"_name":"分","other":"%1$s 分"},"month":{"_name":"か月","other":"%1$s か月"},"nanosecond":{"_name":"ナノ秒","other":"%1$s ナノ秒"},"second":{"_name":"秒","other":"%1$s 秒","_per":"%1$s/秒"},"week":{"_name":"週間","other":"%1$s 週間"},"year":{"_name":"年","other":"%1$s 年"}},"electric":{"ampere":{"_name":"アンペア","other":"%1$s アンペア"},"milliampere":{"_name":"ミリアンペア","other":"%1$s ミリアンペア"},"ohm":{"_name":"オーム","other":"%1$s オーム"},"volt":{"_name":"ボルト","other":"%1$s ボルト"}},"energy":{"calorie":{"_name":"熱力学カロリー","other":"%1$s 熱力学カロリー"},"foodcalorie":{"_name":"カロリー","other":"%1$s カロリー"},"joule":{"_name":"ジュール","other":"%1$s ジュール"},"kilocalorie":{"_name":"キロカロリー","other":"%1$s キロカロリー"},"kilojoule":{"_name":"キロジュール","other":"%1$s キロジュール"},"kilowatt-hour":{"_name":"キロワット時","other":"%1$s キロワット時"}},"frequency":{"gigahertz":{"_name":"ギガヘルツ","other":"%1$s ギガヘルツ"},"hertz":{"_name":"ヘルツ","other":"%1$s ヘルツ"},"kilohertz":{"_name":"キロヘルツ","other":"%1$s キロヘルツ"},"megahertz":{"_name":"メガヘルツ","other":"%1$s メガヘルツ"}},"length":{"astronomical-unit":{"_name":"天文単位","other":"%1$s 天文単位"},"centimeter":{"_name":"センチメートル","other":"%1$s センチメートル"},"decimeter":{"_name":"デシメートル","other":"%1$s デシメートル"},"fathom":{"_name":"ファゾム","other":"%1$s ファゾム"},"foot":{"_name":"フィート","other":"%1$s フィート"},"furlong":{"_name":"ハロン","other":"%1$s ハロン"},"inch":{"_name":"インチ","other":"%1$s インチ"},"kilometer":{"_name":"キロメートル","other":"%1$s キロメートル"},"light-year":{"_name":"光年","other":"%1$s 光年"},"meter":{"_name":"メートル","other":"%1$s メートル"},"micrometer":{"_name":"マイクロメートル","other":"%1$s マイクロメートル"},"mile":{"_name":"マイル","other":"%1$s マイル"},"millimeter":{"_name":"ミリメートル","other":"%1$s ミリメートル"},"nanometer":{"_name":"ナノメートル","other":"%1$s ナノメートル"},"nautical-mile":{"_name":"海里","other":"%1$s 海里"},"parsec":{"_name":"パーセク","other":"%1$s パーセク"},"picometer":{"_name":"ピコメートル","other":"%1$s ピコメートル"},"yard":{"_name":"ヤード","other":"%1$s ヤード"}},"light":{"lux":{"_name":"ルクス","other":"%1$s ルクス"}},"mass":{"carat":{"_name":"カラット","other":"%1$s カラット"},"gram":{"_name":"グラム","other":"%1$s グラム"},"kilogram":{"_name":"キログラム","other":"%1$s キログラム"},"metric-ton":{"_name":"メトリックトン","other":"%1$s メトリックトン"},"microgram":{"_name":"マイクログラム","other":"%1$s マイクログラム"},"milligram":{"_name":"ミリグラム","other":"%1$s ミリグラム"},"ounce":{"_name":"オンス","other":"%1$s オンス"},"ounce-troy":{"_name":"トロイオンス","other":"%1$s トロイオンス"},"pound":{"_name":"ポンド","other":"%1$s ポンド"},"stone":{"_name":"ストーン","other":"%1$s ストーン"},"ton":{"_name":"トン","other":"%1$s トン"}},"power":{"gigawatt":{"_name":"ギガワット","other":"%1$s ギガワット"},"horsepower":{"_name":"馬力","other":"%1$s 馬力"},"kilowatt":{"_name":"キロワット","other":"%1$s キロワット"},"megawatt":{"_name":"メガワット","other":"%1$s メガワット"},"milliwatt":{"_name":"ミリワット","other":"%1$s ミリワット"},"watt":{"_name":"ワット","other":"%1$s ワット"}},"pressure":{"hectopascal":{"_name":"ヘクトパスカル","other":"%1$s ヘクトパスカル"},"inch-hg":{"_name":"水銀柱インチ","other":"%1$s 水銀柱インチ"},"millibar":{"_name":"ミリバール","other":"%1$s ミリバール"},"millimeter-of-mercury":{"_name":"水銀柱ミリメートル","other":"%1$s 水銀柱ミリメートル"},"pound-per-square-inch":{"_name":"重量ポンド毎平方インチ","other":"%1$s 重量ポンド毎平方インチ"}},"proportion":{"karat":{"_name":"金","other":"%1$s 金"}},"speed":{"kilometer-per-hour":{"_name":"キロメートル毎時","other":"時速 %1$s キロメートル"},"meter-per-second":{"_name":"メートル毎秒","other":"秒速 %1$s メートル"},"mile-per-hour":{"_name":"マイル毎時","other":"時速 %1$s マイル"}},"temperature":{"celsius":{"_name":"摂氏","other":"摂氏 %1$s 度"},"fahrenheit":{"_name":"華氏","other":"華氏 %1$s 度"},"generic":{"_name":"°","other":"%1$s°"},"kelvin":{"_name":"ケルビン","other":"%1$s ケルビン"}},"volume":{"acre-foot":{"_name":"エーカーフィート","other":"%1$s エーカーフィート"},"bushel":{"_name":"ブッシェル","other":"%1$s ブッシェル"},"centiliter":{"_name":"センチリットル","other":"%1$s センチリットル"},"cubic-centimeter":{"_name":"立方センチメートル","other":"%1$s 立方センチメートル"},"cubic-foot":{"_name":"立方フィート","other":"%1$s 立方フィート"},"cubic-inch":{"_name":"立方インチ","other":"%1$s 立方インチ"},"cubic-kilometer":{"_name":"立方キロメートル","other":"%1$s 立方キロメートル"},"cubic-meter":{"_name":"立方メートル","other":"%1$s 立方メートル"},"cubic-mile":{"_name":"立方マイル","other":"%1$s 立方マイル"},"cubic-yard":{"_name":"立方ヤード","other":"%1$s 立方ヤード"},"cup":{"_name":"カップ","other":"%1$s カップ"},"deciliter":{"_name":"デシリットル","other":"%1$s デシリットル"},"fluid-ounce":{"_name":"液量オンス","other":"%1$s 液量オンス"},"gallon":{"_name":"ガロン","other":"%1$s ガロン"},"hectoliter":{"_name":"ヘクトリットル","other":"%1$s ヘクトリットル"},"liter":{"_name":"リットル","other":"%1$s リットル"},"megaliter":{"_name":"メガリットル","other":"%1$s メガリットル"},"milliliter":{"_name":"ミリリットル","other":"%1$s ミリリットル"},"pint":{"_name":"パイント","other":"%1$s パイント"},"quart":{"_name":"クォート","other":"%1$s クォート"},"tablespoon":{"_name":"大さじ","other":"大さじ %1$s"},"teaspoon":{"_name":"小さじ","other":"小さじ %1$s"}}},"short":{"_compoundPattern":"%1$s/%2$s","acceleration":{"g-force":{"_name":"G フォース","other":"%1$s G"},"meter-per-second-squared":{"_name":"メートル毎秒毎秒","other":"%1$s m/s²"}},"angle":{"arc-minute":{"_name":"分","other":"%1$s 分"},"arc-second":{"_name":"秒","other":"%1$s 秒"},"degree":{"_name":"度","other":"%1$s 度"},"radian":{"_name":"ラジアン","other":"%1$s rad"}},"area":{"acre":{"_name":"エーカー","other":"%1$s ac"},"hectare":{"_name":"ヘクタール","other":"%1$s ha"},"square-centimeter":{"_name":"cm²","other":"%1$s cm²"},"square-foot":{"_name":"平方フィート","other":"%1$s ft²"},"square-inch":{"_name":"平方インチ","other":"%1$s in²"},"square-kilometer":{"_name":"km²","other":"%1$s km²"},"square-meter":{"_name":"m²","other":"%1$s m²"},"square-mile":{"_name":"平方マイル","other":"%1$s mi²"},"square-yard":{"_name":"平方ヤード","other":"%1$s yd²"}},"consumption":{"liter-per-kilometer":{"_name":"リットル毎キロメートル","other":"%1$s L/km"},"mile-per-gallon":{"_name":"マイル毎ガロン","other":"%1$s mpg"}},"digital":{"bit":{"_name":"ビット","other":"%1$s bit"},"byte":{"_name":"バイト","other":"%1$s byte"},"gigabit":{"_name":"ギガビット","other":"%1$s Gb"},"gigabyte":{"_name":"GB","other":"%1$s GB"},"kilobit":{"_name":"キロビット","other":"%1$s kb"},"kilobyte":{"_name":"KB","other":"%1$s KB"},"megabit":{"_name":"メガビット","other":"%1$s Mb"},"megabyte":{"_name":"MB","other":"%1$s MB"},"terabit":{"_name":"テラビット","other":"%1$s Tb"},"terabyte":{"_name":"テラバイト","other":"%1$s TB"}},"duration":{"day":{"_name":"日","other":"%1$s 日"},"hour":{"_name":"時間","other":"%1$s 時間","_per":"%1$s/時間"},"microsecond":{"_name":"マイクロ秒","other":"%1$s μs"},"millisecond":{"_name":"ミリ秒","other":"%1$s ms"},"minute":{"_name":"分","other":"%1$s 分"},"month":{"_name":"か月","other":"%1$s か月"},"nanosecond":{"_name":"ナノ秒","other":"%1$s ns"},"second":{"_name":"秒","other":"%1$s 秒","_per":"%1$s/秒"},"week":{"_name":"週間","other":"%1$s 週間"},"year":{"_name":"年","other":"%1$s 年"}},"electric":{"ampere":{"_name":"アンペア","other":"%1$s A"},"milliampere":{"_name":"ミリアンペア","other":"%1$s mA"},"ohm":{"_name":"オーム","other":"%1$s Ω"},"volt":{"_name":"ボルト","other":"%1$s V"}},"energy":{"calorie":{"_name":"熱力学カロリー","other":"%1$s calth"},"foodcalorie":{"_name":"cal","other":"%1$s cal"},"joule":{"_name":"ジュール","other":"%1$s J"},"kilocalorie":{"_name":"kcal","other":"%1$s kcal"},"kilojoule":{"_name":"キロジュール","other":"%1$s kJ"},"kilowatt-hour":{"_name":"キロワット時","other":"%1$s kWh"}},"frequency":{"gigahertz":{"_name":"ギガヘルツ","other":"%1$s GHz"},"hertz":{"_name":"Hz","other":"%1$s Hz"},"kilohertz":{"_name":"kHz","other":"%1$s kHz"},"megahertz":{"_name":"メガヘルツ","other":"%1$s MHz"}},"length":{"astronomical-unit":{"_name":"天文単位","other":"%1$s au"},"centimeter":{"_name":"cm","other":"%1$s cm"},"decimeter":{"_name":"デシメートル","other":"%1$s dm"},"fathom":{"_name":"ファゾム","other":"%1$s fm"},"foot":{"_name":"フィート","other":"%1$s ft"},"furlong":{"_name":"ハロン","other":"%1$s fur"},"inch":{"_name":"インチ","other":"%1$s in"},"kilometer":{"_name":"km","other":"%1$s km"},"light-year":{"_name":"光年","other":"%1$s 光年"},"meter":{"_name":"m","other":"%1$s m"},"micrometer":{"_name":"マイクロメートル","other":"%1$s µm"},"mile":{"_name":"マイル","other":"%1$s mi"},"millimeter":{"_name":"mm","other":"%1$s mm"},"nanometer":{"_name":"ナノメートル","other":"%1$s nm"},"nautical-mile":{"_name":"海里","other":"%1$s 海里"},"parsec":{"_name":"パーセク","other":"%1$s pc"},"picometer":{"_name":"ピコメートル","other":"%1$s pm"},"yard":{"_name":"ヤード","other":"%1$s yd"}},"light":{"lux":{"_name":"ルクス","other":"%1$s lx"}},"mass":{"carat":{"_name":"カラット","other":"%1$s ct"},"gram":{"_name":"グラム","other":"%1$s g"},"kilogram":{"_name":"kg","other":"%1$s kg"},"metric-ton":{"_name":"メトリックトン","other":"%1$s MT"},"microgram":{"_name":"マイクログラム","other":"%1$s µg"},"milligram":{"_name":"mg","other":"%1$s mg"},"ounce":{"_name":"オンス","other":"%1$s oz"},"ounce-troy":{"_name":"トロイオンス","other":"%1$s oz t"},"pound":{"_name":"ポンド","other":"%1$s lb"},"stone":{"_name":"ストーン","other":"%1$s st"},"ton":{"_name":"トン","other":"%1$s t"}},"power":{"gigawatt":{"_name":"ギガワット","other":"%1$s GW"},"horsepower":{"_name":"馬力","other":"%1$s 馬力"},"kilowatt":{"_name":"キロワット","other":"%1$s kW"},"megawatt":{"_name":"メガワット","other":"%1$s MW"},"milliwatt":{"_name":"ミリワット","other":"%1$s mW"},"watt":{"_name":"ワット","other":"%1$s W"}},"pressure":{"hectopascal":{"_name":"hPa","other":"%1$s hPa"},"inch-hg":{"_name":"水銀柱インチ","other":"%1$s inHg"},"millibar":{"_name":"ミリバール","other":"%1$s mb"},"millimeter-of-mercury":{"_name":"水銀柱ミリメートル","other":"%1$s mm Hg"},"pound-per-square-inch":{"_name":"重量ポンド毎平方インチ","other":"%1$s psi"}},"proportion":{"karat":{"_name":"金","other":"%1$s 金"}},"speed":{"kilometer-per-hour":{"_name":"km/h","other":"%1$s km/h"},"meter-per-second":{"_name":"m/s","other":"%1$s m/s"},"mile-per-hour":{"_name":"マイル毎時","other":"%1$s mi/h"}},"temperature":{"celsius":{"_name":"°C","other":"%1$s°C"},"fahrenheit":{"_name":"華氏","other":"%1$s°F"},"generic":{"_name":"°","other":"%1$s°"},"kelvin":{"_name":"K","other":"%1$s K"}},"volume":{"acre-foot":{"_name":"エーカーフィート","other":"%1$s ac ft"},"bushel":{"_name":"ブッシェル","other":"%1$s bu"},"centiliter":{"_name":"センチリットル","other":"%1$s cL"},"cubic-centimeter":{"_name":"cm³","other":"%1$s cm³"},"cubic-foot":{"_name":"立方フィート","other":"%1$s ft³"},"cubic-inch":{"_name":"立方インチ","other":"%1$s in³"},"cubic-kilometer":{"_name":"km³","other":"%1$s km³"},"cubic-meter":{"_name":"m³","other":"%1$s m³"},"cubic-mile":{"_name":"立方マイル","other":"%1$s mi³"},"cubic-yard":{"_name":"立方ヤード","other":"%1$s yd³"},"cup":{"_name":"カップ","other":"%1$s カップ"},"deciliter":{"_name":"デシリットル","other":"%1$s dL"},"fluid-ounce":{"_name":"液量オンス","other":"%1$s fl oz"},"gallon":{"_name":"ガロン","other":"%1$s gal"},"hectoliter":{"_name":"ヘクトリットル","other":"%1$s hL"},"liter":{"_name":"リットル","other":"%1$s l"},"megaliter":{"_name":"メガリットル","other":"%1$s ML"},"milliliter":{"_name":"ml","other":"%1$s ml"},"pint":{"_name":"パイント","other":"%1$s pt"},"quart":{"_name":"クォート","other":"%1$s qt"},"tablespoon":{"_name":"大さじ","other":"大さじ %1$s"},"teaspoon":{"_name":"小さじ","other":"小さじ %1$s"}}},"narrow":{"_compoundPattern":"%1$s/%2$s","acceleration":{"g-force":{"_name":"G フォース","other":"%1$sG"},"meter-per-second-squared":{"_name":"メートル毎秒毎秒","other":"%1$sm/s²"}},"angle":{"arc-minute":{"_name":"分","other":"%1$s′"},"arc-second":{"_name":"秒","other":"%1$s″"},"degree":{"_name":"度","other":"%1$s°"},"radian":{"_name":"ラジアン","other":"%1$srad"}},"area":{"acre":{"_name":"エーカー","other":"%1$sac"},"hectare":{"_name":"ヘクタール","other":"%1$sha"},"square-centimeter":{"_name":"cm²","other":"%1$scm²"},"square-foot":{"_name":"平方フィート","other":"%1$sft²"},"square-inch":{"_name":"平方インチ","other":"%1$sin²"},"square-kilometer":{"_name":"km²","other":"%1$skm²"},"square-meter":{"_name":"m²","other":"%1$sm²"},"square-mile":{"_name":"平方マイル","other":"%1$smi²"},"square-yard":{"_name":"平方ヤード","other":"%1$syd²"}},"consumption":{"liter-per-kilometer":{"_name":"リットル毎キロメートル","other":"%1$sL/km"},"mile-per-gallon":{"_name":"マイル毎ガロン","other":"%1$smpg"}},"digital":{"bit":{"_name":"ビット","other":"%1$sb"},"byte":{"_name":"バイト","other":"%1$sB"},"gigabit":{"_name":"ギガビット","other":"%1$sGb"},"gigabyte":{"_name":"GB","other":"%1$sGB"},"kilobit":{"_name":"キロビット","other":"%1$skb"},"kilobyte":{"_name":"KB","other":"%1$sKB"},"megabit":{"_name":"メガビット","other":"%1$sMb"},"megabyte":{"_name":"MB","other":"%1$sMB"},"terabit":{"_name":"テラビット","other":"%1$sTb"},"terabyte":{"_name":"テラバイト","other":"%1$sTB"}},"duration":{"day":{"_name":"日","other":"%1$s日"},"hour":{"_name":"時間","other":"%1$s時間","_per":"%1$s/時間"},"microsecond":{"_name":"µs","other":"%1$sμs"},"millisecond":{"_name":"ms","other":"%1$sms"},"minute":{"_name":"分","other":"%1$s分"},"month":{"_name":"か月","other":"%1$sか月"},"nanosecond":{"_name":"ns","other":"%1$sns"},"second":{"_name":"秒","other":"%1$s秒","_per":"%1$s/秒"},"week":{"_name":"週間","other":"%1$s週間"},"year":{"_name":"年","other":"%1$s年"}},"electric":{"ampere":{"_name":"アンペア","other":"%1$sA"},"milliampere":{"_name":"ミリアンペア","other":"%1$smA"},"ohm":{"_name":"オーム","other":"%1$sΩ"},"volt":{"_name":"ボルト","other":"%1$sV"}},"energy":{"calorie":{"_name":"熱力学カロリー","other":"%1$scalth"},"foodcalorie":{"_name":"cal","other":"%1$scal"},"joule":{"_name":"ジュール","other":"%1$sJ"},"kilocalorie":{"_name":"kcal","other":"%1$skcal"},"kilojoule":{"_name":"キロジュール","other":"%1$skJ"},"kilowatt-hour":{"_name":"キロワット時","other":"%1$skWh"}},"frequency":{"gigahertz":{"_name":"ギガヘルツ","other":"%1$sGHz"},"hertz":{"_name":"Hz","other":"%1$sHz"},"kilohertz":{"_name":"kHz","other":"%1$skHz"},"megahertz":{"_name":"メガヘルツ","other":"%1$sMHz"}},"length":{"astronomical-unit":{"_name":"天文単位","other":"%1$sau"},"centimeter":{"_name":"cm","other":"%1$scm"},"decimeter":{"_name":"デシメートル","other":"%1$sdm"},"fathom":{"_name":"fm","other":"%1$sfm"},"foot":{"_name":"フィート","other":"%1$s′"},"furlong":{"_name":"fur","other":"%1$sfur"},"inch":{"_name":"インチ","other":"%1$s″"},"kilometer":{"_name":"km","other":"%1$skm"},"light-year":{"_name":"光年","other":"%1$s光年"},"meter":{"_name":"m","other":"%1$sm"},"micrometer":{"_name":"マイクロメートル","other":"%1$sµm"},"mile":{"_name":"マイル","other":"%1$sマイル"},"millimeter":{"_name":"mm","other":"%1$smm"},"nanometer":{"_name":"ナノメートル","other":"%1$snm"},"nautical-mile":{"_name":"海里","other":"%1$s海里"},"parsec":{"_name":"パーセク","other":"%1$spc"},"picometer":{"_name":"ピコメートル","other":"%1$spm"},"yard":{"_name":"ヤード","other":"%1$sヤード"}},"light":{"lux":{"_name":"ルクス","other":"%1$slx"}},"mass":{"carat":{"_name":"カラット","other":"%1$sct"},"gram":{"_name":"g","other":"%1$sg"},"kilogram":{"_name":"kg","other":"%1$skg"},"metric-ton":{"_name":"メトリックトン","other":"%1$sMT"},"microgram":{"_name":"マイクログラム","other":"%1$sµg"},"milligram":{"_name":"mg","other":"%1$smg"},"ounce":{"_name":"オンス","other":"%1$soz"},"ounce-troy":{"_name":"トロイオンス","other":"%1$soz t"},"pound":{"_name":"ポンド","other":"%1$slb"},"stone":{"_name":"st","other":"%1$sst"},"ton":{"_name":"トン","other":"%1$st"}},"power":{"gigawatt":{"_name":"ギガワット","other":"%1$sGW"},"horsepower":{"_name":"馬力","other":"%1$shp"},"kilowatt":{"_name":"キロワット","other":"%1$skW"},"megawatt":{"_name":"メガワット","other":"%1$sMW"},"milliwatt":{"_name":"ミリワット","other":"%1$smW"},"watt":{"_name":"ワット","other":"%1$sW"}},"pressure":{"hectopascal":{"_name":"hPa","other":"%1$shPa"},"inch-hg":{"_name":"水銀柱インチ","other":"%1$s\" Hg"},"millibar":{"_name":"ミリバール","other":"%1$smb"},"millimeter-of-mercury":{"_name":"水銀柱ミリメートル","other":"%1$smm Hg"},"pound-per-square-inch":{"_name":"重量ポンド毎平方インチ","other":"%1$spsi"}},"proportion":{"karat":{"_name":"金","other":"%1$sK"}},"speed":{"kilometer-per-hour":{"_name":"km/h","other":"%1$skm/h"},"meter-per-second":{"_name":"m/s","other":"%1$sm/s"},"mile-per-hour":{"_name":"マイル毎時","other":"%1$smi/h"}},"temperature":{"celsius":{"_name":"°C","other":"%1$s°"},"fahrenheit":{"_name":"華氏","other":"%1$s°F"},"generic":{"_name":"°","other":"%1$s°"},"kelvin":{"_name":"K","other":"%1$sK"}},"volume":{"acre-foot":{"_name":"エーカーフィート","other":"%1$sac ft"},"bushel":{"_name":"bu","other":"%1$sbu"},"centiliter":{"_name":"センチリットル","other":"%1$scL"},"cubic-centimeter":{"_name":"cm³","other":"%1$scm³"},"cubic-foot":{"_name":"立方フィート","other":"%1$sft³"},"cubic-inch":{"_name":"立方インチ","other":"%1$sin³"},"cubic-kilometer":{"_name":"km³","other":"%1$skm³"},"cubic-meter":{"_name":"m³","other":"%1$sm³"},"cubic-mile":{"_name":"立方マイル","other":"%1$smi³"},"cubic-yard":{"_name":"立方ヤード","other":"%1$syd³"},"cup":{"_name":"カップ","other":"%1$sカップ"},"deciliter":{"_name":"デシリットル","other":"%1$sdL"},"fluid-ounce":{"_name":"液量オンス","other":"%1$sfl oz"},"gallon":{"_name":"ガロン","other":"%1$sgal"},"hectoliter":{"_name":"ヘクトリットル","other":"%1$shL"},"liter":{"_name":"l","other":"%1$sl"},"megaliter":{"_name":"メガリットル","other":"%1$sML"},"milliliter":{"_name":"ml","other":"%1$sml"},"pint":{"_name":"パイント","other":"%1$spt"},"quart":{"_name":"クォート","other":"%1$sqt"},"tablespoon":{"_name":"大さじ","other":"大さじ%1$s"},"teaspoon":{"_name":"小さじ","other":"小さじ%1$s"}}},"_durationPattern":{"hm":"h:mm","hms":"h:mm:ss","ms":"m:ss"}}