{"months":{"format":{"abbreviated":{"1":"Oca","2":"Şub","3":"Mar","4":"Nis","5":"May","6":"Haz","7":"Tem","8":"Ağu","9":"Eyl","10":"Eki","11":"Kas","12":"Ara"},"narrow":{"1":"O","2":"Ş","3":"M","4":"N","5":"M","6":"H","7":"T","8":"A","9":"E","10":"E","11":"K","12":"A"},"wide":{"1":"Ocak","2":"Şubat","3":"Mart","4":"Nisan","5":"Mayıs","6":"Haziran","7":"Temmuz","8":"Ağustos","9":"Eylül","10":"Ekim","11":"Kasım","12":"Aralık"}},"stand-alone":{"abbreviated":{"1":"Oca","2":"Şub","3":"Mar","4":"Nis","5":"May","6":"Haz","7":"Tem","8":"Ağu","9":"Eyl","10":"Eki","11":"Kas","12":"Ara"},"narrow":{"1":"O","2":"Ş","3":"M","4":"N","5":"M","6":"H","7":"T","8":"A","9":"E","10":"E","11":"K","12":"A"},"wide":{"1":"Ocak","2":"Şubat","3":"Mart","4":"Nisan","5":"Mayıs","6":"Haziran","7":"Temmuz","8":"Ağustos","9":"Eylül","10":"Ekim","11":"Kasım","12":"Aralık"}}},"days":{"format":{"abbreviated":{"sun":"Paz","mon":"Pzt","tue":"Sal","wed":"Çar","thu":"Per","fri":"Cum","sat":"Cmt"},"narrow":{"sun":"P","mon":"P","tue":"S","wed":"Ç","thu":"P","fri":"C","sat":"C"},"short":{"sun":"Pa","mon":"Pt","tue":"Sa","wed":"Ça","thu":"Pe","fri":"Cu","sat":"Ct"},"wide":{"sun":"Pazar","mon":"Pazartesi","tue":"Salı","wed":"Çarşamba","thu":"Perşembe","fri":"Cuma","sat":"Cumartesi"}},"stand-alone":{"abbreviated":{"sun":"Paz","mon":"Pzt","tue":"Sal","wed":"Çar","thu":"Per","fri":"Cum","sat":"Cmt"},"narrow":{"sun":"P","mon":"P","tue":"S","wed":"Ç","thu":"P","fri":"C","sat":"C"},"short":{"sun":"Pa","mon":"Pt","tue":"Sa","wed":"Ça","thu":"Pe","fri":"Cu","sat":"Ct"},"wide":{"sun":"Pazar","mon":"Pazartesi","tue":"Salı","wed":"Çarşamba","thu":"Perşembe","fri":"Cuma","sat":"Cumartesi"}}},"quarters":{"format":{"abbreviated":{"1":"Ç1","2":"Ç2","3":"Ç3","4":"Ç4"},"narrow":{"1":"1.","2":"2.","3":"3.","4":"4."},"wide":{"1":"1. çeyrek","2":"2. çeyrek","3":"3. çeyrek","4":"4. çeyrek"}},"stand-alone":{"abbreviated":{"1":"Ç1","2":"Ç2","3":"Ç3","4":"Ç4"},"narrow":{"1":"1.","2":"2.","3":"3.","4":"4."},"wide":{"1":"1. çeyrek","2":"2. çeyrek","3":"3. çeyrek","4":"4. çeyrek"}}},"dayPeriods":{"format":{"abbreviated":{"am":"ÖÖ","noon":"öğle","pm":"ÖS"},"narrow":{"am":"öö","noon":"ö","pm":"ös"},"wide":{"am":"ÖÖ","noon":"öğle","pm":"ÖS"}},"stand-alone":{"abbreviated":{"am":"ÖÖ","noon":"öğle","pm":"ÖS"},"narrow":{"am":"öö","noon":"ö","pm":"ös"},"wide":{"am":"ÖÖ","noon":"öğle","pm":"ÖS"}}},"eras":{"wide":{"0":"Milattan Önce","0-alt-variant":"İsa’dan Önce","1":"Milattan Sonra","1-alt-variant":"İsa’dan Sonra"},"abbreviated":{"0":"MÖ","0-alt-variant":"İÖ","1":"MS","1-alt-variant":"İS"},"narrow":{"0":"MÖ","0-alt-variant":"İÖ","1":"MS","1-alt-variant":"İS"}},"dateFormats":{"full":"d MMMM y EEEE","long":"d MMMM y","medium":"d MMM y","short":"d.MM.y"},"timeFormats":{"full":"HH:mm:ss zzzz","long":"HH:mm:ss z","medium":"HH:mm:ss","short":"HH:mm"},"dateTimeFormats":{"full":"%2$s %1$s","long":"%2$s %1$s","medium":"%2$s %1$s","short":"%2$s %1$s"}}