<?xml version="1.0"?>
<info xmlns:xsi= "http://www.w3.org/2001/XMLSchema-instance"
	  xsi:noNamespaceSchemaLocation="https://apps.nextcloud.com/schema/apps/info.xsd">
	<id>weather_status</id>
	<name>Weather status</name>
	<summary>Weather status in your dashboard</summary>
	<description><![CDATA[Weather status integrated in the Dashboard app.
    User's position can be automatically determined or manually defined. A 6 hours forecast is then displayed.
    This status can also be integrated in other places like the Calendar app.]]></description>
	<version>1.1.0</version>
	<licence>agpl</licence>
	<author mail="eneiluj@posteo.net">Julien Veyssier</author>
	<namespace>WeatherStatus</namespace>
	<default_enable/>
	<category>integration</category>
	<category>dashboard</category>
	<bugs>https://github.com/nextcloud/server</bugs>
	<dependencies>
		<nextcloud min-version="22" max-version="22"/>
	</dependencies>
</info>
