{"months":{"format":{"abbreviated":{"1":"1月","2":"2月","3":"3月","4":"4月","5":"5月","6":"6月","7":"7月","8":"8月","9":"9月","10":"10月","11":"11月","12":"12月"},"narrow":{"1":"1","2":"2","3":"3","4":"4","5":"5","6":"6","7":"7","8":"8","9":"9","10":"10","11":"11","12":"12"},"wide":{"1":"一月","2":"二月","3":"三月","4":"四月","5":"五月","6":"六月","7":"七月","8":"八月","9":"九月","10":"十月","11":"十一月","12":"十二月"}},"stand-alone":{"abbreviated":{"1":"1月","2":"2月","3":"3月","4":"4月","5":"5月","6":"6月","7":"7月","8":"8月","9":"9月","10":"10月","11":"11月","12":"12月"},"narrow":{"1":"1","2":"2","3":"3","4":"4","5":"5","6":"6","7":"7","8":"8","9":"9","10":"10","11":"11","12":"12"},"wide":{"1":"一月","2":"二月","3":"三月","4":"四月","5":"五月","6":"六月","7":"七月","8":"八月","9":"九月","10":"十月","11":"十一月","12":"十二月"}}},"days":{"format":{"abbreviated":{"sun":"周日","mon":"周一","tue":"周二","wed":"周三","thu":"周四","fri":"周五","sat":"周六"},"narrow":{"sun":"日","mon":"一","tue":"二","wed":"三","thu":"四","fri":"五","sat":"六"},"short":{"sun":"周日","mon":"周一","tue":"周二","wed":"周三","thu":"周四","fri":"周五","sat":"周六"},"wide":{"sun":"星期日","mon":"星期一","tue":"星期二","wed":"星期三","thu":"星期四","fri":"星期五","sat":"星期六"}},"stand-alone":{"abbreviated":{"sun":"周日","mon":"周一","tue":"周二","wed":"周三","thu":"周四","fri":"周五","sat":"周六"},"narrow":{"sun":"日","mon":"一","tue":"二","wed":"三","thu":"四","fri":"五","sat":"六"},"short":{"sun":"周日","mon":"周一","tue":"周二","wed":"周三","thu":"周四","fri":"周五","sat":"周六"},"wide":{"sun":"星期日","mon":"星期一","tue":"星期二","wed":"星期三","thu":"星期四","fri":"星期五","sat":"星期六"}}},"quarters":{"format":{"abbreviated":{"1":"1季度","2":"2季度","3":"3季度","4":"4季度"},"narrow":{"1":"1","2":"2","3":"3","4":"4"},"wide":{"1":"第一季度","2":"第二季度","3":"第三季度","4":"第四季度"}},"stand-alone":{"abbreviated":{"1":"1季度","2":"2季度","3":"3季度","4":"4季度"},"narrow":{"1":"1","2":"2","3":"3","4":"4"},"wide":{"1":"第一季度","2":"第二季度","3":"第三季度","4":"第四季度"}}},"dayPeriods":{"format":{"abbreviated":{"afternoon":"下午","am":"上午","earlyMorning":"清晨","midDay":"中午","morning":"上午","night":"晚上","noon":"中午","pm":"下午","weeHours":"凌晨"},"narrow":{"afternoon":"下午","am":"上午","earlyMorning":"清晨","midDay":"中午","morning":"上午","night":"晚上","noon":"中午","pm":"下午","weeHours":"凌晨"},"wide":{"afternoon":"下午","am":"上午","earlyMorning":"清晨","midDay":"中午","morning":"上午","night":"晚上","noon":"中午","pm":"下午","weeHours":"凌晨"}},"stand-alone":{"abbreviated":{"afternoon":"下午","am":"上午","earlyMorning":"清晨","midDay":"中午","morning":"上午","night":"晚上","noon":"中午","pm":"下午","weeHours":"凌晨"},"narrow":{"afternoon":"下午","am":"上午","earlyMorning":"清晨","midDay":"中午","morning":"上午","night":"晚上","noon":"中午","pm":"下午","weeHours":"凌晨"},"wide":{"afternoon":"下午","am":"上午","earlyMorning":"清晨","midDay":"中午","morning":"上午","night":"晚上","noon":"中午","pm":"下午","weeHours":"凌晨"}}},"eras":{"wide":{"0":"公元前","0-alt-variant":"BCE","1":"公元","1-alt-variant":"CE"},"abbreviated":{"0":"公元前","0-alt-variant":"BCE","1":"公元","1-alt-variant":"CE"},"narrow":{"0":"公元前","0-alt-variant":"BCE","1":"公元","1-alt-variant":"CE"}},"dateFormats":{"full":"y年M月d日EEEE","long":"y年M月d日","medium":"y年M月d日","short":"yy/M/d"},"timeFormats":{"full":"zzzz ah:mm:ss","long":"z ah:mm:ss","medium":"ah:mm:ss","short":"ah:mm"},"dateTimeFormats":{"full":"%2$s %1$s","long":"%2$s %1$s","medium":"%2$s %1$s","short":"%2$s %1$s"}}