{"ADP":{"name":"安道尔比塞塔"},"AED":{"name":"阿联酋迪拉姆"},"AFA":{"name":"阿富汗尼 (1927–2002)"},"AFN":{"name":"阿富汗尼"},"ALK":{"name":"阿尔巴尼亚列克(1946–1965)"},"ALL":{"name":"阿尔巴尼亚列克"},"AMD":{"name":"亚美尼亚德拉姆"},"ANG":{"name":"荷属安的列斯盾"},"AOA":{"name":"安哥拉宽扎","symbolNarrow":"Kz"},"AOK":{"name":"安哥拉宽扎 (1977–1990)"},"AON":{"name":"安哥拉新宽扎 (1990–2000)"},"AOR":{"name":"安哥拉重新调整宽扎 (1995–1999)"},"ARA":{"name":"阿根廷奥斯特拉尔"},"ARL":{"name":"阿根廷法定比索 (1970–1983)"},"ARM":{"name":"阿根廷比索 (1881–1970)"},"ARP":{"name":"阿根廷比索 (1983–1985)"},"ARS":{"name":"阿根廷比索","symbolNarrow":"$"},"ATS":{"name":"奥地利先令"},"AUD":{"symbol":"AU$","name":"澳大利亚元","symbolNarrow":"$"},"AWG":{"name":"阿鲁巴基尔德元"},"AZM":{"name":"阿塞拜疆马纳特 (1993–2006)"},"AZN":{"name":"阿塞拜疆马纳特"},"BAD":{"name":"波士尼亚-赫塞哥维纳第纳尔 (1992–1994)"},"BAM":{"name":"波斯尼亚-黑塞哥维那可兑换马克","symbolNarrow":"KM"},"BAN":{"name":"波士尼亚-赫塞哥维纳新第纳尔 (1994–1997)"},"BBD":{"name":"巴巴多斯元","symbolNarrow":"$"},"BDT":{"name":"孟加拉塔卡","symbolNarrow":"৳"},"BEC":{"name":"比利时法郎（可兑换）"},"BEF":{"name":"比利时法郎"},"BEL":{"name":"比利时法郎（金融）"},"BGL":{"name":"保加利亚硬列弗"},"BGM":{"name":"保加利亚社会党列弗"},"BGN":{"name":"保加利亚新列弗"},"BGO":{"name":"保加利亚列弗 (1879–1952)"},"BHD":{"name":"巴林第纳尔"},"BIF":{"name":"布隆迪法郎"},"BMD":{"name":"百慕大元","symbolNarrow":"$"},"BND":{"name":"文莱元","symbolNarrow":"$"},"BOB":{"name":"玻利维亚诺","symbolNarrow":"Bs"},"BOL":{"name":"玻利维亚诺 (1863–1963)"},"BOP":{"name":"玻利维亚比索"},"BOV":{"name":"玻利维亚 Mvdol（资金）"},"BRB":{"name":"巴西新克鲁赛罗 (1967–1986)"},"BRC":{"name":"巴西克鲁扎多 (1986–1989)"},"BRE":{"name":"巴西克鲁塞罗 (1990–1993)"},"BRL":{"symbol":"R$","name":"巴西雷亚尔","symbolNarrow":"R$"},"BRN":{"name":"巴西新克鲁扎多 (1989–1990)"},"BRR":{"name":"巴西克鲁塞罗 (1993–1994)"},"BRZ":{"name":"巴西克鲁塞罗 (1942–1967)"},"BSD":{"name":"巴哈马元","symbolNarrow":"$"},"BTN":{"name":"不丹努尔特鲁姆"},"BUK":{"name":"缅元"},"BWP":{"name":"博茨瓦纳普拉","symbolNarrow":"P"},"BYB":{"name":"白俄罗斯新卢布 (1994–1999)"},"BYR":{"name":"白俄罗斯卢布","symbolNarrow":"р."},"BZD":{"name":"伯利兹元","symbolNarrow":"$"},"CAD":{"symbol":"CA$","name":"加拿大元","symbolNarrow":"$"},"CDF":{"name":"刚果法郎"},"CHE":{"name":"欧元 (WIR)"},"CHF":{"name":"瑞士法郎"},"CHW":{"name":"法郎 (WIR)"},"CLE":{"name":"智利埃斯库多"},"CLF":{"name":"智利（资金）"},"CLP":{"name":"智利比索","symbolNarrow":"$"},"CNY":{"symbol":"￥","name":"人民币","symbolNarrow":"¥"},"COP":{"name":"哥伦比亚比索","symbolNarrow":"$"},"COU":{"name":"哥伦比亚币"},"CRC":{"name":"哥斯达黎加科朗","symbolNarrow":"₡"},"CSD":{"name":"旧塞尔维亚第纳尔"},"CSK":{"name":"捷克硬克郎"},"CUC":{"name":"古巴可兑换比索","symbolNarrow":"$"},"CUP":{"name":"古巴比索","symbolNarrow":"$"},"CVE":{"name":"佛得角埃斯库多"},"CYP":{"name":"塞浦路斯镑"},"CZK":{"name":"捷克克郎","symbolNarrow":"Kč"},"DDM":{"name":"东德奥斯特马克"},"DEM":{"name":"德国马克"},"DJF":{"name":"吉布提法郎"},"DKK":{"name":"丹麦克朗","symbolNarrow":"kr"},"DOP":{"name":"多米尼加比索","symbolNarrow":"$"},"DZD":{"name":"阿尔及利亚第纳尔"},"ECS":{"name":"厄瓜多尔苏克雷"},"ECV":{"name":"厄瓜多尔 (UVC)"},"EEK":{"name":"爱沙尼亚克朗"},"EGP":{"name":"埃及镑","symbolNarrow":"E£"},"ERN":{"name":"厄立特里亚纳克法"},"ESA":{"name":"西班牙比塞塔（帐户 A）"},"ESB":{"name":"西班牙比塞塔（兑换帐户）"},"ESP":{"name":"西班牙比塞塔","symbolNarrow":"₧"},"ETB":{"name":"埃塞俄比亚比尔"},"EUR":{"symbol":"€","name":"欧元","symbolNarrow":"€"},"FIM":{"name":"芬兰马克"},"FJD":{"name":"斐济元","symbolNarrow":"$"},"FKP":{"name":"福克兰群岛镑","symbolNarrow":"£"},"FRF":{"name":"法国法郎"},"GBP":{"symbol":"£","name":"英镑","symbolNarrow":"£"},"GEK":{"name":"乔治亚库蓬拉瑞特"},"GEL":{"name":"格鲁吉亚拉里"},"GHC":{"name":"加纳塞第"},"GHS":{"name":"加纳塞地"},"GIP":{"name":"直布罗陀镑","symbolNarrow":"£"},"GMD":{"name":"冈比亚达拉西"},"GNF":{"name":"几内亚法郎","symbolNarrow":"FG"},"GNS":{"name":"几内亚西里"},"GQE":{"name":"赤道几内亚埃奎勒"},"GRD":{"name":"希腊德拉克马"},"GTQ":{"name":"危地马拉格查尔","symbolNarrow":"Q"},"GWE":{"name":"葡萄牙几内亚埃斯库多"},"GWP":{"name":"几内亚比绍比索"},"GYD":{"name":"圭亚那元","symbolNarrow":"$"},"HKD":{"symbol":"HK$","name":"港元","symbolNarrow":"$"},"HNL":{"name":"洪都拉斯伦皮拉","symbolNarrow":"L"},"HRD":{"name":"克罗地亚第纳尔"},"HRK":{"name":"克罗地亚库纳","symbolNarrow":"kn"},"HTG":{"name":"海地古德"},"HUF":{"name":"匈牙利福林","symbolNarrow":"Ft"},"IDR":{"name":"印度尼西亚盾","symbolNarrow":"Rp"},"IEP":{"name":"爱尔兰镑"},"ILP":{"name":"以色列镑"},"ILR":{"symbol":"ILS","name":"以色列谢克尔(1980–1985)"},"ILS":{"symbol":"₪","name":"以色列新谢克尔","symbolNarrow":"₪"},"INR":{"symbol":"₹","name":"印度卢比","symbolNarrow":"₹"},"IQD":{"name":"伊拉克第纳尔"},"IRR":{"name":"伊朗里亚尔"},"ISJ":{"name":"冰岛克朗(1918–1981)"},"ISK":{"name":"冰岛克朗","symbolNarrow":"kr"},"ITL":{"name":"意大利里拉"},"JMD":{"name":"牙买加元","symbolNarrow":"$"},"JOD":{"name":"约旦第纳尔"},"JPY":{"symbol":"JP¥","name":"日元","symbolNarrow":"¥"},"KES":{"name":"肯尼亚先令"},"KGS":{"name":"吉尔吉斯斯坦索姆"},"KHR":{"name":"柬埔寨瑞尔","symbolNarrow":"៛"},"KMF":{"name":"科摩罗法郎","symbolNarrow":"CF"},"KPW":{"name":"朝鲜元","symbolNarrow":"₩"},"KRH":{"name":"韩元 (1953–1962)"},"KRO":{"name":"韩元 (1945–1953)"},"KRW":{"symbol":"￦","name":"韩元","symbolNarrow":"₩"},"KWD":{"name":"科威特第纳尔"},"KYD":{"name":"开曼元","symbolNarrow":"$"},"KZT":{"name":"哈萨克斯坦坚戈","symbolNarrow":"₸"},"LAK":{"name":"老挝基普","symbolNarrow":"₭"},"LBP":{"name":"黎巴嫩镑","symbolNarrow":"L£"},"LKR":{"name":"斯里兰卡卢比","symbolNarrow":"Rs"},"LRD":{"name":"利比里亚元","symbolNarrow":"$"},"LSL":{"name":"莱索托洛蒂"},"LTL":{"name":"立陶宛立特","symbolNarrow":"Lt"},"LTT":{"name":"立陶宛塔咯呐司"},"LUC":{"name":"卢森堡可兑换法郎"},"LUF":{"name":"卢森堡法郎"},"LUL":{"name":"卢森堡金融法郎"},"LVL":{"name":"拉脱维亚拉特","symbolNarrow":"Ls"},"LVR":{"name":"拉脱维亚卢布"},"LYD":{"name":"利比亚第纳尔"},"MAD":{"name":"摩洛哥迪拉姆"},"MAF":{"name":"摩洛哥法郎"},"MCF":{"name":"摩纳哥法郎"},"MDC":{"name":"摩尔多瓦库邦"},"MDL":{"name":"摩尔多瓦列伊"},"MGA":{"name":"马达加斯加阿里亚里","symbolNarrow":"Ar"},"MGF":{"name":"马达加斯加法郎"},"MKD":{"name":"马其顿第纳尔"},"MKN":{"name":"马其顿第纳尔 (1992–1993)"},"MLF":{"name":"马里法郎"},"MMK":{"name":"缅甸元","symbolNarrow":"K"},"MNT":{"name":"蒙古图格里克","symbolNarrow":"₮"},"MOP":{"name":"澳门元"},"MRO":{"name":"毛里塔尼亚乌吉亚"},"MTL":{"name":"马耳他里拉"},"MTP":{"name":"马耳他镑"},"MUR":{"name":"毛里求斯卢比","symbolNarrow":"Rs"},"MVR":{"name":"马尔代夫卢菲亚"},"MWK":{"name":"马拉维克瓦查"},"MXN":{"symbol":"MX$","name":"墨西哥比索","symbolNarrow":"$"},"MXP":{"name":"墨西哥银比索 (1861–1992)"},"MXV":{"name":"墨西哥（资金）"},"MYR":{"name":"马来西亚林吉特","symbolNarrow":"RM"},"MZE":{"name":"莫桑比克埃斯库多"},"MZM":{"name":"旧莫桑比克美提卡"},"MZN":{"name":"莫桑比克美提卡"},"NAD":{"name":"纳米比亚元","symbolNarrow":"$"},"NGN":{"name":"尼日利亚奈拉","symbolNarrow":"₦"},"NIC":{"name":"尼加拉瓜科多巴 (1988–1991)"},"NIO":{"name":"尼加拉瓜金科多巴","symbolNarrow":"C$"},"NLG":{"name":"荷兰盾"},"NOK":{"name":"挪威克朗","symbolNarrow":"kr"},"NPR":{"name":"尼泊尔卢比","symbolNarrow":"Rs"},"NZD":{"symbol":"NZ$","name":"新西兰元","symbolNarrow":"$"},"OMR":{"name":"阿曼里亚尔"},"PAB":{"name":"巴拿马巴波亚"},"PEI":{"name":"秘鲁印第"},"PEN":{"name":"秘鲁新索尔"},"PES":{"name":"秘鲁索尔 (1863–1965)"},"PGK":{"name":"巴布亚新几内亚基那"},"PHP":{"name":"菲律宾比索","symbolNarrow":"₱"},"PKR":{"name":"巴基斯坦卢比","symbolNarrow":"Rs"},"PLN":{"name":"波兰兹罗提","symbolNarrow":"zł"},"PLZ":{"name":"波兰兹罗提 (1950–1995)"},"PTE":{"name":"葡萄牙埃斯库多"},"PYG":{"name":"巴拉圭瓜拉尼","symbolNarrow":"₲"},"QAR":{"name":"卡塔尔里亚尔"},"RHD":{"name":"罗得西亚元"},"ROL":{"name":"旧罗马尼亚列伊"},"RON":{"name":"罗马尼亚列伊"},"RSD":{"name":"塞尔维亚第纳尔"},"RUB":{"name":"俄罗斯卢布","symbolAlt":"₽"},"RUR":{"name":"俄国卢布 (1991–1998)","symbolNarrow":"р."},"RWF":{"name":"卢旺达法郎","symbolNarrow":"RF"},"SAR":{"name":"沙特里亚尔"},"SBD":{"name":"所罗门群岛元","symbolNarrow":"$"},"SCR":{"name":"塞舌尔卢比"},"SDD":{"name":"苏丹第纳尔 (1992–2007)"},"SDG":{"name":"苏丹镑"},"SDP":{"name":"旧苏丹镑"},"SEK":{"name":"瑞典克朗","symbolNarrow":"kr"},"SGD":{"name":"新加坡元","symbolNarrow":"$"},"SHP":{"name":"圣赫勒拿群岛磅","symbolNarrow":"£"},"SIT":{"name":"斯洛文尼亚托拉尔"},"SKK":{"name":"斯洛伐克克朗"},"SLL":{"name":"塞拉利昂利昂"},"SOS":{"name":"索马里先令"},"SRD":{"name":"苏里南元","symbolNarrow":"$"},"SRG":{"name":"苏里南盾"},"SSP":{"name":"南苏丹镑","symbolNarrow":"£"},"STD":{"name":"圣多美和普林西比多布拉","symbolNarrow":"Db"},"SUR":{"name":"苏联卢布"},"SVC":{"name":"萨尔瓦多科朗"},"SYP":{"name":"叙利亚镑","symbolNarrow":"£"},"SZL":{"name":"斯威士兰里兰吉尼"},"THB":{"symbol":"฿","name":"泰铢","symbolNarrow":"฿"},"TJR":{"name":"塔吉克斯坦卢布"},"TJS":{"name":"塔吉克斯坦索莫尼"},"TMM":{"name":"土库曼斯坦马纳特 (1993–2009)"},"TMT":{"name":"土库曼斯坦马纳特"},"TND":{"name":"突尼斯第纳尔"},"TOP":{"name":"汤加潘加","symbolNarrow":"T$"},"TPE":{"name":"帝汶埃斯库多"},"TRL":{"name":"土耳其里拉 (1922–2005)"},"TRY":{"name":"土耳其里拉","symbolNarrow":"₺","symbolAlt":"TL"},"TTD":{"name":"特立尼达和多巴哥元","symbolNarrow":"$"},"TWD":{"symbol":"NT$","name":"新台币","symbolNarrow":"NT$"},"TZS":{"name":"坦桑尼亚先令"},"UAH":{"name":"乌克兰格里夫纳","symbolNarrow":"₴"},"UAK":{"name":"乌克兰币"},"UGS":{"name":"乌干达先令 (1966–1987)"},"UGX":{"name":"乌干达先令"},"USD":{"symbol":"US$","name":"美元","symbolNarrow":"$"},"USN":{"name":"美元（次日）"},"USS":{"name":"美元（当日）"},"UYI":{"name":"乌拉圭比索（索引单位）"},"UYP":{"name":"乌拉圭比索 (1975–1993)"},"UYU":{"name":"乌拉圭比索","symbolNarrow":"$"},"UZS":{"name":"乌兹别克斯坦苏姆"},"VEB":{"name":"委内瑞拉玻利瓦尔 (1871–2008)"},"VEF":{"name":"委内瑞拉玻利瓦尔","symbolNarrow":"Bs"},"VND":{"symbol":"₫","name":"越南盾","symbolNarrow":"₫"},"VNN":{"name":"越南盾 (1978–1985)"},"VUV":{"name":"瓦努阿图瓦图"},"WST":{"name":"萨摩亚塔拉"},"XAF":{"symbol":"FCFA","name":"中非金融合作法郎"},"XAG":{"name":"银"},"XAU":{"name":"黄金"},"XBA":{"name":"欧洲复合单位"},"XBB":{"name":"欧洲货币联盟"},"XBC":{"name":"欧洲计算单位 (XBC)"},"XBD":{"name":"欧洲计算单位 (XBD)"},"XCD":{"symbol":"EC$","name":"东加勒比元","symbolNarrow":"$"},"XDR":{"name":"特别提款权"},"XEU":{"name":"欧洲货币单位"},"XFO":{"name":"法国金法郎"},"XFU":{"name":"法国法郎 (UIC)"},"XOF":{"symbol":"CFA","name":"非洲金融共同体法郎"},"XPD":{"name":"钯"},"XPF":{"symbol":"CFPF","name":"太平洋法郎"},"XPT":{"name":"铂"},"XRE":{"name":"RINET 基金"},"XSU":{"name":"XSU"},"XTS":{"name":"测试货币代码"},"XUA":{"name":"XUA"},"XXX":{"name":"未知货币","pluralName":{"other":"（未知货币）"}},"YDD":{"name":"也门第纳尔"},"YER":{"name":"也门里亚尔"},"YUD":{"name":"南斯拉夫硬第纳尔 (1966–1990)"},"YUM":{"name":"南斯拉夫新第纳尔 (1994–2002)"},"YUN":{"name":"南斯拉夫可兑换第纳尔 (1990–1992)"},"YUR":{"name":"南斯拉夫改良第纳尔 (1992–1993)"},"ZAL":{"name":"南非兰特 (金融)"},"ZAR":{"name":"南非兰特","symbolNarrow":"R"},"ZMK":{"name":"赞比亚克瓦查 (1968–2012)"},"ZMW":{"name":"赞比亚克瓦查","symbolNarrow":"ZK"},"ZRN":{"name":"新扎伊尔 (1993–1998)"},"ZRZ":{"name":"扎伊尔 (1971–1993)"},"ZWD":{"name":"津巴布韦元 (1980–2008)"},"ZWL":{"name":"津巴布韦元 (2009)"},"ZWR":{"name":"津巴布韦元 (2008)"},"CNX":{"name":"Chinese People’s Bank Dollar","pluralName":{"one":"Chinese People’s Bank dollar","other":"Chinese People’s Bank dollars"}},"MVP":{"name":"Maldivian Rupee (1947–1981)","pluralName":{"one":"Maldivian rupee (1947–1981)","other":"Maldivian rupees (1947–1981)"}}}