{"era":{"displayName":"纪元"},"year":{"displayName":"年","relative-type--1":"去年","relative-type-0":"今年","relative-type-1":"明年","relativeTime-type-future":{"relativeTimePattern-count-other":"{0}年后"},"relativeTime-type-past":{"relativeTimePattern-count-other":"{0}年前"}},"year-short":{"displayName":"年","relative-type--1":"去年","relative-type-0":"今年","relative-type-1":"明年","relativeTime-type-future":{"relativeTimePattern-count-other":"{0}年后"},"relativeTime-type-past":{"relativeTimePattern-count-other":"{0}年前"}},"year-narrow":{"displayName":"年","relative-type--1":"去年","relative-type-0":"今年","relative-type-1":"明年","relativeTime-type-future":{"relativeTimePattern-count-other":"{0}年后"},"relativeTime-type-past":{"relativeTimePattern-count-other":"{0}年前"}},"quarter":{"displayName":"季","relative-type--1":"last quarter","relative-type-0":"this quarter","relative-type-1":"next quarter","relativeTime-type-future":{"relativeTimePattern-count-other":"{0}季度后"},"relativeTime-type-past":{"relativeTimePattern-count-other":"{0}季度前"}},"quarter-short":{"displayName":"季","relative-type--1":"last quarter","relative-type-0":"this quarter","relative-type-1":"next quarter","relativeTime-type-future":{"relativeTimePattern-count-other":"{0}季度后"},"relativeTime-type-past":{"relativeTimePattern-count-other":"{0}季度前"}},"quarter-narrow":{"displayName":"季","relative-type--1":"last quarter","relative-type-0":"this quarter","relative-type-1":"next quarter","relativeTime-type-future":{"relativeTimePattern-count-other":"{0}季度后"},"relativeTime-type-past":{"relativeTimePattern-count-other":"{0}季度前"}},"month":{"displayName":"月","relative-type--1":"上个月","relative-type-0":"本月","relative-type-1":"下个月","relativeTime-type-future":{"relativeTimePattern-count-other":"{0}个月后"},"relativeTime-type-past":{"relativeTimePattern-count-other":"{0}个月前"}},"month-short":{"displayName":"月","relative-type--1":"上个月","relative-type-0":"本月","relative-type-1":"下个月","relativeTime-type-future":{"relativeTimePattern-count-other":"{0}个月后"},"relativeTime-type-past":{"relativeTimePattern-count-other":"{0}个月前"}},"month-narrow":{"displayName":"月","relative-type--1":"上个月","relative-type-0":"本月","relative-type-1":"下个月","relativeTime-type-future":{"relativeTimePattern-count-other":"{0}个月后"},"relativeTime-type-past":{"relativeTimePattern-count-other":"{0}个月前"}},"week":{"displayName":"周","relative-type--1":"上周","relative-type-0":"本周","relative-type-1":"下周","relativeTime-type-future":{"relativeTimePattern-count-other":"{0}周后"},"relativeTime-type-past":{"relativeTimePattern-count-other":"{0}周前"}},"week-short":{"displayName":"周","relative-type--1":"上周","relative-type-0":"本周","relative-type-1":"下周","relativeTime-type-future":{"relativeTimePattern-count-other":"{0}周后"},"relativeTime-type-past":{"relativeTimePattern-count-other":"{0}周前"}},"week-narrow":{"displayName":"周","relative-type--1":"上周","relative-type-0":"本周","relative-type-1":"下周","relativeTime-type-future":{"relativeTimePattern-count-other":"{0}周后"},"relativeTime-type-past":{"relativeTimePattern-count-other":"{0}周前"}},"day":{"displayName":"日","relative-type--1":"昨天","relative-type--2":"前天","relative-type-0":"今天","relative-type-1":"明天","relative-type-2":"后天","relativeTime-type-future":{"relativeTimePattern-count-other":"{0}天后"},"relativeTime-type-past":{"relativeTimePattern-count-other":"{0}天前"}},"day-short":{"displayName":"日","relative-type--1":"昨天","relative-type--2":"前天","relative-type-0":"今天","relative-type-1":"明天","relative-type-2":"后天","relativeTime-type-future":{"relativeTimePattern-count-other":"{0}天后"},"relativeTime-type-past":{"relativeTimePattern-count-other":"{0}天前"}},"day-narrow":{"displayName":"日","relative-type--1":"昨天","relative-type--2":"前天","relative-type-0":"今天","relative-type-1":"明天","relative-type-2":"后天","relativeTime-type-future":{"relativeTimePattern-count-other":"{0}天后"},"relativeTime-type-past":{"relativeTimePattern-count-other":"{0}天前"}},"weekday":{"displayName":"工作日"},"sun":{"relative-type--1":"上周日","relative-type-0":"本周日","relative-type-1":"下周日"},"sun-short":{"relative-type--1":"上周日","relative-type-0":"本周日","relative-type-1":"下周日"},"sun-narrow":{"relative-type--1":"上周日","relative-type-0":"本周日","relative-type-1":"下周日"},"mon":{"relative-type--1":"上周一","relative-type-0":"本周一","relative-type-1":"下周一"},"mon-short":{"relative-type--1":"上周一","relative-type-0":"本周一","relative-type-1":"下周一"},"mon-narrow":{"relative-type--1":"上周一","relative-type-0":"本周一","relative-type-1":"下周一"},"tue":{"relative-type--1":"上周二","relative-type-0":"本周二","relative-type-1":"下周二"},"tue-short":{"relative-type--1":"上周二","relative-type-0":"本周二","relative-type-1":"下周二"},"tue-narrow":{"relative-type--1":"上周二","relative-type-0":"本周二","relative-type-1":"下周二"},"wed":{"relative-type--1":"上周三","relative-type-0":"本周三","relative-type-1":"下周三"},"wed-short":{"relative-type--1":"上周三","relative-type-0":"本周三","relative-type-1":"下周三"},"wed-narrow":{"relative-type--1":"上周三","relative-type-0":"本周三","relative-type-1":"下周三"},"thu":{"relative-type--1":"上周四","relative-type-0":"本周四","relative-type-1":"下周四"},"thu-short":{"relative-type--1":"上周四","relative-type-0":"本周四","relative-type-1":"下周四"},"thu-narrow":{"relative-type--1":"上周四","relative-type-0":"本周四","relative-type-1":"下周四"},"fri":{"relative-type--1":"上周五","relative-type-0":"本周五","relative-type-1":"下周五"},"fri-short":{"relative-type--1":"上周五","relative-type-0":"本周五","relative-type-1":"下周五"},"fri-narrow":{"relative-type--1":"上周五","relative-type-0":"本周五","relative-type-1":"下周五"},"sat":{"relative-type--1":"上周六","relative-type-0":"本周六","relative-type-1":"下周六"},"sat-short":{"relative-type--1":"上周六","relative-type-0":"本周六","relative-type-1":"下周六"},"sat-narrow":{"relative-type--1":"上周六","relative-type-0":"本周六","relative-type-1":"下周六"},"dayperiod":{"displayName":"上午/下午"},"hour":{"displayName":"小时","relativeTime-type-future":{"relativeTimePattern-count-other":"{0}小时后"},"relativeTime-type-past":{"relativeTimePattern-count-other":"{0}小时前"}},"hour-short":{"displayName":"小时","relativeTime-type-future":{"relativeTimePattern-count-other":"{0}小时后"},"relativeTime-type-past":{"relativeTimePattern-count-other":"{0}小时前"}},"hour-narrow":{"displayName":"小时","relativeTime-type-future":{"relativeTimePattern-count-other":"{0}小时后"},"relativeTime-type-past":{"relativeTimePattern-count-other":"{0}小时前"}},"minute":{"displayName":"分钟","relativeTime-type-future":{"relativeTimePattern-count-other":"{0}分钟后"},"relativeTime-type-past":{"relativeTimePattern-count-other":"{0}分钟前"}},"minute-short":{"displayName":"分钟","relativeTime-type-future":{"relativeTimePattern-count-other":"{0}分钟后"},"relativeTime-type-past":{"relativeTimePattern-count-other":"{0}分钟前"}},"minute-narrow":{"displayName":"分钟","relativeTime-type-future":{"relativeTimePattern-count-other":"{0}分钟后"},"relativeTime-type-past":{"relativeTimePattern-count-other":"{0}分钟前"}},"second":{"displayName":"秒钟","relative-type-0":"现在","relativeTime-type-future":{"relativeTimePattern-count-other":"{0}秒钟后"},"relativeTime-type-past":{"relativeTimePattern-count-other":"{0}秒钟前"}},"second-short":{"displayName":"秒钟","relative-type-0":"现在","relativeTime-type-future":{"relativeTimePattern-count-other":"{0}秒后"},"relativeTime-type-past":{"relativeTimePattern-count-other":"{0}秒前"}},"second-narrow":{"displayName":"秒钟","relative-type-0":"现在","relativeTime-type-future":{"relativeTimePattern-count-other":"{0}秒后"},"relativeTime-type-past":{"relativeTimePattern-count-other":"{0}秒前"}},"zone":{"displayName":"时区"}}