{"long":{"_compoundPattern":"%1$s每%2$s","acceleration":{"g-force":{"_name":"G力","other":"%1$sG力"},"meter-per-second-squared":{"_name":"米/秒²","other":"%1$s米/秒²"}},"angle":{"arc-minute":{"_name":"弧分","other":"%1$s弧分"},"arc-second":{"_name":"弧秒","other":"%1$s弧秒"},"degree":{"_name":"度","other":"%1$s度"},"radian":{"_name":"弧度","other":"%1$s弧度"}},"area":{"acre":{"_name":"英亩","other":"%1$s英亩"},"hectare":{"_name":"公顷","other":"%1$s公顷"},"square-centimeter":{"_name":"平方厘米","other":"%1$s平方厘米"},"square-foot":{"_name":"平方英尺","other":"%1$s平方英尺"},"square-inch":{"_name":"平方英寸","other":"%1$s平方英寸"},"square-kilometer":{"_name":"平方公里","other":"%1$s平方公里"},"square-meter":{"_name":"平方米","other":"%1$s平方米"},"square-mile":{"_name":"平方英里","other":"%1$s平方英里"},"square-yard":{"_name":"平方码","other":"%1$s平方码"}},"consumption":{"liter-per-kilometer":{"_name":"升每公里","other":"%1$s升每公里"},"mile-per-gallon":{"_name":"英里每加仑","other":"%1$s英里每加仑"}},"digital":{"bit":{"_name":"比特","other":"%1$s比特"},"byte":{"_name":"字节","other":"%1$s字节"},"gigabit":{"_name":"吉比特","other":"%1$s吉比特"},"gigabyte":{"_name":"吉字节","other":"%1$s吉字节"},"kilobit":{"_name":"千比特","other":"%1$s千比特"},"kilobyte":{"_name":"千字节","other":"%1$s千字节"},"megabit":{"_name":"兆比特","other":"%1$s兆比特"},"megabyte":{"_name":"兆字节","other":"%1$s兆字节"},"terabit":{"_name":"太比特","other":"%1$s太比特"},"terabyte":{"_name":"太字节","other":"%1$s太字节"}},"duration":{"day":{"_name":"天","other":"%1$s天"},"hour":{"_name":"小时","other":"%1$s小时","_per":"%1$s/小时"},"microsecond":{"_name":"微秒","other":"%1$s微秒"},"millisecond":{"_name":"毫秒","other":"%1$s毫秒"},"minute":{"_name":"分钟","other":"%1$s分钟"},"month":{"_name":"个月","other":"%1$s个月"},"nanosecond":{"_name":"纳秒","other":"%1$s纳秒"},"second":{"_name":"秒钟","other":"%1$s秒钟","_per":"%1$s/秒"},"week":{"_name":"周","other":"%1$s周"},"year":{"_name":"年","other":"%1$s年"}},"electric":{"ampere":{"_name":"安培","other":"%1$s安培"},"milliampere":{"_name":"毫安","other":"%1$s毫安"},"ohm":{"_name":"欧姆","other":"%1$s欧姆"},"volt":{"_name":"伏特","other":"%1$s伏特"}},"energy":{"calorie":{"_name":"卡路里","other":"%1$s卡路里"},"foodcalorie":{"_name":"卡路里","other":"%1$s卡路里"},"joule":{"_name":"焦耳","other":"%1$s焦耳"},"kilocalorie":{"_name":"千卡","other":"%1$s千卡"},"kilojoule":{"_name":"千焦","other":"%1$s千焦"},"kilowatt-hour":{"_name":"千瓦时","other":"%1$s千瓦时"}},"frequency":{"gigahertz":{"_name":"吉赫","other":"%1$s吉赫"},"hertz":{"_name":"赫兹","other":"%1$s赫兹"},"kilohertz":{"_name":"千赫","other":"%1$s千赫"},"megahertz":{"_name":"兆赫","other":"%1$s兆赫"}},"length":{"astronomical-unit":{"_name":"天文单位","other":"%1$s天文单位"},"centimeter":{"_name":"厘米","other":"%1$s厘米"},"decimeter":{"_name":"分米","other":"%1$s分米"},"fathom":{"_name":"fm","other":"%1$s fm"},"foot":{"_name":"英尺","other":"%1$s英尺"},"furlong":{"_name":"fur","other":"%1$s fur"},"inch":{"_name":"英寸","other":"%1$s英寸"},"kilometer":{"_name":"公里","other":"%1$s公里"},"light-year":{"_name":"光年","other":"%1$s光年"},"meter":{"_name":"米","other":"%1$s米"},"micrometer":{"_name":"微米","other":"%1$s微米"},"mile":{"_name":"英里","other":"%1$s英里"},"millimeter":{"_name":"毫米","other":"%1$s毫米"},"nanometer":{"_name":"纳米","other":"%1$s纳米"},"nautical-mile":{"_name":"海里","other":"%1$s海里"},"parsec":{"_name":"秒差距","other":"%1$s秒差距"},"picometer":{"_name":"皮米","other":"%1$s皮米"},"yard":{"_name":"码","other":"%1$s码"}},"light":{"lux":{"_name":"勒克斯","other":"%1$s勒克斯"}},"mass":{"carat":{"_name":"克拉","other":"%1$s克拉"},"gram":{"_name":"克","other":"%1$s克"},"kilogram":{"_name":"千克","other":"%1$s千克"},"metric-ton":{"_name":"公吨","other":"%1$s公吨"},"microgram":{"_name":"微克","other":"%1$s微克"},"milligram":{"_name":"毫克","other":"%1$s毫克"},"ounce":{"_name":"盎司","other":"%1$s盎司"},"ounce-troy":{"_name":"金衡制盎司","other":"%1$s金衡制盎司"},"pound":{"_name":"磅","other":"%1$s磅"},"stone":{"_name":"st","other":"%1$s st"},"ton":{"_name":"吨","other":"%1$s吨"}},"power":{"gigawatt":{"_name":"吉瓦","other":"%1$s吉瓦"},"horsepower":{"_name":"马力","other":"%1$s马力"},"kilowatt":{"_name":"千瓦","other":"%1$s千瓦"},"megawatt":{"_name":"兆瓦","other":"%1$s兆瓦"},"milliwatt":{"_name":"毫瓦","other":"%1$s毫瓦"},"watt":{"_name":"瓦特","other":"%1$s瓦特"}},"pressure":{"hectopascal":{"_name":"百帕斯卡","other":"%1$s百帕斯卡"},"inch-hg":{"_name":"英寸汞柱","other":"%1$s英寸汞柱"},"millibar":{"_name":"毫巴","other":"%1$s毫巴"},"millimeter-of-mercury":{"_name":"毫米汞柱","other":"%1$s毫米汞柱"},"pound-per-square-inch":{"_name":"磅/平方英寸","other":"%1$s磅每平方英寸"}},"proportion":{"karat":{"_name":"克拉","other":"%1$s克拉"}},"speed":{"kilometer-per-hour":{"_name":"千米每小时","other":"%1$s千米每小时"},"meter-per-second":{"_name":"米每秒","other":"%1$s米每秒"},"mile-per-hour":{"_name":"英里每小时","other":"%1$s英里每小时"}},"temperature":{"celsius":{"_name":"摄氏度","other":"%1$s摄氏度"},"fahrenheit":{"_name":"华氏度","other":"%1$s华氏度"},"generic":{"_name":"°","other":"%1$s°"},"kelvin":{"_name":"开尔文","other":"%1$s开尔文"}},"volume":{"acre-foot":{"_name":"英亩英尺","other":"%1$s英亩英尺"},"bushel":{"_name":"bu","other":"%1$s bu"},"centiliter":{"_name":"厘升","other":"%1$s厘升"},"cubic-centimeter":{"_name":"立方厘米","other":"%1$s立方厘米"},"cubic-foot":{"_name":"立方英尺","other":"%1$s立方英尺"},"cubic-inch":{"_name":"立方英寸","other":"%1$s立方英寸"},"cubic-kilometer":{"_name":"立方公里","other":"%1$s立方公里"},"cubic-meter":{"_name":"立方米","other":"%1$s立方米"},"cubic-mile":{"_name":"立方英里","other":"%1$s立方英里"},"cubic-yard":{"_name":"立方码","other":"%1$s立方码"},"cup":{"_name":"杯","other":"%1$s杯"},"deciliter":{"_name":"分升","other":"%1$s分升"},"fluid-ounce":{"_name":"液盎司","other":"%1$s液盎司"},"gallon":{"_name":"加仑","other":"%1$s加仑"},"hectoliter":{"_name":"公石","other":"%1$s公石"},"liter":{"_name":"公升","other":"%1$s公升"},"megaliter":{"_name":"兆升","other":"%1$s兆升"},"milliliter":{"_name":"毫升","other":"%1$s毫升"},"pint":{"_name":"品脱","other":"%1$s品脱"},"quart":{"_name":"夸脱","other":"%1$s夸脱"},"tablespoon":{"_name":"汤匙","other":"%1$s汤匙"},"teaspoon":{"_name":"茶匙","other":"%1$s茶匙"}}},"short":{"_compoundPattern":"%1$s/%2$s","acceleration":{"g-force":{"_name":"G力","other":"%1$s G"},"meter-per-second-squared":{"_name":"米/秒²","other":"%1$s米/秒²"}},"angle":{"arc-minute":{"_name":"弧分","other":"%1$s弧分"},"arc-second":{"_name":"弧秒","other":"%1$s弧秒"},"degree":{"_name":"度","other":"%1$s°"},"radian":{"_name":"弧度","other":"%1$s弧度"}},"area":{"acre":{"_name":"英亩","other":"%1$s英亩"},"hectare":{"_name":"公顷","other":"%1$s ha"},"square-centimeter":{"_name":"平方厘米","other":"%1$s平方厘米"},"square-foot":{"_name":"平方英尺","other":"%1$s ft²"},"square-inch":{"_name":"平方英寸","other":"%1$s平方英寸"},"square-kilometer":{"_name":"平方公里","other":"%1$s平方公里"},"square-meter":{"_name":"平方米","other":"%1$s平方米"},"square-mile":{"_name":"平方英里","other":"%1$s平方英里"},"square-yard":{"_name":"平方码","other":"%1$s平方码"}},"consumption":{"liter-per-kilometer":{"_name":"升/公里","other":"%1$s升/公里"},"mile-per-gallon":{"_name":"英里/加仑","other":"%1$s英里/加仑"}},"digital":{"bit":{"_name":"比特","other":"%1$s比特"},"byte":{"_name":"字节","other":"%1$s字节"},"gigabit":{"_name":"吉比特","other":"%1$s吉比特"},"gigabyte":{"_name":"吉字节","other":"%1$s吉字节"},"kilobit":{"_name":"千比特","other":"%1$s千比特"},"kilobyte":{"_name":"千字节","other":"%1$s千字节"},"megabit":{"_name":"兆比特","other":"%1$s兆比特"},"megabyte":{"_name":"兆字节","other":"%1$s兆字节"},"terabit":{"_name":"太比特","other":"%1$s太比特"},"terabyte":{"_name":"太字节","other":"%1$s太字节"}},"duration":{"day":{"_name":"天","other":"%1$s天"},"hour":{"_name":"小时","other":"%1$s小时","_per":"%1$s/小时"},"microsecond":{"_name":"微秒","other":"%1$s微秒"},"millisecond":{"_name":"毫秒","other":"%1$s毫秒"},"minute":{"_name":"分钟","other":"%1$s分钟"},"month":{"_name":"个月","other":"%1$s个月"},"nanosecond":{"_name":"纳秒","other":"%1$s纳秒"},"second":{"_name":"秒","other":"%1$s秒","_per":"%1$s/秒"},"week":{"_name":"周","other":"%1$s周"},"year":{"_name":"年","other":"%1$s年"}},"electric":{"ampere":{"_name":"安培","other":"%1$s安"},"milliampere":{"_name":"毫安","other":"%1$s毫安"},"ohm":{"_name":"欧姆","other":"%1$s欧"},"volt":{"_name":"伏特","other":"%1$s伏"}},"energy":{"calorie":{"_name":"卡","other":"%1$s卡"},"foodcalorie":{"_name":"卡","other":"%1$s卡"},"joule":{"_name":"焦耳","other":"%1$s焦耳"},"kilocalorie":{"_name":"千卡","other":"%1$s千卡"},"kilojoule":{"_name":"千焦","other":"%1$s千焦"},"kilowatt-hour":{"_name":"千瓦时","other":"%1$s千瓦时"}},"frequency":{"gigahertz":{"_name":"吉赫","other":"%1$s吉赫"},"hertz":{"_name":"赫兹","other":"%1$s赫"},"kilohertz":{"_name":"千赫","other":"%1$s千赫"},"megahertz":{"_name":"兆赫","other":"%1$s兆赫"}},"length":{"astronomical-unit":{"_name":"天文单位","other":"%1$s天文单位"},"centimeter":{"_name":"厘米","other":"%1$s厘米"},"decimeter":{"_name":"分米","other":"%1$s分米"},"fathom":{"_name":"fm","other":"%1$s fm"},"foot":{"_name":"英尺","other":"%1$s英尺"},"furlong":{"_name":"fur","other":"%1$s fur"},"inch":{"_name":"英寸","other":"%1$s英寸"},"kilometer":{"_name":"公里","other":"%1$s公里"},"light-year":{"_name":"光年","other":"%1$s ly"},"meter":{"_name":"米","other":"%1$s m"},"micrometer":{"_name":"微米","other":"%1$s微米"},"mile":{"_name":"英里","other":"%1$s英里"},"millimeter":{"_name":"毫米","other":"%1$s毫米"},"nanometer":{"_name":"纳米","other":"%1$s纳米"},"nautical-mile":{"_name":"海里","other":"%1$s海里"},"parsec":{"_name":"秒差距","other":"%1$s秒差距"},"picometer":{"_name":"皮米","other":"%1$s pm"},"yard":{"_name":"码","other":"%1$s yd"}},"light":{"lux":{"_name":"勒克斯","other":"%1$s勒克斯"}},"mass":{"carat":{"_name":"克拉","other":"%1$s克拉"},"gram":{"_name":"克","other":"%1$s克"},"kilogram":{"_name":"千克","other":"%1$s千克"},"metric-ton":{"_name":"公吨","other":"%1$s公吨"},"microgram":{"_name":"微克","other":"%1$s微克"},"milligram":{"_name":"毫克","other":"%1$s毫克"},"ounce":{"_name":"盎司","other":"%1$s盎司"},"ounce-troy":{"_name":"金衡制盎司","other":"%1$s金衡制盎司"},"pound":{"_name":"磅","other":"%1$s磅"},"stone":{"_name":"st","other":"%1$s st"},"ton":{"_name":"吨","other":"%1$s吨"}},"power":{"gigawatt":{"_name":"吉瓦","other":"%1$s吉瓦"},"horsepower":{"_name":"马力","other":"%1$s马力"},"kilowatt":{"_name":"千瓦","other":"%1$s千瓦"},"megawatt":{"_name":"兆瓦","other":"%1$s兆瓦"},"milliwatt":{"_name":"毫瓦","other":"%1$s毫瓦"},"watt":{"_name":"瓦特","other":"%1$s瓦"}},"pressure":{"hectopascal":{"_name":"百帕斯卡","other":"%1$s百帕"},"inch-hg":{"_name":"英寸汞柱","other":"%1$s英寸汞柱"},"millibar":{"_name":"毫巴","other":"%1$s毫巴"},"millimeter-of-mercury":{"_name":"毫米汞柱","other":"%1$s毫米汞柱"},"pound-per-square-inch":{"_name":"磅/平方英寸","other":"%1$s磅/平方英寸"}},"proportion":{"karat":{"_name":"克拉","other":"%1$s克拉"}},"speed":{"kilometer-per-hour":{"_name":"千米/小时","other":"%1$s千米/小时"},"meter-per-second":{"_name":"米/秒","other":"%1$s米/秒"},"mile-per-hour":{"_name":"英里/小时","other":"%1$s英里/小时"}},"temperature":{"celsius":{"_name":"摄氏度","other":"%1$s°C"},"fahrenheit":{"_name":"华氏度","other":"%1$s°F"},"generic":{"_name":"°","other":"%1$s°"},"kelvin":{"_name":"开","other":"%1$sK"}},"volume":{"acre-foot":{"_name":"英亩英尺","other":"%1$s英亩英尺"},"bushel":{"_name":"bu","other":"%1$s bu"},"centiliter":{"_name":"厘升","other":"%1$s厘升"},"cubic-centimeter":{"_name":"立方厘米","other":"%1$s立方厘米"},"cubic-foot":{"_name":"立方英尺","other":"%1$s立方英尺"},"cubic-inch":{"_name":"立方英寸","other":"%1$s立方英寸"},"cubic-kilometer":{"_name":"立方公里","other":"%1$s立方公里"},"cubic-meter":{"_name":"立方米","other":"%1$s立方米"},"cubic-mile":{"_name":"立方英里","other":"%1$s立方英里"},"cubic-yard":{"_name":"立方码","other":"%1$s立方码"},"cup":{"_name":"杯","other":"%1$s杯"},"deciliter":{"_name":"分升","other":"%1$s分升"},"fluid-ounce":{"_name":"液盎司","other":"%1$s液盎司"},"gallon":{"_name":"加仑","other":"%1$s加仑"},"hectoliter":{"_name":"公石","other":"%1$s公石"},"liter":{"_name":"公升","other":"%1$s升"},"megaliter":{"_name":"兆升","other":"%1$s兆升"},"milliliter":{"_name":"毫升","other":"%1$s毫升"},"pint":{"_name":"品脱","other":"%1$s品脱"},"quart":{"_name":"夸脱","other":"%1$s夸脱"},"tablespoon":{"_name":"汤匙","other":"%1$s汤匙"},"teaspoon":{"_name":"茶匙","other":"%1$s茶匙"}}},"narrow":{"_compoundPattern":"%1$s/%2$s","acceleration":{"g-force":{"_name":"G力","other":"%1$sG"},"meter-per-second-squared":{"_name":"米/秒²","other":"%1$s米/秒²"}},"angle":{"arc-minute":{"_name":"弧分","other":"%1$s′"},"arc-second":{"_name":"弧秒","other":"%1$s″"},"degree":{"_name":"度","other":"%1$s°"},"radian":{"_name":"弧度","other":"%1$s弧度"}},"area":{"acre":{"_name":"英亩","other":"%1$sac"},"hectare":{"_name":"公顷","other":"%1$sha"},"square-centimeter":{"_name":"平方厘米","other":"%1$s平方厘米"},"square-foot":{"_name":"平方英尺","other":"%1$sft²"},"square-inch":{"_name":"平方英寸","other":"%1$s平方英寸"},"square-kilometer":{"_name":"平方公里","other":"%1$skm²"},"square-meter":{"_name":"平方米","other":"%1$sm²"},"square-mile":{"_name":"平方英里","other":"%1$smi²"},"square-yard":{"_name":"平方码","other":"%1$s平方码"}},"consumption":{"liter-per-kilometer":{"_name":"升/公里","other":"%1$s升/公里"},"mile-per-gallon":{"_name":"英里/加仑","other":"%1$s英里/加仑"}},"digital":{"bit":{"_name":"比特","other":"%1$s比特"},"byte":{"_name":"字节","other":"%1$s字节"},"gigabit":{"_name":"吉比特","other":"%1$s吉比特"},"gigabyte":{"_name":"吉字节","other":"%1$s吉字节"},"kilobit":{"_name":"千比特","other":"%1$s千比特"},"kilobyte":{"_name":"千字节","other":"%1$s千字节"},"megabit":{"_name":"兆比特","other":"%1$s兆比特"},"megabyte":{"_name":"兆字节","other":"%1$s兆字节"},"terabit":{"_name":"太比特","other":"%1$s太比特"},"terabyte":{"_name":"太字节","other":"%1$s太字节"}},"duration":{"day":{"_name":"天","other":"%1$s天"},"hour":{"_name":"小时","other":"%1$s小时","_per":"%1$s/小时"},"microsecond":{"_name":"微秒","other":"%1$s微秒"},"millisecond":{"_name":"毫秒","other":"%1$s毫秒"},"minute":{"_name":"分钟","other":"%1$s分钟"},"month":{"_name":"个月","other":"%1$s个月"},"nanosecond":{"_name":"纳秒","other":"%1$s纳秒"},"second":{"_name":"秒","other":"%1$s秒","_per":"%1$s/秒"},"week":{"_name":"周","other":"%1$s周"},"year":{"_name":"年","other":"%1$s年"}},"electric":{"ampere":{"_name":"安培","other":"%1$s安"},"milliampere":{"_name":"毫安","other":"%1$s毫安"},"ohm":{"_name":"欧姆","other":"%1$s欧"},"volt":{"_name":"伏特","other":"%1$s伏"}},"energy":{"calorie":{"_name":"卡","other":"%1$s卡"},"foodcalorie":{"_name":"卡","other":"%1$s卡"},"joule":{"_name":"焦耳","other":"%1$s焦耳"},"kilocalorie":{"_name":"千卡","other":"%1$s千卡"},"kilojoule":{"_name":"千焦","other":"%1$s千焦"},"kilowatt-hour":{"_name":"千瓦时","other":"%1$s千瓦时"}},"frequency":{"gigahertz":{"_name":"吉赫","other":"%1$s吉赫"},"hertz":{"_name":"赫兹","other":"%1$s赫"},"kilohertz":{"_name":"千赫","other":"%1$s千赫"},"megahertz":{"_name":"兆赫","other":"%1$s兆赫"}},"length":{"astronomical-unit":{"_name":"天文单位","other":"%1$s天文单位"},"centimeter":{"_name":"厘米","other":"%1$s厘米"},"decimeter":{"_name":"分米","other":"%1$s分米"},"fathom":{"_name":"fm","other":"%1$s fm"},"foot":{"_name":"英尺","other":"%1$s′"},"furlong":{"_name":"fur","other":"%1$s fur"},"inch":{"_name":"英寸","other":"%1$s″"},"kilometer":{"_name":"公里","other":"%1$s公里"},"light-year":{"_name":"光年","other":"%1$sly"},"meter":{"_name":"米","other":"%1$s米"},"micrometer":{"_name":"微米","other":"%1$s微米"},"mile":{"_name":"英里","other":"%1$smi"},"millimeter":{"_name":"毫米","other":"%1$s毫米"},"nanometer":{"_name":"纳米","other":"%1$s纳米"},"nautical-mile":{"_name":"海里","other":"%1$s海里"},"parsec":{"_name":"秒差距","other":"%1$s秒差距"},"picometer":{"_name":"皮米","other":"%1$spm"},"yard":{"_name":"码","other":"%1$syd"}},"light":{"lux":{"_name":"勒克斯","other":"%1$s勒克斯"}},"mass":{"carat":{"_name":"克拉","other":"%1$s克拉"},"gram":{"_name":"克","other":"%1$s克"},"kilogram":{"_name":"千克","other":"%1$s千克"},"metric-ton":{"_name":"公吨","other":"%1$s公吨"},"microgram":{"_name":"微克","other":"%1$s微克"},"milligram":{"_name":"毫克","other":"%1$s毫克"},"ounce":{"_name":"盎司","other":"%1$s盎司"},"ounce-troy":{"_name":"金衡制盎司","other":"%1$s金衡制盎司"},"pound":{"_name":"磅","other":"%1$s磅"},"stone":{"_name":"st","other":"%1$s st"},"ton":{"_name":"吨","other":"%1$s吨"}},"power":{"gigawatt":{"_name":"吉瓦","other":"%1$s吉瓦"},"horsepower":{"_name":"马力","other":"%1$shp"},"kilowatt":{"_name":"千瓦","other":"%1$skW"},"megawatt":{"_name":"兆瓦","other":"%1$s兆瓦"},"milliwatt":{"_name":"毫瓦","other":"%1$s毫瓦"},"watt":{"_name":"瓦特","other":"%1$sW"}},"pressure":{"hectopascal":{"_name":"百帕斯卡","other":"%1$shPa"},"inch-hg":{"_name":"英寸汞柱","other":"%1$s\" Hg"},"millibar":{"_name":"毫巴","other":"%1$smb"},"millimeter-of-mercury":{"_name":"毫米汞柱","other":"%1$s毫米汞柱"},"pound-per-square-inch":{"_name":"磅/平方英寸","other":"%1$s磅/平方英寸"}},"proportion":{"karat":{"_name":"克拉","other":"%1$s克拉"}},"speed":{"kilometer-per-hour":{"_name":"千米/小时","other":"%1$s千米/小时"},"meter-per-second":{"_name":"米/秒","other":"%1$sm/s"},"mile-per-hour":{"_name":"英里/小时","other":"%1$smi/h"}},"temperature":{"celsius":{"_name":"摄氏度","other":"%1$s°"},"fahrenheit":{"_name":"华氏度","other":"%1$s°F"},"generic":{"_name":"°","other":"%1$s°"},"kelvin":{"_name":"开","other":"%1$sK"}},"volume":{"acre-foot":{"_name":"英亩英尺","other":"%1$s英亩英尺"},"bushel":{"_name":"bu","other":"%1$s bu"},"centiliter":{"_name":"厘升","other":"%1$s厘升"},"cubic-centimeter":{"_name":"立方厘米","other":"%1$s立方厘米"},"cubic-foot":{"_name":"立方英尺","other":"%1$s立方英尺"},"cubic-inch":{"_name":"立方英寸","other":"%1$s立方英寸"},"cubic-kilometer":{"_name":"立方公里","other":"%1$skm³"},"cubic-meter":{"_name":"立方米","other":"%1$s立方米"},"cubic-mile":{"_name":"立方英里","other":"%1$smi³"},"cubic-yard":{"_name":"立方码","other":"%1$s立方码"},"cup":{"_name":"杯","other":"%1$s杯"},"deciliter":{"_name":"分升","other":"%1$s分升"},"fluid-ounce":{"_name":"液盎司","other":"%1$s液盎司"},"gallon":{"_name":"加仑","other":"%1$s加仑"},"hectoliter":{"_name":"公石","other":"%1$s公石"},"liter":{"_name":"升","other":"%1$s升"},"megaliter":{"_name":"兆升","other":"%1$s兆升"},"milliliter":{"_name":"毫升","other":"%1$s毫升"},"pint":{"_name":"品脱","other":"%1$s品脱"},"quart":{"_name":"夸脱","other":"%1$s夸脱"},"tablespoon":{"_name":"汤匙","other":"%1$s汤匙"},"teaspoon":{"_name":"茶匙","other":"%1$s茶匙"}}},"_durationPattern":{"hm":"h:mm","hms":"h:mm:ss","ms":"m:ss"}}