{"months":{"format":{"abbreviated":{"1":"gen.","2":"febr.","3":"març","4":"abr.","5":"maig","6":"juny","7":"jul.","8":"ag.","9":"set.","10":"oct.","11":"nov.","12":"des."},"narrow":{"1":"GN","2":"FB","3":"MÇ","4":"AB","5":"MG","6":"JN","7":"JL","8":"AG","9":"ST","10":"OC","11":"NV","12":"DS"},"wide":{"1":"de gener","2":"de febrer","3":"de març","4":"d’abril","5":"de maig","6":"de juny","7":"de juliol","8":"d’agost","9":"de setembre","10":"d’octubre","11":"de novembre","12":"de desembre"}},"stand-alone":{"abbreviated":{"1":"gen.","2":"febr.","3":"març","4":"abr.","5":"maig","6":"juny","7":"jul.","8":"ag.","9":"set.","10":"oct.","11":"nov.","12":"des."},"narrow":{"1":"GN","2":"FB","3":"MÇ","4":"AB","5":"MG","6":"JN","7":"JL","8":"AG","9":"ST","10":"OC","11":"NV","12":"DS"},"wide":{"1":"gener","2":"febrer","3":"març","4":"abril","5":"maig","6":"juny","7":"juliol","8":"agost","9":"setembre","10":"octubre","11":"novembre","12":"desembre"}}},"days":{"format":{"abbreviated":{"sun":"dg.","mon":"dl.","tue":"dt.","wed":"dc.","thu":"dj.","fri":"dv.","sat":"ds."},"narrow":{"sun":"dg","mon":"dl","tue":"dt","wed":"dc","thu":"dj","fri":"dv","sat":"ds"},"short":{"sun":"dg.","mon":"dl.","tue":"dt.","wed":"dc.","thu":"dj.","fri":"dv.","sat":"ds."},"wide":{"sun":"diumenge","mon":"dilluns","tue":"dimarts","wed":"dimecres","thu":"dijous","fri":"divendres","sat":"dissabte"}},"stand-alone":{"abbreviated":{"sun":"dg.","mon":"dl.","tue":"dt.","wed":"dc.","thu":"dj.","fri":"dv.","sat":"ds."},"narrow":{"sun":"dg","mon":"dl","tue":"dt","wed":"dc","thu":"dj","fri":"dv","sat":"ds"},"short":{"sun":"dg.","mon":"dl.","tue":"dt.","wed":"dc.","thu":"dj.","fri":"dv.","sat":"ds."},"wide":{"sun":"diumenge","mon":"dilluns","tue":"dimarts","wed":"dimecres","thu":"dijous","fri":"divendres","sat":"dissabte"}}},"quarters":{"format":{"abbreviated":{"1":"1T","2":"2T","3":"3T","4":"4T"},"narrow":{"1":"1","2":"2","3":"3","4":"4"},"wide":{"1":"1r trimestre","2":"2n trimestre","3":"3r trimestre","4":"4t trimestre"}},"stand-alone":{"abbreviated":{"1":"1T","2":"2T","3":"3T","4":"4T"},"narrow":{"1":"1","2":"2","3":"3","4":"4"},"wide":{"1":"1r trimestre","2":"2n trimestre","3":"3r trimestre","4":"4t trimestre"}}},"dayPeriods":{"format":{"abbreviated":{"am":"a. m.","noon":"migdia","pm":"p. m."},"narrow":{"am":"a.m.","noon":"md","pm":"p.m."},"wide":{"am":"a. m.","noon":"migdia","pm":"p. m."}},"stand-alone":{"abbreviated":{"am":"a. m.","noon":"migdia","pm":"p. m."},"narrow":{"am":"a.m.","noon":"md","pm":"p.m."},"wide":{"am":"a. m.","noon":"migdia","pm":"p. m."}}},"eras":{"wide":{"0":"abans de Crist","0-alt-variant":"abans de l’Era Comuna","1":"després de Crist","1-alt-variant":"Era Comuna"},"abbreviated":{"0":"aC","0-alt-variant":"AEC","1":"dC","1-alt-variant":"EC"},"narrow":{"0":"aC","0-alt-variant":"a. de la n. e.","1":"dC","1-alt-variant":"de la n.e."}},"dateFormats":{"full":"EEEE, d MMMM 'de' y","long":"d MMMM 'de' y","medium":"d MMM y","short":"d/M/yy"},"timeFormats":{"full":"H:mm:ss zzzz","long":"H:mm:ss z","medium":"H:mm:ss","short":"H:mm"},"dateTimeFormats":{"full":"%2$s 'a les' %1$s","long":"%2$s, %1$s","medium":"%2$s , %1$s","short":"%2$s %1$s"}}