{"ADP":{"name":"pesseta andorrana","pluralName":{"one":"pesseta andorrana","other":"pessetes andorranes"}},"AED":{"name":"dírham de la UEA","pluralName":{"one":"dírham de la UEA","other":"dírhams de la UEA"}},"AFA":{"name":"afgani afganès (1927–2002)","pluralName":{"one":"afgani afganès (1927–2002)","other":"afganis afganesos (1927–2002)"}},"AFN":{"name":"afgani afganès","pluralName":{"one":"afgani afganès","other":"afganis afganesos"}},"ALK":{"name":"lek albanès (1946–1965)","pluralName":{"one":"lek albanès (1946–1965)","other":"lekë albanesos (1946–1965)"}},"ALL":{"name":"lek albanès","pluralName":{"one":"lek albanès","other":"lekë albanesos"}},"AMD":{"name":"dram armeni","pluralName":{"one":"dram armeni","other":"drams armenis"}},"ANG":{"name":"florí de les Antilles Neerlandeses","pluralName":{"one":"florí de les Antilles Neerlandeses","other":"florins de les Antilles Neerlandeses"}},"AOA":{"name":"kwanza angolès","pluralName":{"one":"kwanza angolès","other":"kwanzas angolesos"},"symbolNarrow":"Kz"},"AOK":{"name":"kwanza angolès (1977–1991)","pluralName":{"one":"kwanza angolès (1977–1991)","other":"kwanzas angolesos (1977–1991)"}},"AON":{"name":"nou kwanza angolès (1990–2000)","pluralName":{"one":"nou kwanza angolès (1990–2000)","other":"nous kwanzas angolesos (1990–2000)"}},"AOR":{"name":"kwanza angolès reajustat (1995–1999)","pluralName":{"one":"kwanza angolès reajustat (1995–1999)","other":"kwanzas angolesos (1995–1999)"}},"ARA":{"name":"austral argentí","pluralName":{"one":"austral argentí","other":"australs argentins"}},"ARL":{"name":"peso ley argentí (1970–1983)","pluralName":{"one":"peso ley argentí (1970–1983)","other":"pesos ley argentins (1970–1983)"}},"ARM":{"name":"peso argentí (1981–1970)","pluralName":{"one":"peso argentí moneda nacional","other":"pesos argentins moneda nacional"}},"ARP":{"name":"peso argentí (1983–1985)","pluralName":{"one":"peso argentí (1983–1985)","other":"pesos argentins (1983–1985)"}},"ARS":{"name":"peso argentí","pluralName":{"one":"peso argentí","other":"pesos argentins"},"symbolNarrow":"$"},"ATS":{"name":"xíling austríac","pluralName":{"one":"xíling austríac","other":"xílings austríacs"}},"AUD":{"symbol":"AU$","name":"dòlar australià","pluralName":{"one":"dòlar australià","other":"dòlars australians"},"symbolNarrow":"$"},"AWG":{"name":"florí d’Aruba","pluralName":{"one":"florí d’Aruba","other":"florins d’Aruba"}},"AZM":{"name":"manat azerbaidjanès (1993–2006)","pluralName":{"one":"manat azerbaidjanès (1993–2006)","other":"manats azerbaidjanesos (1993–2006)"}},"AZN":{"name":"manat azerbaidjanès","pluralName":{"one":"manat azerbaidjanès","other":"manats azerbaidjanesos"}},"BAD":{"name":"dinar de Bòsnia i Hercegovina (1992–1994)","pluralName":{"one":"dinar de Bòsnia i Hercegovina (1992–1994)","other":"dinars de Bòsnia i Hercegovina (1992–1994)"}},"BAM":{"name":"marc convertible de Bòsnia i Hercegovina","pluralName":{"one":"marc convertible de Bòsnia i Hercegovina","other":"marcs convertibles de Bòsnia i Hercegovina"},"symbolNarrow":"KM"},"BAN":{"name":"nou dinar de Bòsnia i Hercegovina (1994–1997)","pluralName":{"one":"nou dinar de Bòsnia i Hercegovina (1994–1997)","other":"nous dinars de Bòsnia i Hercegovina (1994–1997)"}},"BBD":{"name":"dòlar de Barbados","pluralName":{"one":"dòlar de Barbados","other":"dòlars de Barbados"},"symbolNarrow":"$"},"BDT":{"name":"taka de Bangla Desh","pluralName":{"one":"taka de Bangla Desh","other":"taka de Bangla Desh"},"symbolNarrow":"৳"},"BEC":{"name":"franc belga (convertible)","pluralName":{"one":"franc belga (convertible)","other":"francs belgues (convertibles)"}},"BEF":{"name":"franc belga","pluralName":{"one":"franc belga","other":"francs belgues"}},"BEL":{"name":"franc belga (financer)","pluralName":{"one":"franc belga (financer)","other":"francs belgues (financers)"}},"BGL":{"name":"lev fort búlgar","pluralName":{"one":"lev fort búlgar","other":"leva forts búlgars"}},"BGM":{"name":"lev socialista búlgar","pluralName":{"one":"lev socialista búlgar","other":"leva socialistes búlgars"}},"BGN":{"name":"lev búlgar","pluralName":{"one":"lev búlgar","other":"leva búlgars"}},"BGO":{"name":"lev búlgar (1879–1952)","pluralName":{"one":"lev búlgar (1879–1952)","other":"leva búlgars (1879–1952)"}},"BHD":{"name":"dinar de Bahrain","pluralName":{"one":"dinar de Bahrain","other":"dinars de Bahrain"}},"BIF":{"name":"franc de Burundi","pluralName":{"one":"franc de Burundi","other":"francs de Burundi"}},"BMD":{"name":"dòlar de les Bermudes","pluralName":{"one":"dòlar de les Bermudes","other":"dòlars de les Bermudes"},"symbolNarrow":"$"},"BND":{"name":"dòlar de Brunei","pluralName":{"one":"dòlar de Brunei","other":"dòlars de Brunei"},"symbolNarrow":"$"},"BOB":{"name":"bolivià","pluralName":{"one":"bolivià","other":"bolivians"},"symbolNarrow":"Bs"},"BOL":{"name":"boliviano bolivià (1863–1963)","pluralName":{"one":"boliviano bolivià (1863–1963)","other":"bolivianos bolivians (1863–1963)"}},"BOP":{"name":"peso bolivià","pluralName":{"one":"peso bolivià","other":"pesos bolivians"}},"BOV":{"name":"MVDOL bolivià","pluralName":{"one":"MVDOL bolivià","other":"MVDOL bolivians"}},"BRB":{"name":"cruzeiro novo brasiler (1967–1986)","pluralName":{"one":"cruzeiro novo brasiler (1967–1986)","other":"cruzeiros novos brasilers (1967–1986)"}},"BRC":{"name":"cruzado brasiler","pluralName":{"one":"cruzado brasiler","other":"cruzados brasilers"}},"BRE":{"name":"cruzeiro brasiler (1990–1993)","pluralName":{"one":"cruzeiro brasiler (1990–1993)","other":"cruzeiros brasilers (1990–1993)"}},"BRL":{"name":"real brasiler","pluralName":{"one":"real brasiler","other":"reals brasilers"},"symbolNarrow":"R$"},"BRN":{"name":"cruzado novo brasiler","pluralName":{"one":"cruzado novo brasiler","other":"cruzados novos brasilers"}},"BRR":{"name":"cruzeiro brasiler","pluralName":{"one":"cruzeiro brasiler","other":"cruzeiros brasilers"}},"BRZ":{"name":"antic cruzeiro brasiler","pluralName":{"one":"antic cruzeiro brasiler","other":"antics cruzeiros brasilers"}},"BSD":{"name":"dòlar de les Bahames","pluralName":{"one":"dòlar de les Bahames","other":"dòlars de les Bahames"},"symbolNarrow":"$"},"BTN":{"name":"ngultrum de Bhutan","pluralName":{"one":"ngultrum de Bhutan","other":"ngultrums de Bhutan"}},"BUK":{"name":"kyat birmà","pluralName":{"one":"kyat birmà","other":"kyats birmans"}},"BWP":{"name":"pula de Botswana","pluralName":{"one":"pula de Botswana","other":"pula de Botswana"},"symbolNarrow":"P"},"BYB":{"name":"nou ruble bielorús (1994–1999)","pluralName":{"one":"nou ruble bielorús (1994–1999)","other":"nous rubles bielorussos (1994–1999)"}},"BYR":{"name":"ruble bielorús","pluralName":{"one":"ruble bielorús","other":"rubles bielorussos"},"symbolNarrow":"р."},"BZD":{"name":"dòlar de Belize","pluralName":{"one":"dòlar de Belize","other":"dòlars de Belize"},"symbolNarrow":"USD"},"CAD":{"name":"dòlar canadenc","pluralName":{"one":"dòlar canadenc","other":"dòlars canadencs"},"symbolNarrow":"$"},"CDF":{"name":"franc congolès","pluralName":{"one":"franc congolès","other":"francs congolesos"}},"CHE":{"name":"euro WIR","pluralName":{"one":"euro WIR","other":"euros WIR"}},"CHF":{"name":"franc suís","pluralName":{"one":"franc suís","other":"francs suïssos"}},"CHW":{"name":"franc WIR","pluralName":{"one":"franc WIR","other":"francs WIR"}},"CLE":{"name":"escut xilè","pluralName":{"one":"escudo xilè","other":"escudos xilens"}},"CLF":{"name":"unidad de fomento xilena","pluralName":{"one":"unidad de fomento xilena","other":"unidades de fomento xilenes"}},"CLP":{"name":"peso xilè","pluralName":{"one":"peso xilè","other":"pesos xilens"},"symbolNarrow":"$"},"CNX":{"pluralName":{"one":"dòlar del Banc Popular Xinès","other":"dòlars del Banc Popular Xinès"},"name":"dòlar del Banc Popular Xinès"},"CNY":{"symbol":"¥","name":"iuan xinès","pluralName":{"one":"iuan xinès","other":"iuan xinesos"},"symbolNarrow":"¥"},"COP":{"name":"peso colombià","pluralName":{"one":"peso colombià","other":"pesos colombians"},"symbolNarrow":"$"},"COU":{"name":"unidad de valor real colombiana","pluralName":{"one":"unidad de valor real colombiana","other":"unidades de valor real colombianes"}},"CRC":{"name":"colón costa-riqueny","pluralName":{"one":"colón costa-riqueny","other":"colones costa-riquenys"},"symbolNarrow":"₡"},"CSD":{"name":"dinar serbi antic","pluralName":{"one":"dinar serbi antic","other":"dinars serbis antics"}},"CSK":{"name":"corona forta txecoslovaca","pluralName":{"one":"corona forta txecoslovaca","other":"corones fortes txecoslovaques"}},"CUC":{"name":"peso convertible cubà","pluralName":{"one":"peso convertible cubà","other":"pesos convertibles cubans"},"symbolNarrow":"$"},"CUP":{"name":"peso cubà","pluralName":{"one":"peso cubà","other":"pesos cubans"},"symbolNarrow":"$"},"CVE":{"name":"escut de Cap Verd","pluralName":{"one":"escut de Cap Verd","other":"escuts de Cap Verd"}},"CYP":{"name":"lliura xipriota","pluralName":{"one":"lliura xipriota","other":"lliures xipriotes"}},"CZK":{"name":"corona txeca","pluralName":{"one":"corona txeca","other":"corones txeques"},"symbolNarrow":"Kč"},"DDM":{"name":"marc de l’Alemanya Oriental","pluralName":{"one":"marc de l’Alemanya Oriental","other":"marcs de l’Alemanya Oriental"}},"DEM":{"name":"marc alemany","pluralName":{"one":"marc alemany","other":"marcs alemanys"}},"DJF":{"name":"franc de Djibouti","pluralName":{"one":"franc de Djibouti","other":"francs de Djibouti"}},"DKK":{"name":"corona danesa","pluralName":{"one":"corona danesa","other":"corones daneses"},"symbolNarrow":"kr"},"DOP":{"name":"peso dominicà","pluralName":{"one":"peso dominicà","other":"pesos dominicans"},"symbolNarrow":"$"},"DZD":{"name":"dinar algerià","pluralName":{"one":"dinar algerià","other":"dinars algerians"}},"ECS":{"name":"sucre equatorià","pluralName":{"one":"sucre equatorià","other":"sucres equatorians"}},"ECV":{"name":"unidad de valor constante (UVC) equatoriana","pluralName":{"one":"unidad de valor constante (UVC) equatoriana","other":"unidades de valor constante (UVC) equatorianes"}},"EEK":{"name":"corona estoniana","pluralName":{"one":"corona estoniana","other":"corones estonianes"}},"EGP":{"name":"lliura egípcia","pluralName":{"one":"lliura egípcia","other":"lliures egípcies"},"symbolNarrow":"E£"},"ERN":{"name":"nakfa eritreu","pluralName":{"one":"nakfa eritreu","other":"nakfes eritreus"}},"ESA":{"name":"pesseta espanyola (compte A)","pluralName":{"one":"pesseta espanyola (compte A)","other":"pessetes espanyoles (compte A)"}},"ESB":{"name":"pesseta espanyola (compte convertible)","pluralName":{"one":"pesseta espanyola (compte convertible)","other":"pessetes espanyoles (compte convertible)"}},"ESP":{"pattern":"¤ #,##0.00","symbol":"₧","decimal":",","group":".","name":"pesseta espanyola","pluralName":{"one":"pesseta espanyola","other":"pessetes espanyoles"},"symbolNarrow":"₧"},"ETB":{"name":"birr etíop","pluralName":{"one":"birr etíop","other":"birrs etíops"}},"EUR":{"symbol":"€","name":"euro","pluralName":{"one":"euro","other":"euros"},"symbolNarrow":"€"},"FIM":{"name":"marc finlandès","pluralName":{"one":"marc finlandès","other":"marcs finlandesos"}},"FJD":{"name":"dòlar fijià","pluralName":{"one":"dòlar fijià","other":"dòlars fijians"},"symbolNarrow":"$"},"FKP":{"name":"lliura de les illes Malvines","pluralName":{"one":"lliura de les illes Malvines","other":"lliures de les illes Malvines"},"symbolNarrow":"£"},"FRF":{"name":"franc francès","pluralName":{"one":"franc francès","other":"francs francesos"}},"GBP":{"symbol":"£","name":"lliura britànica","pluralName":{"one":"lliura britànica","other":"lliures britàniques"},"symbolNarrow":"£"},"GEK":{"name":"cupó de lari georgià","pluralName":{"one":"cupó de lari georgià","other":"cupons de lari georgians"}},"GEL":{"name":"lari georgià","pluralName":{"one":"lari georgià","other":"laris georgians"}},"GHC":{"name":"cedi ghanès (1979–2007)","pluralName":{"one":"cedi ghanès (1979–2007)","other":"cedis ghanesos (1979–2007)"}},"GHS":{"name":"cedi ghanès","pluralName":{"one":"cedi ghanès","other":"cedis ghanesos"}},"GIP":{"name":"lliura de Gibraltar","pluralName":{"one":"lliura de Gibraltar","other":"lliures de Gibraltar"},"symbolNarrow":"£"},"GMD":{"name":"dalasi gambià","pluralName":{"one":"dalasi gambià","other":"dalasis gambians"}},"GNF":{"name":"franc guineà","pluralName":{"one":"franc guineà","other":"francs guineans"},"symbolNarrow":"FG"},"GNS":{"name":"syli guineà","pluralName":{"one":"syli guineà","other":"sylis guineans"}},"GQE":{"name":"ekwele de Guinea Equatorial","pluralName":{"one":"ekwele de Guinea Equatorial","other":"bipkwele de Guinea Equatorial"}},"GRD":{"name":"dracma grega","pluralName":{"one":"dracma grega","other":"dracmes gregues"}},"GTQ":{"name":"quetzal guatemalenc","pluralName":{"one":"quetzal guatemalenc","other":"quetzals guatemalencs"},"symbolNarrow":"Q"},"GWE":{"name":"escut de la Guinea Portuguesa","pluralName":{"one":"escut de la Guinea Portuguesa","other":"escuts de la Guinea Portuguesa"}},"GWP":{"name":"peso de Guinea Bissau","pluralName":{"one":"peso de Guinea Bissau","other":"pesos de Guinea Bissau"}},"GYD":{"name":"dòlar de Guyana","pluralName":{"one":"dòlar de Guyana","other":"dòlars de Guyana"},"symbolNarrow":"$"},"HKD":{"symbol":"HK$","name":"dòlar de Hong Kong","pluralName":{"one":"dòlar de Hong Kong","other":"dòlars de Hong Kong"},"symbolNarrow":"$"},"HNL":{"name":"lempira hondurenya","pluralName":{"one":"lempira hondurenya","other":"lempires hondurenyes"},"symbolNarrow":"L"},"HRD":{"name":"dinar croat","pluralName":{"one":"dinar croat","other":"dinars croats"}},"HRK":{"name":"kuna croata","pluralName":{"one":"kuna croata","other":"kunes croates"},"symbolNarrow":"kn"},"HTG":{"name":"gourde haitià","pluralName":{"one":"gourde haitià","other":"gourdes haitians"}},"HUF":{"name":"fòrint hongarès","pluralName":{"one":"fòrint hongarès","other":"fòrints hongaresos"},"symbolNarrow":"Ft"},"IDR":{"name":"rupia indonèsia","pluralName":{"one":"rupia indonèsia","other":"rupies indonèsies"},"symbolNarrow":"Rp"},"IEP":{"name":"lliura irlandesa","pluralName":{"one":"lliura irlandesa","other":"lliures irlandeses"}},"ILP":{"name":"lliura israeliana","pluralName":{"one":"lliura israeliana","other":"lliures israelianes"}},"ILR":{"name":"xéquel israelià","pluralName":{"one":"xéquel israelià","other":"xéquel israelià"}},"ILS":{"symbol":"₪","name":"nou xéquel israelià","pluralName":{"one":"nou xéquel israelià","other":"nous xéquels israelians"},"symbolNarrow":"₪"},"INR":{"symbol":"₹","name":"rupia índia","pluralName":{"one":"rupia índia","other":"rupies índies"},"symbolNarrow":"₹"},"IQD":{"name":"dinar iraquià","pluralName":{"one":"dinar iraquià","other":"dinars iraquians"}},"IRR":{"name":"rial iranià","pluralName":{"one":"rial iranià","other":"rials iranians"}},"ISJ":{"name":"corona islandesa antiga","pluralName":{"one":"corona islandesa antiga","other":"corones islandeses antigues"}},"ISK":{"name":"corona islandesa","pluralName":{"one":"corona islandesa","other":"corones islandeses"},"symbolNarrow":"kr"},"ITL":{"name":"lira italiana","pluralName":{"one":"lira italiana","other":"lires italianes"}},"JMD":{"name":"dòlar jamaicà","pluralName":{"one":"dòlar jamaicà","other":"dòlars jamaicans"},"symbolNarrow":"$"},"JOD":{"name":"dinar jordà","pluralName":{"one":"dinar jordà","other":"dinars jordans"}},"JPY":{"symbol":"JP¥","name":"ien japonès","pluralName":{"one":"ien japonès","other":"iens japonesos"},"symbolNarrow":"¥"},"KES":{"name":"xíling kenyà","pluralName":{"one":"xíling kenyà","other":"xílings kenyans"}},"KGS":{"name":"som kirguís","pluralName":{"one":"som kirguís","other":"soms kirguisos"}},"KHR":{"name":"riel cambodjà","pluralName":{"one":"riel cambodjà","other":"riels cambodjans"},"symbolNarrow":"៛"},"KMF":{"name":"franc de les Comores","pluralName":{"one":"franc de les Comores","other":"francs de les Comores"},"symbolNarrow":"CF"},"KPW":{"name":"won nord-coreà","pluralName":{"one":"won nord-coreà","other":"wons nord-coreans"},"symbolNarrow":"₩"},"KRH":{"name":"hwan sud-coreà (1953–1962)","pluralName":{"one":"hwan sud-coreà","other":"hwans sud-coreans"}},"KRO":{"name":"antic won sud-coreà","pluralName":{"one":"antic won sud-coreà","other":"antics wons sud-coreans"}},"KRW":{"symbol":"₩","name":"won sud-coreà","pluralName":{"one":"won sud-coreà","other":"wons sud-coreans"},"symbolNarrow":"₩"},"KWD":{"name":"dinar kuwaitià","pluralName":{"one":"dinar kuwaitià","other":"dinars kuwaitians"}},"KYD":{"name":"dòlar de les illes Caiman","pluralName":{"one":"dòlar de les illes Caiman","other":"dòlars de les illes Caiman"},"symbolNarrow":"$"},"KZT":{"name":"tenge kazakh","pluralName":{"one":"tenge kazakh","other":"tenges kazakhs"},"symbolNarrow":"₸"},"LAK":{"name":"kip laosià","pluralName":{"one":"kip laosià","other":"kips laosians"},"symbolNarrow":"₭"},"LBP":{"name":"lliura libanesa","pluralName":{"one":"lliura libanesa","other":"lliures libaneses"},"symbolNarrow":"L£"},"LKR":{"name":"rupia de Sri Lanka","pluralName":{"one":"rupia de Sri Lanka","other":"rupies de Sri Lanka"},"symbolNarrow":"Rs"},"LRD":{"name":"dòlar liberià","pluralName":{"one":"dòlar liberià","other":"dòlars liberians"},"symbolNarrow":"$"},"LSL":{"name":"loti de Lesotho","pluralName":{"one":"loti de Lesotho","other":"maloti de Lesotho"}},"LTL":{"name":"litas lituà","pluralName":{"one":"litas lituà","other":"litai lituans"},"symbolNarrow":"Lt"},"LTT":{"name":"talonas lituà","pluralName":{"one":"talonas lituà","other":"talonai lituans"}},"LUC":{"name":"franc convertible luxemburguès","pluralName":{"one":"franc convertible luxemburguès","other":"francs convertibles luxemburguesos"}},"LUF":{"name":"franc luxemburguès","pluralName":{"one":"franc luxemburguès","other":"francs luxemburguesos"}},"LUL":{"name":"franc financer luxemburguès","pluralName":{"one":"franc financer luxemburguès","other":"francs financers luxemburguesos"}},"LVL":{"name":"lats letó","pluralName":{"one":"lats letó","other":"lati letons"},"symbolNarrow":"Ls"},"LVR":{"name":"ruble letó","pluralName":{"one":"ruble letó","other":"rubles letons"}},"LYD":{"name":"dinar libi","pluralName":{"one":"dinar libi","other":"dinars libis"}},"MAD":{"name":"dírham marroquí","pluralName":{"one":"dírham marroquí","other":"dírhams marroquins"}},"MAF":{"name":"franc marroquí","pluralName":{"one":"franc marroquí","other":"francs marroquins"}},"MCF":{"name":"franc monegasc","pluralName":{"one":"franc monegasc","other":"francs monegascos"}},"MDC":{"name":"cupó moldau","pluralName":{"one":"cupó moldau","other":"cupons moldaus"}},"MDL":{"name":"leu moldau","pluralName":{"one":"leu moldau","other":"lei moldaus"}},"MGA":{"name":"ariary malgaix","pluralName":{"one":"ariary malgaix","other":"ariarys malgaixos"},"symbolNarrow":"Ar"},"MGF":{"name":"franc malgaix","pluralName":{"one":"franc malgaix","other":"francs malgaixos"}},"MKD":{"name":"denar macedoni","pluralName":{"one":"denar macedoni","other":"denari macedonis"}},"MKN":{"name":"denar macedoni (1992–1993)","pluralName":{"one":"denar macedoni (1992–1993)","other":"denari macedonis (1992–1993)"}},"MLF":{"name":"franc malià","pluralName":{"one":"franc malià","other":"francs malians"}},"MMK":{"name":"kyat de Myanmar","pluralName":{"one":"kyat de Myanmar","other":"kyats de Myanmar"},"symbolNarrow":"K"},"MNT":{"name":"tögrög mongol","pluralName":{"one":"tögrög mongol","other":"tögrögs mongols"},"symbolNarrow":"₮"},"MOP":{"name":"pataca de Macau","pluralName":{"one":"pataca de Macau","other":"pataques de Macau"}},"MRO":{"name":"ouguiya maurità","pluralName":{"one":"ouguiya maurità","other":"ouguiyas mauritans"}},"MTL":{"name":"lira maltesa","pluralName":{"one":"lira maltesa","other":"lires malteses"}},"MTP":{"name":"lliura maltesa","pluralName":{"one":"lliura maltesa","other":"lliures malteses"}},"MUR":{"name":"rupia mauriciana","pluralName":{"one":"rupia mauriciana","other":"rupies mauricianes"},"symbolNarrow":"Rs"},"MVR":{"name":"rupia de les Maldives","pluralName":{"one":"rupia de les Maldives","other":"rupies de les Maldives"}},"MWK":{"name":"kwacha malawià","pluralName":{"one":"kwacha malawià","other":"kwachas malawians"}},"MXN":{"name":"peso mexicà","pluralName":{"one":"peso mexicà","other":"pesos mexicans"},"symbolNarrow":"$"},"MXP":{"name":"peso de plata mexicà (1861–1992)","pluralName":{"one":"peso de plata mexicà (1861–1992)","other":"pesos de plata mexicans (1861–1992)"}},"MXV":{"name":"unidad de inversión (UDI) mexicana","pluralName":{"one":"unidad de inversión (UDI) mexicana","other":"unidades de inversión (UDI) mexicanes"}},"MYR":{"name":"ringgit de Malàisia","pluralName":{"one":"ringgit de Malàisia","other":"ringgits de Malàisia"},"symbolNarrow":"RM"},"MZE":{"name":"escut moçambiquès","pluralName":{"one":"escut moçambiquès","other":"escuts moçambiquesos"}},"MZM":{"name":"antic metical moçambiquès","pluralName":{"one":"antic metical moçambiquès","other":"antics meticals moçambiquesos"}},"MZN":{"name":"metical moçambiquès","pluralName":{"one":"metical moçambiquès","other":"meticals moçambiquesos"}},"NAD":{"name":"dòlar namibià","pluralName":{"one":"dòlar namibià","other":"dòlars namibians"},"symbolNarrow":"$"},"NGN":{"name":"naira nigerià","pluralName":{"one":"naira nigerià","other":"naires nigerians"},"symbolNarrow":"₦"},"NIC":{"name":"córdoba nicaragüenca","pluralName":{"one":"córdoba nicaragüenca","other":"córdobas nicaragüenques"}},"NIO":{"name":"córdoba oro nicaragüenca","pluralName":{"one":"córdoba oro nicaragüenca","other":"córdobas oro nicaragüenques"},"symbolNarrow":"C$"},"NLG":{"name":"florí neerlandès","pluralName":{"one":"florí neerlandès","other":"florins neerlandesos"}},"NOK":{"name":"corona noruega","pluralName":{"one":"corona noruega","other":"corones noruegues"},"symbolNarrow":"kr"},"NPR":{"name":"rupia nepalesa","pluralName":{"one":"rupia nepalesa","other":"rupies nepaleses"},"symbolNarrow":"Rs"},"NZD":{"symbol":"NZ$","name":"dòlar neozelandès","pluralName":{"one":"dòlar neozelandès","other":"dòlars neozelandesos"},"symbolNarrow":"$"},"OMR":{"name":"rial omanita","pluralName":{"one":"rial omanita","other":"rials omanites"}},"PAB":{"name":"balboa panameny","pluralName":{"one":"balboa panameny","other":"balboes panamenys"}},"PEI":{"name":"inti peruà","pluralName":{"one":"inti peruà","other":"intis peruans"}},"PEN":{"name":"nou sol peruà","pluralName":{"one":"nou sol peruà","other":"nous sols peruans"}},"PES":{"name":"sol peruà","pluralName":{"one":"sol peruà","other":"sols peruans"}},"PGK":{"name":"kina de Papua Nova Guinea","pluralName":{"one":"kina de Papua Nova Guinea","other":"kines de Papua Nova Guinea"}},"PHP":{"name":"peso filipí","pluralName":{"one":"peso filipí","other":"pesos filipins"},"symbolNarrow":"₱"},"PKR":{"name":"rupia pakistanesa","pluralName":{"one":"rupia pakistanesa","other":"rupies pakistaneses"},"symbolNarrow":"Rs"},"PLN":{"name":"zloty polonès","pluralName":{"one":"zloty polonès","other":"zlote polonesos"},"symbolNarrow":"zł"},"PLZ":{"name":"zloty polonès (1950–1995)","pluralName":{"one":"zloty polonès (1950–1995)","other":"zlote polonesos (1950–1995)"}},"PTE":{"name":"escut portuguès","pluralName":{"one":"escut portuguès","other":"escuts portuguesos"}},"PYG":{"name":"guaraní paraguaià","pluralName":{"one":"guaraní paraguaià","other":"guaranís paraguaians"},"symbolNarrow":"₲"},"QAR":{"name":"rial de Qatar","pluralName":{"one":"rial de Qatar","other":"rials qatarians"}},"RHD":{"name":"dòlar rhodesià","pluralName":{"one":"dòlar rhodesià","other":"dòlars rhodesians"}},"ROL":{"name":"antic leu romanès","pluralName":{"one":"antic leu romanès","other":"antics lei romanesos"}},"RON":{"name":"leu romanès","pluralName":{"one":"leu romanès","other":"lei romanesos"}},"RSD":{"name":"dinar serbi","pluralName":{"one":"dinar serbi","other":"dinars serbis"}},"RUB":{"name":"ruble rus","pluralName":{"one":"ruble rus","other":"rubles russos"},"symbolAlt":"₽"},"RUR":{"name":"ruble rus (1991–1998)","pluralName":{"one":"ruble rus (1991–1998)","other":"rubles russos (1991–1998)"},"symbolNarrow":"р."},"RWF":{"name":"franc de Ruanda","pluralName":{"one":"franc de Ruanda","other":"francs de Ruanda"},"symbolNarrow":"RF"},"SAR":{"name":"rial saudita","pluralName":{"one":"rial saudita","other":"rials saudites"}},"SBD":{"name":"dòlar de les illes Salomó","pluralName":{"one":"dòlar de les illes Salomó","other":"dòlars de les illes Salomó"},"symbolNarrow":"$"},"SCR":{"name":"rupia de les Seychelles","pluralName":{"one":"rupia de les Seychelles","other":"rupies de les Seychelles"}},"SDD":{"name":"dinar sudanès","pluralName":{"one":"dinar sudanès","other":"dinars sudanesos"}},"SDG":{"name":"lliura sudanesa","pluralName":{"one":"lliura sudanesa","other":"lliures sudaneses"}},"SDP":{"name":"antiga lliura sudanesa","pluralName":{"one":"antiga lliura sudanesa","other":"antigues lliures sudaneses"}},"SEK":{"name":"corona sueca","pluralName":{"one":"corona sueca","other":"corones sueques"},"symbolNarrow":"kr"},"SGD":{"name":"dòlar de Singapur","pluralName":{"one":"dòlar de Singapur","other":"dòlars de Singapur"},"symbolNarrow":"$"},"SHP":{"name":"lliura de Santa Helena","pluralName":{"one":"lliura de Santa Helena","other":"lliures de Santa Helena"},"symbolNarrow":"£"},"SIT":{"name":"tolar eslovè","pluralName":{"one":"tolar eslovè","other":"tolars eslovens"}},"SKK":{"name":"corona eslovaca","pluralName":{"one":"corona eslovaca","other":"corones eslovaques"}},"SLL":{"name":"leone de Sierra Leone","pluralName":{"one":"leone de Sierra Leone","other":"leones de Sierra Leone"}},"SOS":{"name":"xíling somali","pluralName":{"one":"xíling somali","other":"xílings somalis"}},"SRD":{"name":"dòlar de Surinam","pluralName":{"one":"dòlar de Surinam","other":"dòlars de Surinam"},"symbolNarrow":"$"},"SRG":{"name":"florí de Surinam","pluralName":{"one":"florí de Surinam","other":"florins de Surinam"}},"SSP":{"name":"lliura del Sudan del Sud","pluralName":{"one":"lliura del Sudan del Sud","other":"lliures del Sudan del Sud"},"symbolNarrow":"£"},"STD":{"name":"dobra de São Tomé i Príncipe","pluralName":{"one":"dobra de São Tomé i Príncipe","other":"dobras de São Tomé i Príncipe"},"symbolNarrow":"Db"},"SUR":{"name":"ruble soviètic","pluralName":{"one":"ruble soviètic","other":"rubles soviètics"}},"SVC":{"name":"colón salvadorenc","pluralName":{"one":"colón salvadorenc","other":"colones salvadorencs"}},"SYP":{"name":"lliura síria","pluralName":{"one":"lliura síria","other":"lliures síries"},"symbolNarrow":"£"},"SZL":{"name":"lilangeni swazi","pluralName":{"one":"lilangeni swazi","other":"emalangeni swazis"}},"THB":{"symbol":"฿","name":"baht tailandès","pluralName":{"one":"baht tailandès","other":"bahts tailandesos"},"symbolNarrow":"฿"},"TJR":{"name":"ruble tadjik","pluralName":{"one":"ruble tadjik","other":"rubles tadjiks"}},"TJS":{"name":"somoni tadjik","pluralName":{"one":"somoni tadjik","other":"somonis tadjiks"}},"TMM":{"name":"manat turcman (1993–2009)","pluralName":{"one":"manat turcman (1993–2009)","other":"manats turcmans (1993–2009)"}},"TMT":{"name":"manat turcman","pluralName":{"one":"manat turcman","other":"manats turcmans"}},"TND":{"name":"dinar tunisià","pluralName":{"one":"dinar tunisià","other":"dinars tunisians"}},"TOP":{"name":"pa‘anga tongà","pluralName":{"one":"pa‘anga tongà","other":"pa‘angas tongans"},"symbolNarrow":"T$"},"TPE":{"name":"escut de Timor","pluralName":{"one":"escut de Timor","other":"escuts de Timor"}},"TRL":{"name":"lira turca (1922–2005)","pluralName":{"one":"lira turca (1922–2005)","other":"lires turques (1922–2005)"}},"TRY":{"name":"lira turca","pluralName":{"one":"lira turca","other":"lires turques"},"symbolNarrow":"₺","symbolAlt":"TL"},"TTD":{"name":"dòlar de Trinitat i Tobago","pluralName":{"one":"dòlar de Trinitat i Tobago","other":"dòlars de Trinitat i Tobago"},"symbolNarrow":"$"},"TWD":{"symbol":"NT$","name":"nou dòlar de Taiwan","pluralName":{"one":"nou dòlar de Taiwan","other":"nous dòlars de Taiwan"},"symbolNarrow":"NT$"},"TZS":{"name":"xíling tanzà","pluralName":{"one":"xíling tanzà","other":"xílings tanzans"}},"UAH":{"name":"hrívnia ucraïnesa","pluralName":{"one":"hrívnia ucraïnesa","other":"hrívnies ucraïneses"},"symbolNarrow":"₴"},"UAK":{"name":"karbóvanets ucraïnès","pluralName":{"one":"karbóvanets ucraïnès","other":"karbóvantsiv ucraïnesos"}},"UGS":{"name":"xíling ugandès (1966–1987)","pluralName":{"one":"xíling ugandès (1966–1987)","other":"xílings ugandesos (1966–1987)"}},"UGX":{"name":"xíling ugandès","pluralName":{"one":"xíling ugandès","other":"xílings ugandesos"}},"USD":{"name":"dòlar dels Estats Units","pluralName":{"one":"dòlar dels Estats Units","other":"dòlars dels Estats Units"},"symbolNarrow":"$"},"USN":{"name":"dòlar dels Estats Units (dia següent)","pluralName":{"one":"dòlar dels Estats Units (dia següent)","other":"dòlars dels Estats Units (dia següent)"}},"USS":{"name":"dòlar dels Estats Units (mateix dia)","pluralName":{"one":"dòlar dels Estats Units (mateix dia)","other":"dòlars dels Estats Units (mateix dia)"}},"UYI":{"name":"peso uruguaià en unitats indexades","pluralName":{"one":"peso uruguaià en unitats indexades","other":"pesos uruguaians en unitats indexades"}},"UYP":{"name":"peso uruguaià (1975–1993)","pluralName":{"one":"peso uruguaià (1975–1993)","other":"pesos uruguaians (1975–1993)"}},"UYU":{"name":"peso uruguaià","pluralName":{"one":"peso uruguaià","other":"pesos uruguaians"},"symbolNarrow":"$"},"UZS":{"name":"som uzbek","pluralName":{"one":"som uzbek","other":"soms uzbeks"}},"VEB":{"name":"bolívar veneçolà (1871–2008)","pluralName":{"one":"bolívar veneçolà (1871–2008)","other":"bolívars veneçolans (1871–2008)"}},"VEF":{"name":"bolívar veneçolà","pluralName":{"one":"bolívar veneçolà","other":"bolívars veneçolans"},"symbolNarrow":"Bs"},"VND":{"symbol":"₫","name":"dong vietnamita","pluralName":{"one":"dong vietnamita","other":"dongs vietnamites"},"symbolNarrow":"₫"},"VNN":{"name":"dong vietnamita (1978–1985)","pluralName":{"one":"dong vietnamita (1978–1985)","other":"dongs vietnamites (1978–1985)"}},"VUV":{"name":"vatu de Vanuatu","pluralName":{"one":"vatu de Vanuatu","other":"vatus de Vanuatu"}},"WST":{"name":"tala samoà","pluralName":{"one":"tala samoà","other":"tales samoans"}},"XAF":{"symbol":"FCFA","name":"franc CFA BEAC","pluralName":{"one":"franc CFA BEAC","other":"francs CFA BEAC"}},"XAG":{"name":"plata","pluralName":{"one":"plata","other":"plata"}},"XAU":{"name":"or","pluralName":{"one":"or","other":"or"}},"XBA":{"name":"unitat compensatòria europea","pluralName":{"one":"unitat compensatòria europea","other":"unitats compensatòries europees"}},"XBB":{"name":"unitat monetària europea","pluralName":{"one":"unitat monetària europea","other":"unitats monetàries europees"}},"XBC":{"name":"unitat de compte europea (XBC)","pluralName":{"one":"unitat de compte europea (XBC)","other":"unitats de compte europees (XBC)"}},"XBD":{"name":"unitat de compte europea (XBD)","pluralName":{"one":"unitat de compte europea (XBD)","other":"unitats de compte europees (XBD)"}},"XCD":{"name":"dòlar del Carib Oriental","pluralName":{"one":"dòlar del Carib Oriental","other":"dòlars del Carib Oriental"},"symbolNarrow":"$"},"XDR":{"name":"drets especials de gir","pluralName":{"one":"drets especials de gir","other":"drets especials de gir"}},"XEU":{"name":"unitat de moneda europea","pluralName":{"one":"unitat de moneda europea","other":"unitats de moneda europees"}},"XFO":{"name":"franc or francès","pluralName":{"one":"franc or francès","other":"francs or francesos"}},"XFU":{"name":"franc UIC francès","pluralName":{"one":"franc UIC francès","other":"francs UIC francesos"}},"XOF":{"name":"franc CFA BCEAO","pluralName":{"one":"franc CFA BCEAO","other":"francs CFA BCEAO"}},"XPD":{"name":"pal·ladi","pluralName":{"one":"pal·ladi","other":"pal·ladi"}},"XPF":{"symbol":"CFPF","name":"franc CFP","pluralName":{"one":"franc CFP","other":"francs CFP"}},"XPT":{"name":"platí","pluralName":{"one":"platí","other":"platí"}},"XRE":{"name":"fons RINET","pluralName":{"one":"fons RINET","other":"fons RINET"}},"XSU":{"name":"XSU"},"XTS":{"name":"codi reservat per a proves","pluralName":{"one":"codi reservat per a proves","other":"codi reservat per a proves"}},"XUA":{"name":"XUA"},"XXX":{"name":"moneda desconeguda","pluralName":{"one":"(unitat monetària desconeguda)","other":"(moneda desconeguda)"}},"YDD":{"name":"dinar iemenita","pluralName":{"one":"dinar iemenita","other":"dinars iemenites"}},"YER":{"name":"rial iemenita","pluralName":{"one":"rial iemenita","other":"rials iemenites"}},"YUD":{"name":"dinar fort iugoslau","pluralName":{"one":"dinar fort iugoslau","other":"dinars forts iugoslaus"}},"YUM":{"name":"nou dinar iugoslau","pluralName":{"one":"nou dinar iugoslau","other":"nous dinars iugoslaus"}},"YUN":{"name":"dinar convertible iugoslau","pluralName":{"one":"dinar convertible iugoslau","other":"dinars convertibles iugoslaus"}},"YUR":{"name":"dinar iugoslau reformat (1992–1993)","pluralName":{"one":"dinar reformat iugoslau","other":"dinars reformats iugoslaus"}},"ZAL":{"name":"rand sud-africà (financer)","pluralName":{"one":"rand sud-africà (financer)","other":"rands sud-africans (financers)"}},"ZAR":{"name":"rand sud-africà","pluralName":{"one":"rand sud-africà","other":"rands sud-africans"},"symbolNarrow":"R"},"ZMK":{"name":"kwacha zambià (1968–2012)","pluralName":{"one":"kwacha zambià (1968–2012)","other":"kwacha zambians (1968–2012)"}},"ZMW":{"name":"kwacha zambià","pluralName":{"one":"kwacha zambià","other":"kwacha zambians"},"symbolNarrow":"ZK"},"ZRN":{"name":"nou zaire zairès","pluralName":{"one":"nou zaire zairès","other":"nous zaires zairesos"}},"ZRZ":{"name":"zaire zairès","pluralName":{"one":"zaire zairès","other":"zaires zairesos"}},"ZWD":{"name":"dòlar zimbabuès (1980–2008)","pluralName":{"one":"dòlar zimbabuès (1980–2008)","other":"dòlars zimbabuesos (1980–2008)"}},"ZWL":{"name":"dòlar zimbabuès (2009)","pluralName":{"one":"dòlar zimbabuès (2009)","other":"dòlars zimbabuesos (2009)"}},"ZWR":{"name":"dòlar zimbabuès (2008)","pluralName":{"one":"dòlar zimbabuès (2008)","other":"dòlars zimbabuesos (2008)"}},"MVP":{"name":"Maldivian Rupee (1947–1981)","pluralName":{"one":"Maldivian rupee (1947–1981)","other":"Maldivian rupees (1947–1981)"}}}