{"long":{"_compoundPattern":"%1$s per %2$s","acceleration":{"g-force":{"_name":"força G","one":"%1$s força G","other":"%1$s força G"},"meter-per-second-squared":{"_name":"metres per segon al quadrat","one":"%1$s metre per segon al quadrat","other":"%1$s metres per segon al quadrat"}},"angle":{"arc-minute":{"_name":"minuts d’arc","one":"%1$s minut d'arc","other":"%1$s minuts d'arc"},"arc-second":{"_name":"segons d’arc","one":"%1$s segon","other":"%1$s segons"},"degree":{"_name":"graus","one":"%1$s grau","other":"%1$s graus"},"radian":{"_name":"radiant","one":"%1$s radiant","other":"%1$s radiants"}},"area":{"acre":{"_name":"acres","one":"%1$s acre","other":"%1$s acres"},"hectare":{"_name":"hectàrees","one":"%1$s hectàrea","other":"%1$s hectàrees"},"square-centimeter":{"_name":"centímetres quadrats","one":"%1$s centímetre quadrat","other":"%1$s centímetres quadrats"},"square-foot":{"_name":"peus quadrats","one":"%1$s peu quadrat","other":"%1$s peus quadrats"},"square-inch":{"_name":"polzades quadrades","one":"%1$s polzada quadrada","other":"%1$s polzades quadrades"},"square-kilometer":{"_name":"quilòmetres quadrats","one":"%1$s quilòmetre quadrat","other":"%1$s quilòmetres quadrats"},"square-meter":{"_name":"metres quadrats","one":"%1$s metre quadrat","other":"%1$s metres quadrats"},"square-mile":{"_name":"milles quadrades","one":"%1$s milla quadrada","other":"%1$s milles quadrades"},"square-yard":{"_name":"iardes quadrades","one":"%1$s iarda quadrada","other":"%1$s iardes quadrades"}},"consumption":{"liter-per-kilometer":{"_name":"litres per quilòmetre","one":"%1$s litre per quilòmetre","other":"%1$s litres per quilòmetre"},"mile-per-gallon":{"_name":"milles per galó","one":"%1$s milla per galó","other":"%1$s milles per galó"}},"digital":{"bit":{"_name":"bit","one":"%1$s bit","other":"%1$s bits"},"byte":{"_name":"bytes","one":"%1$s byte","other":"%1$s bytes"},"gigabit":{"_name":"gigabits","one":"%1$s gigabit","other":"%1$s gigabits"},"gigabyte":{"_name":"gigabytes","one":"%1$s gigabyte","other":"%1$s gigabytes"},"kilobit":{"_name":"quilobits","one":"%1$s quilobit","other":"%1$s quilobits"},"kilobyte":{"_name":"quilobytes","one":"%1$s quilobyte","other":"%1$s quilobytes"},"megabit":{"_name":"megabit","one":"%1$s megabit","other":"%1$s megabits"},"megabyte":{"_name":"megabyte","one":"%1$s megabyte","other":"%1$s megabytes"},"terabit":{"_name":"terabits","one":"%1$s terabit","other":"%1$s terabits"},"terabyte":{"_name":"terabytes","one":"%1$s terabyte","other":"%1$s terabytes"}},"duration":{"day":{"_name":"dies","one":"%1$s dia","other":"%1$s dies"},"hour":{"_name":"hores","one":"%1$s hora","other":"%1$s hores","_per":"%1$s per hora"},"microsecond":{"_name":"microsegon","one":"%1$s microsegon","other":"%1$s microsegons"},"millisecond":{"_name":"mil·lisegons","one":"%1$s mil·lisegon","other":"%1$s mil·lisegons"},"minute":{"_name":"minuts","one":"%1$s minut","other":"%1$s minuts"},"month":{"_name":"mesos","one":"%1$s mes","other":"%1$s mesos"},"nanosecond":{"_name":"nanosegons","one":"%1$s nanosegon","other":"%1$s nanosegons"},"second":{"_name":"segons","one":"%1$s segon","other":"%1$s segons","_per":"%1$s per segon"},"week":{"_name":"setmanes","one":"%1$s setmana","other":"%1$s setmanes"},"year":{"_name":"anys","one":"%1$s any","other":"%1$s anys"}},"electric":{"ampere":{"_name":"ampere","one":"%1$s ampere","other":"%1$s amperes"},"milliampere":{"_name":"mil·liampere","one":"%1$s mil·liampere","other":"%1$s mil·liamperes"},"ohm":{"_name":"ohms","one":"%1$s ohm","other":"%1$s ohms"},"volt":{"_name":"volt","one":"%1$s volt","other":"%1$s volts"}},"energy":{"calorie":{"_name":"calories","one":"%1$s caloria","other":"%1$s calories"},"foodcalorie":{"_name":"quilocalories","one":"%1$s quilocaloria","other":"%1$s quilocalories"},"joule":{"_name":"joules","one":"%1$s joule","other":"%1$s joules"},"kilocalorie":{"_name":"quilocalories","one":"%1$s quilocaloria","other":"%1$s quilocalories"},"kilojoule":{"_name":"quilojoules","one":"%1$s quilojoule","other":"%1$s quilojoules"},"kilowatt-hour":{"_name":"quilowatts hora","one":"%1$s quilowatt hora","other":"%1$s quilowatts hora"}},"frequency":{"gigahertz":{"_name":"gigahertz","one":"%1$s gigahertz","other":"%1$s gigahertz"},"hertz":{"_name":"hertz","one":"%1$s hertz","other":"%1$s hertz"},"kilohertz":{"_name":"quilohertz","one":"%1$s quilohertz","other":"%1$s quilohertz"},"megahertz":{"_name":"megahertz","one":"%1$s megahertz","other":"%1$s megahertz"}},"length":{"astronomical-unit":{"_name":"unitats astronòmiques","one":"%1$s unitat astronòmica","other":"%1$s unitats astronòmiques"},"centimeter":{"_name":"centímetres","one":"%1$s centímetre","other":"%1$s centímetres"},"decimeter":{"_name":"decímetres","one":"%1$s decímetres","other":"%1$s decímetres"},"fathom":{"_name":"fm","other":"%1$s fm"},"foot":{"_name":"peus","one":"%1$s peu","other":"%1$s peus"},"furlong":{"_name":"fur","other":"%1$s fur"},"inch":{"_name":"polzades","one":"%1$s polzada","other":"%1$s polzades"},"kilometer":{"_name":"quilòmetres","one":"%1$s quilòmetre","other":"%1$s quilòmetres"},"light-year":{"_name":"anys llum","one":"%1$s any llum","other":"%1$s anys llum"},"meter":{"_name":"metres","one":"%1$s metre","other":"%1$s metres"},"micrometer":{"_name":"micròmetres","one":"%1$s micròmetre","other":"%1$s micròmetres"},"mile":{"_name":"milles","one":"%1$s milla","other":"%1$s milles"},"millimeter":{"_name":"mil·límetres","one":"%1$s mil·límetre","other":"%1$s mil·límetres"},"nanometer":{"_name":"nanòmetre","one":"%1$s nanòmetre","other":"%1$s nanòmetres"},"nautical-mile":{"_name":"milla nàutica","one":"%1$s milla nàutica","other":"%1$s milles nàutiques"},"parsec":{"_name":"parsecs","one":"%1$s parsec","other":"%1$s parsecs"},"picometer":{"_name":"picòmetres","one":"%1$s picòmetre","other":"%1$s picòmetres"},"yard":{"_name":"iardes","one":"%1$s iarda","other":"%1$s iardes"}},"light":{"lux":{"_name":"lux","one":"%1$s lux","other":"%1$s lux"}},"mass":{"carat":{"_name":"quirat","one":"%1$s quirat","other":"%1$s quirats"},"gram":{"_name":"gram","one":"%1$s gram","other":"%1$s grams"},"kilogram":{"_name":"quilogram","one":"%1$s quilogram","other":"%1$s quilograms"},"metric-ton":{"_name":"tones mètriques","one":"%1$s tona mètrica","other":"%1$s tones mètriques"},"microgram":{"_name":"micrograms","one":"%1$s microgram","other":"%1$s micrograms"},"milligram":{"_name":"mil·ligram","one":"%1$s mil·ligram","other":"%1$s mil·ligrams"},"ounce":{"_name":"unça","one":"%1$s unça","other":"%1$s unces"},"ounce-troy":{"_name":"unça troy","one":"%1$s unça troy","other":"%1$s unces troy"},"pound":{"_name":"lliura","one":"%1$s lliura","other":"%1$s lliures"},"stone":{"_name":"st","other":"%1$s st"},"ton":{"_name":"tones","one":"%1$s tona","other":"%1$s tones"}},"power":{"gigawatt":{"_name":"gigawatts","one":"%1$s gigawatt","other":"%1$s gigawatts"},"horsepower":{"_name":"cavalls de vapor","one":"%1$s cavall de vapor","other":"%1$s cavalls de vapor"},"kilowatt":{"_name":"quilowatts","one":"%1$s quilowatt","other":"%1$s quilowatts"},"megawatt":{"_name":"megawatts","one":"%1$s megawatt","other":"%1$s megawatts"},"milliwatt":{"_name":"miliwatts","one":"%1$s miliwatt","other":"%1$s miliwatts"},"watt":{"_name":"watts","one":"%1$s watt","other":"%1$s watts"}},"pressure":{"hectopascal":{"_name":"hectopascals","one":"%1$s hectopascal","other":"%1$s hectopascals"},"inch-hg":{"_name":"polzades de mercuri","one":"%1$s polzada de mercuri","other":"%1$s polzades de mercuri"},"millibar":{"_name":"mil·libars","one":"%1$s mil·libar","other":"%1$s mil·libars"},"millimeter-of-mercury":{"_name":"mil·límetres de mercuri","one":"mil·límetre de mercuri","other":"%1$s mil·límetres de mercuri"},"pound-per-square-inch":{"_name":"lliures per polzada quadrada","one":"%1$s lliura per polzada quadrada","other":"%1$s lliures per polzada quadrada"}},"proportion":{"karat":{"_name":"quirats","one":"%1$s quirat","other":"%1$s quirats"}},"speed":{"kilometer-per-hour":{"_name":"quilòmetres per hora","one":"%1$s quilòmetre per hora","other":"%1$s quilòmetres per hora"},"meter-per-second":{"_name":"metres per segon","one":"%1$s metre per segon","other":"%1$s metres per segon"},"mile-per-hour":{"_name":"milles per hora","one":"%1$s milla per hora","other":"%1$s milles per hora"}},"temperature":{"celsius":{"_name":"graus Celsius","one":"%1$s grau Celsius","other":"%1$s graus Celsius"},"fahrenheit":{"_name":"graus Fahrenheit","one":"%1$s grau Fahrenheit","other":"%1$s graus Fahrenheit"},"generic":{"_name":"°","other":"%1$s°"},"kelvin":{"_name":"Kelvin","one":"%1$s Kelvin","other":"%1$s Kelvin"}},"volume":{"acre-foot":{"_name":"acre-peu","one":"%1$s acre-peu","other":"%1$s acres-peus"},"bushel":{"_name":"bu","other":"%1$s bu"},"centiliter":{"_name":"centilitres","one":"%1$s centilitre","other":"%1$s centilitres"},"cubic-centimeter":{"_name":"centímetres cúbics","one":"%1$s centímetre cúbic","other":"%1$s centímetres cúbics"},"cubic-foot":{"_name":"peus cúbics","one":"%1$s peu cúbic","other":"%1$s peus cúbics"},"cubic-inch":{"_name":"polzades cúbiques","one":"%1$s polzada cúbica","other":"%1$s polzades cúbiques"},"cubic-kilometer":{"_name":"quilòmetres cúbics","one":"%1$s quilòmetre cúbic","other":"%1$s quilòmetres cúbics"},"cubic-meter":{"_name":"metres cúbics","one":"%1$s metre cúbic","other":"%1$s metres cúbics"},"cubic-mile":{"_name":"milles cúbiques","one":"%1$s milla cúbica","other":"%1$s milles cúbiques"},"cubic-yard":{"_name":"iardes cúbiques","one":"%1$s iarda cúbica","other":"%1$s iardes cúbiques"},"cup":{"_name":"tasses","one":"%1$s tassa","other":"%1$s tasses"},"deciliter":{"_name":"decilitres","one":"%1$s decilitre","other":"%1$s decilitres"},"fluid-ounce":{"_name":"unça líquida","one":"%1$s unça líquida","other":"%1$s unces líquides"},"gallon":{"_name":"galons","one":"%1$s galó","other":"%1$s galons"},"hectoliter":{"_name":"hectolitres","one":"%1$s hectolitre","other":"%1$s hectolitres"},"liter":{"_name":"litres","one":"%1$s litre","other":"%1$s litres"},"megaliter":{"_name":"megalitres","one":"%1$s megalitre","other":"%1$s megalitres"},"milliliter":{"_name":"mil·lilitres","one":"%1$s mil·lilitre","other":"%1$s mil·lilitres"},"pint":{"_name":"pintes","one":"%1$s pinta","other":"%1$s pintes"},"quart":{"_name":"quarts","one":"%1$s quart","other":"%1$s quarts"},"tablespoon":{"_name":"cullerades","one":"%1$s cullerada","other":"%1$s cullerades"},"teaspoon":{"_name":"culleradetes","one":"%1$s culleradeta","other":"%1$s culleradetes"}}},"short":{"_compoundPattern":"%1$s/%2$s","acceleration":{"g-force":{"_name":"G","one":"%1$s G","other":"%1$s G"},"meter-per-second-squared":{"_name":"m/s²","one":"%1$s m/s²","other":"%1$s m/s²"}},"angle":{"arc-minute":{"_name":"´","one":"%1$s min","other":"%1$s min"},"arc-second":{"_name":"segons","one":"%1$s s","other":"%1$s s"},"degree":{"_name":"º","one":"%1$s°","other":"%1$s°"},"radian":{"_name":"radiant","one":"%1$s rad","other":"%1$s rad"}},"area":{"acre":{"_name":"acres","one":"%1$s ac","other":"%1$s ac"},"hectare":{"_name":"hectàrees","one":"%1$s ha","other":"%1$s ha"},"square-centimeter":{"_name":"cm²","one":"%1$s cm²","other":"%1$s cm²"},"square-foot":{"_name":"ft²","one":"%1$s ft²","other":"%1$s ft²"},"square-inch":{"_name":"in²","one":"%1$s in²","other":"%1$s in²"},"square-kilometer":{"_name":"km²","one":"%1$s km²","other":"%1$s km²"},"square-meter":{"_name":"m²","one":"%1$s m²","other":"%1$s m²"},"square-mile":{"_name":"mi²","one":"%1$s mi²","other":"%1$s mi²"},"square-yard":{"_name":"yd²","one":"%1$s yd²","other":"%1$s yd²"}},"consumption":{"liter-per-kilometer":{"_name":"l/km","one":"%1$s l/km","other":"%1$s l/km"},"mile-per-gallon":{"_name":"mi/gal","one":"%1$s mi/gal","other":"%1$s mi/gal"}},"digital":{"bit":{"_name":"bit","one":"%1$s bit","other":"%1$s bits"},"byte":{"_name":"B","one":"%1$s B","other":"%1$s B"},"gigabit":{"_name":"Gb","one":"%1$s Gb","other":"%1$s Gb"},"gigabyte":{"_name":"GB","one":"%1$s GB","other":"%1$s GB"},"kilobit":{"_name":"kb","one":"%1$s kb","other":"%1$s kb"},"kilobyte":{"_name":"kB","one":"%1$s kB","other":"%1$s kB"},"megabit":{"_name":"Mbit","one":"%1$s Mbit","other":"%1$s Mbit"},"megabyte":{"_name":"MB","one":"%1$s MB","other":"%1$s MB"},"terabit":{"_name":"Tb","one":"%1$s Tb","other":"%1$s Tb"},"terabyte":{"_name":"TB","one":"%1$s TB","other":"%1$s TB"}},"duration":{"day":{"_name":"dies","one":"%1$s dia","other":"%1$s dies"},"hour":{"_name":"h","one":"%1$s h","other":"%1$s h","_per":"%1$s/h"},"microsecond":{"_name":"μs","one":"%1$s μs","other":"%1$s μs"},"millisecond":{"_name":"mil·lisegons","one":"%1$s ms","other":"%1$s ms"},"minute":{"_name":"min","one":"%1$s min","other":"%1$s min"},"month":{"_name":"mesos","one":"%1$s mes","other":"%1$s mesos"},"nanosecond":{"_name":"ns","one":"%1$s ns","other":"%1$s ns"},"second":{"_name":"s","one":"%1$s s","other":"%1$s s","_per":"%1$s/s"},"week":{"_name":"setm.","one":"%1$s setm.","other":"%1$s setm."},"year":{"_name":"anys","one":"%1$s any","other":"%1$s anys"}},"electric":{"ampere":{"_name":"A","one":"%1$s A","other":"%1$s A"},"milliampere":{"_name":"mA","one":"%1$s mA","other":"%1$s mA"},"ohm":{"_name":"Ω","one":"%1$s Ω","other":"%1$s Ω"},"volt":{"_name":"V","one":"%1$s V","other":"%1$s V"}},"energy":{"calorie":{"_name":"cal","one":"%1$s cal","other":"%1$s cal"},"foodcalorie":{"_name":"kcal","one":"%1$s kcal","other":"%1$s kcal"},"joule":{"_name":"J","one":"%1$s J","other":"%1$s J"},"kilocalorie":{"_name":"kcal","one":"%1$s kcal","other":"%1$s kcal"},"kilojoule":{"_name":"kJ","one":"%1$s kJ","other":"%1$s kJ"},"kilowatt-hour":{"_name":"kWh","one":"%1$s kWh","other":"%1$s kWh"}},"frequency":{"gigahertz":{"_name":"GHz","one":"%1$s GHz","other":"%1$s GHz"},"hertz":{"_name":"Hz","one":"%1$s Hz","other":"%1$s Hz"},"kilohertz":{"_name":"kHz","one":"%1$s kHz","other":"%1$s kHz"},"megahertz":{"_name":"MHz","one":"%1$s MHz","other":"%1$s MHz"}},"length":{"astronomical-unit":{"_name":"ua","one":"%1$s ua","other":"%1$s ua"},"centimeter":{"_name":"cm","one":"%1$s cm","other":"%1$s cm"},"decimeter":{"_name":"dm","one":"%1$s dm","other":"%1$s dm"},"fathom":{"_name":"fm","other":"%1$s fm"},"foot":{"_name":"ft","one":"%1$s ft","other":"%1$s ft"},"furlong":{"_name":"fur","other":"%1$s fur"},"inch":{"_name":"polz.","one":"%1$s polz.","other":"%1$s polz."},"kilometer":{"_name":"km","one":"%1$s km","other":"%1$s km"},"light-year":{"_name":"anys llum","one":"%1$s any ll.","other":"%1$s anys ll."},"meter":{"_name":"metres","one":"%1$s m","other":"%1$s m"},"micrometer":{"_name":"µm","one":"%1$s µm","other":"%1$s µm"},"mile":{"_name":"milles","one":"%1$s mi","other":"%1$s mi"},"millimeter":{"_name":"mil·límetres","one":"%1$s mm","other":"%1$s mm"},"nanometer":{"_name":"nm","one":"%1$s nm","other":"%1$s nm"},"nautical-mile":{"_name":"nmi","one":"%1$s nmi","other":"%1$s nmi"},"parsec":{"_name":"parsecs","one":"%1$s pc","other":"%1$s pc"},"picometer":{"_name":"pm","one":"%1$s pm","other":"%1$s pm"},"yard":{"_name":"iardes","one":"%1$s yd","other":"%1$s yd"}},"light":{"lux":{"_name":"lx","one":"%1$s lx","other":"%1$s lx"}},"mass":{"carat":{"_name":"quirat","one":"%1$s ct","other":"%1$s ct"},"gram":{"_name":"gram","one":"%1$s g","other":"%1$s g"},"kilogram":{"_name":"kg","one":"%1$s kg","other":"%1$s kg"},"metric-ton":{"_name":"t mètriques","one":"%1$s t mètrica","other":"%1$s t mètr."},"microgram":{"_name":"µg","one":"%1$s µg","other":"%1$s µg"},"milligram":{"_name":"mg","one":"%1$s mg","other":"%1$s mg"},"ounce":{"_name":"oz","one":"%1$s oz","other":"%1$s oz"},"ounce-troy":{"_name":"ozt","one":"%1$s ozt","other":"%1$s ozt"},"pound":{"_name":"lb","one":"%1$s lb","other":"%1$s lb"},"stone":{"_name":"st","other":"%1$s st"},"ton":{"_name":"t","one":"%1$s t","other":"%1$s t"}},"power":{"gigawatt":{"_name":"GW","one":"%1$s GW","other":"%1$s GW"},"horsepower":{"_name":"CV","one":"%1$s CV","other":"%1$s CV"},"kilowatt":{"_name":"kW","one":"%1$s kW","other":"%1$s kW"},"megawatt":{"_name":"MW","one":"%1$s MW","other":"%1$s MW"},"milliwatt":{"_name":"mW","one":"%1$s mW","other":"%1$s mW"},"watt":{"_name":"W","one":"%1$s W","other":"%1$s W"}},"pressure":{"hectopascal":{"_name":"hPa","one":"%1$s hPa","other":"%1$s hPa"},"inch-hg":{"_name":"inHg","one":"%1$s inHg","other":"%1$s inHg"},"millibar":{"_name":"mbar","one":"%1$s mbar","other":"%1$s mbar"},"millimeter-of-mercury":{"_name":"mm Hg","one":"%1$s mm Hg","other":"%1$s mm Hg"},"pound-per-square-inch":{"_name":"psi","one":"%1$s psi","other":"%1$s psi"}},"proportion":{"karat":{"_name":"ct","one":"%1$s ct","other":"%1$s ct"}},"speed":{"kilometer-per-hour":{"_name":"km/h","one":"%1$s km/h","other":"%1$s km/h"},"meter-per-second":{"_name":"m/s","one":"%1$s m/s","other":"%1$s m/s"},"mile-per-hour":{"_name":"mi/h","one":"%1$s mi/h","other":"%1$s mi/h"}},"temperature":{"celsius":{"_name":"°C","one":"%1$s °C","other":"%1$s °C"},"fahrenheit":{"_name":"°F","one":"%1$s °F","other":"%1$s °F"},"generic":{"_name":"°","other":"%1$s°"},"kelvin":{"_name":"K","one":"%1$s K","other":"%1$s K"}},"volume":{"acre-foot":{"_name":"ac ft","one":"%1$s ac ft","other":"%1$s ac ft"},"bushel":{"_name":"bu","other":"%1$s bu"},"centiliter":{"_name":"cl","one":"%1$s cl","other":"%1$s cl"},"cubic-centimeter":{"_name":"cm³","one":"%1$s cm³","other":"%1$s cm³"},"cubic-foot":{"_name":"ft³","one":"%1$s ft³","other":"%1$s ft³"},"cubic-inch":{"_name":"in³","one":"%1$s in³","other":"%1$s in³"},"cubic-kilometer":{"_name":"km³","one":"%1$s km³","other":"%1$s km³"},"cubic-meter":{"_name":"m³","one":"%1$s m³","other":"%1$s m³"},"cubic-mile":{"_name":"mi³","one":"%1$s mi³","other":"%1$s mi³"},"cubic-yard":{"_name":"yd³","one":"%1$s yd³","other":"%1$s yd³"},"cup":{"_name":"tassa","one":"%1$s tassa","other":"%1$s tasses"},"deciliter":{"_name":"dl","one":"%1$s dl","other":"%1$s dl"},"fluid-ounce":{"_name":"fl oz","one":"%1$s fl oz","other":"%1$s fl oz"},"gallon":{"_name":"gal","one":"%1$s gal","other":"%1$s gal"},"hectoliter":{"_name":"hl","one":"%1$s hl","other":"%1$s hl"},"liter":{"_name":"l","one":"%1$s l","other":"%1$s l"},"megaliter":{"_name":"Ml","one":"%1$s Ml","other":"%1$s Ml"},"milliliter":{"_name":"ml","one":"%1$s ml","other":"%1$s ml"},"pint":{"_name":"pt","one":"%1$s pt","other":"%1$s pt"},"quart":{"_name":"qt","one":"%1$s qt","other":"%1$s qt"},"tablespoon":{"_name":"cull.","one":"%1$s cull.","other":"%1$s cull."},"teaspoon":{"_name":"cdta.","one":"%1$s cdta.","other":"%1$s cdta."}}},"narrow":{"_compoundPattern":"%1$s/%2$s","acceleration":{"g-force":{"_name":"G","one":"%1$sG","other":"%1$sG"},"meter-per-second-squared":{"_name":"m/s²","one":"%1$s m/s²","other":"%1$s m/s²"}},"angle":{"arc-minute":{"_name":"´","one":"%1$s′","other":"%1$s′"},"arc-second":{"_name":"segons","one":"%1$s″","other":"%1$s″"},"degree":{"_name":"º","one":"%1$s°","other":"%1$s°"},"radian":{"_name":"radiant","one":"%1$s rad","other":"%1$s rad"}},"area":{"acre":{"_name":"acres","one":"%1$sac.","other":"%1$sac."},"hectare":{"_name":"hectàrees","one":"%1$sha","other":"%1$sha"},"square-centimeter":{"_name":"cm²","one":"%1$s cm²","other":"%1$s cm²"},"square-foot":{"_name":"ft²","one":"%1$sft²","other":"%1$sft²"},"square-inch":{"_name":"in²","one":"%1$s in²","other":"%1$s in²"},"square-kilometer":{"_name":"km²","one":"%1$skm²","other":"%1$skm²"},"square-meter":{"_name":"m²","one":"%1$sm²","other":"%1$sm²"},"square-mile":{"_name":"mi²","one":"%1$smi²","other":"%1$smi²"},"square-yard":{"_name":"yd²","one":"%1$s yd²","other":"%1$s yd²"}},"consumption":{"liter-per-kilometer":{"_name":"l/km","one":"%1$s l/km","other":"%1$s l/km"},"mile-per-gallon":{"_name":"mi/gal","one":"%1$s mi/gal","other":"%1$s mi/gal"}},"digital":{"bit":{"_name":"bit","one":"%1$s bits","other":"%1$s bits"},"byte":{"_name":"B","one":"%1$s B","other":"%1$s B"},"gigabit":{"_name":"Gb","one":"%1$s Gb","other":"%1$s Gb"},"gigabyte":{"_name":"GB","one":"%1$s GB","other":"%1$s GB"},"kilobit":{"_name":"kb","one":"%1$s kb","other":"%1$s kb"},"kilobyte":{"_name":"kB","one":"%1$s kB","other":"%1$s kB"},"megabit":{"_name":"Mbit","one":"%1$s Mbit","other":"%1$s Mbit"},"megabyte":{"_name":"MB","one":"%1$s MB","other":"%1$s MB"},"terabit":{"_name":"Tb","one":"%1$s Tb","other":"%1$s Tb"},"terabyte":{"_name":"TB","one":"%1$s TB","other":"%1$s TB"}},"duration":{"day":{"_name":"dia","one":"%1$s d","other":"%1$s d"},"hour":{"_name":"h","one":"%1$s h","other":"%1$s h","_per":"%1$s/h"},"microsecond":{"_name":"μs","one":"%1$s μs","other":"%1$s μs"},"millisecond":{"_name":"ms","one":"%1$s ms","other":"%1$s ms"},"minute":{"_name":"min","one":"%1$s min","other":"%1$s min"},"month":{"_name":"mes","one":"%1$s m","other":"%1$s m"},"nanosecond":{"_name":"ns","one":"%1$s ns","other":"%1$s ns"},"second":{"_name":"s","one":"%1$s s","other":"%1$s s","_per":"%1$s/s"},"week":{"_name":"s","one":"%1$ss","other":"%1$s s"},"year":{"_name":"anys","one":"%1$s any","other":"%1$s anys"}},"electric":{"ampere":{"_name":"A","one":"%1$s A","other":"%1$s A"},"milliampere":{"_name":"mA","one":"%1$s mA","other":"%1$s mA"},"ohm":{"_name":"Ω","one":"%1$s Ω","other":"%1$s Ω"},"volt":{"_name":"V","one":"%1$s V","other":"%1$s V"}},"energy":{"calorie":{"_name":"cal","one":"%1$s cal","other":"%1$s cal"},"foodcalorie":{"_name":"kcal","one":"%1$s kcal","other":"%1$s kcal"},"joule":{"_name":"J","one":"%1$s J","other":"%1$s J"},"kilocalorie":{"_name":"kcal","one":"%1$s kcal","other":"%1$s kcal"},"kilojoule":{"_name":"kJ","one":"%1$s kJ","other":"%1$s kJ"},"kilowatt-hour":{"_name":"kWh","one":"%1$s kWh","other":"%1$s kWh"}},"frequency":{"gigahertz":{"_name":"GHz","one":"%1$s GHz","other":"%1$s GHz"},"hertz":{"_name":"Hz","one":"%1$s Hz","other":"%1$s Hz"},"kilohertz":{"_name":"kHz","one":"%1$s kHz","other":"%1$s kHz"},"megahertz":{"_name":"MHz","one":"%1$s MHz","other":"%1$s MHz"}},"length":{"astronomical-unit":{"_name":"ua","one":"%1$s ua","other":"%1$s ua"},"centimeter":{"_name":"cm","one":"%1$s cm","other":"%1$s cm"},"decimeter":{"_name":"dm","one":"%1$s dm","other":"%1$s dm"},"fathom":{"_name":"fm","other":"%1$s fm"},"foot":{"_name":"ft","one":"%1$s ft","other":"%1$s ft"},"furlong":{"_name":"fur","other":"%1$s fur"},"inch":{"_name":"polz.","one":"%1$s in","other":"%1$s in"},"kilometer":{"_name":"km","one":"%1$s km","other":"%1$s km"},"light-year":{"_name":"anys llum","one":"%1$s l. y.","other":"%1$s l. y."},"meter":{"_name":"m","one":"%1$s m","other":"%1$s m"},"micrometer":{"_name":"µm","one":"%1$s µm","other":"%1$s µm"},"mile":{"_name":"milles","one":"%1$s mi","other":"%1$s mi"},"millimeter":{"_name":"mm","one":"%1$s mm","other":"%1$s mm"},"nanometer":{"_name":"nm","one":"%1$s nm","other":"%1$s nm"},"nautical-mile":{"_name":"nmi","one":"%1$s nmi","other":"%1$s nmi"},"parsec":{"_name":"parsecs","one":"%1$s pc","other":"%1$s pc"},"picometer":{"_name":"pm","one":"%1$spm","other":"%1$spm"},"yard":{"_name":"iardes","one":"%1$s yd","other":"%1$s yd"}},"light":{"lux":{"_name":"lx","one":"%1$s lx","other":"%1$s lx"}},"mass":{"carat":{"_name":"quirat","one":"%1$s ct","other":"%1$s ct"},"gram":{"_name":"g","one":"%1$s g","other":"%1$s g"},"kilogram":{"_name":"kg","one":"%1$s kg","other":"%1$s kg"},"metric-ton":{"_name":"t mètriques","one":"%1$s t mètr.","other":"%1$s t mètr."},"microgram":{"_name":"µg","one":"%1$s µg","other":"%1$s µg"},"milligram":{"_name":"mg","one":"%1$s mg","other":"%1$s mg"},"ounce":{"_name":"oz","one":"%1$s oz","other":"%1$s oz"},"ounce-troy":{"_name":"ozt","one":"%1$s ozt","other":"%1$s ozt"},"pound":{"_name":"lb","one":"%1$s lb","other":"%1$s lb"},"stone":{"_name":"st","other":"%1$s st"},"ton":{"_name":"t","one":"%1$s t","other":"%1$s t"}},"power":{"gigawatt":{"_name":"GW","one":"%1$s GW","other":"%1$s GW"},"horsepower":{"_name":"CV","one":"%1$sCV","other":"%1$sCV"},"kilowatt":{"_name":"kW","one":"%1$skW","other":"%1$skW"},"megawatt":{"_name":"MW","one":"%1$s MW","other":"%1$s MW"},"milliwatt":{"_name":"mW","one":"%1$s mW","other":"%1$s mW"},"watt":{"_name":"W","one":"%1$sW","other":"%1$sW"}},"pressure":{"hectopascal":{"_name":"hPa","one":"%1$shPa","other":"%1$shPa"},"inch-hg":{"_name":"inHg","one":"%1$s inHg","other":"%1$s inHg"},"millibar":{"_name":"mbar","one":"%1$s mb","other":"%1$s mb"},"millimeter-of-mercury":{"_name":"mm Hg","one":"%1$s mm Hg","other":"%1$s mm Hg"},"pound-per-square-inch":{"_name":"psi","one":"%1$s psi","other":"%1$s psi"}},"proportion":{"karat":{"_name":"ct","one":"%1$s ct","other":"%1$s ct"}},"speed":{"kilometer-per-hour":{"_name":"km/h","one":"%1$s km/h","other":"%1$s km/h"},"meter-per-second":{"_name":"m/s","one":"%1$sm/s","other":"%1$sm/s"},"mile-per-hour":{"_name":"mi/h","one":"%1$smi/h","other":"%1$smi/h"}},"temperature":{"celsius":{"_name":"°C","one":"%1$s°C","other":"%1$s°"},"fahrenheit":{"_name":"°F","one":"%1$s°F","other":"%1$s°F"},"generic":{"_name":"°","other":"%1$s°"},"kelvin":{"_name":"K","one":"%1$s K","other":"%1$s K"}},"volume":{"acre-foot":{"_name":"ac ft","one":"%1$s ac ft","other":"%1$s ac ft"},"bushel":{"_name":"bu","other":"%1$s bu"},"centiliter":{"_name":"cl","one":"%1$s cl","other":"%1$s cl"},"cubic-centimeter":{"_name":"cm³","one":"%1$s cm³","other":"%1$s cm³"},"cubic-foot":{"_name":"ft³","one":"%1$s ft³","other":"%1$s ft³"},"cubic-inch":{"_name":"in³","one":"%1$s in³","other":"%1$s in³"},"cubic-kilometer":{"_name":"km³","one":"%1$skm³","other":"%1$skm³"},"cubic-meter":{"_name":"m³","one":"%1$s m³","other":"%1$s m³"},"cubic-mile":{"_name":"mi³","one":"%1$smi³","other":"%1$smi³"},"cubic-yard":{"_name":"yd³","one":"%1$s yd³","other":"%1$s yd³"},"cup":{"_name":"tassa","one":"%1$s tasses","other":"%1$s tasses"},"deciliter":{"_name":"dl","one":"%1$s dl","other":"%1$s dl"},"fluid-ounce":{"_name":"fl oz","one":"%1$s fl oz","other":"%1$s fl oz"},"gallon":{"_name":"gal","one":"%1$s gal","other":"%1$s gal"},"hectoliter":{"_name":"hl","one":"%1$s hl","other":"%1$s hl"},"liter":{"_name":"l","one":"%1$s l","other":"%1$s l"},"megaliter":{"_name":"Ml","one":"%1$s Ml","other":"%1$s Ml"},"milliliter":{"_name":"ml","one":"%1$s ml","other":"%1$s ml"},"pint":{"_name":"pt","one":"%1$s pt","other":"%1$s pt"},"quart":{"_name":"qt","one":"%1$s qt","other":"%1$s qt"},"tablespoon":{"_name":"cull.","one":"%1$s cull.","other":"%1$s cull."},"teaspoon":{"_name":"cdta.","one":"%1$s cdta.","other":"%1$s cdta."}}},"_durationPattern":{"hm":"h:mm","hms":"h:mm:ss","ms":"m:ss"}}