{"months":{"format":{"abbreviated":{"1":"ינו׳","2":"פבר׳","3":"מרץ","4":"אפר׳","5":"מאי","6":"יוני","7":"יולי","8":"אוג׳","9":"ספט׳","10":"אוק׳","11":"נוב׳","12":"דצמ׳"},"narrow":{"1":"1","2":"2","3":"3","4":"4","5":"5","6":"6","7":"7","8":"8","9":"9","10":"10","11":"11","12":"12"},"wide":{"1":"ינואר","2":"פברואר","3":"מרץ","4":"אפריל","5":"מאי","6":"יוני","7":"יולי","8":"אוגוסט","9":"ספטמבר","10":"אוקטובר","11":"נובמבר","12":"דצמבר"}},"stand-alone":{"abbreviated":{"1":"ינו׳","2":"פבר׳","3":"מרץ","4":"אפר׳","5":"מאי","6":"יוני","7":"יולי","8":"אוג׳","9":"ספט׳","10":"אוק׳","11":"נוב׳","12":"דצמ׳"},"narrow":{"1":"1","2":"2","3":"3","4":"4","5":"5","6":"6","7":"7","8":"8","9":"9","10":"10","11":"11","12":"12"},"wide":{"1":"ינואר","2":"פברואר","3":"מרץ","4":"אפריל","5":"מאי","6":"יוני","7":"יולי","8":"אוגוסט","9":"ספטמבר","10":"אוקטובר","11":"נובמבר","12":"דצמבר"}}},"days":{"format":{"abbreviated":{"sun":"יום א׳","mon":"יום ב׳","tue":"יום ג׳","wed":"יום ד׳","thu":"יום ה׳","fri":"יום ו׳","sat":"שבת"},"narrow":{"sun":"א׳","mon":"ב׳","tue":"ג׳","wed":"ד׳","thu":"ה׳","fri":"ו׳","sat":"ש׳"},"short":{"sun":"א׳","mon":"ב׳","tue":"ג׳","wed":"ד׳","thu":"ה׳","fri":"ו׳","sat":"ש׳"},"wide":{"sun":"יום ראשון","mon":"יום שני","tue":"יום שלישי","wed":"יום רביעי","thu":"יום חמישי","fri":"יום שישי","sat":"יום שבת"}},"stand-alone":{"abbreviated":{"sun":"יום א׳","mon":"יום ב׳","tue":"יום ג׳","wed":"יום ד׳","thu":"יום ה׳","fri":"יום ו׳","sat":"שבת"},"narrow":{"sun":"א׳","mon":"ב׳","tue":"ג׳","wed":"ד׳","thu":"ה׳","fri":"ו׳","sat":"ש׳"},"short":{"sun":"א׳","mon":"ב׳","tue":"ג׳","wed":"ד׳","thu":"ה׳","fri":"ו׳","sat":"ש׳"},"wide":{"sun":"יום ראשון","mon":"יום שני","tue":"יום שלישי","wed":"יום רביעי","thu":"יום חמישי","fri":"יום שישי","sat":"יום שבת"}}},"quarters":{"format":{"abbreviated":{"1":"רבעון 1","2":"רבעון 2","3":"רבעון 3","4":"רבעון 4"},"narrow":{"1":"1","2":"2","3":"3","4":"4"},"wide":{"1":"רבעון 1","2":"רבעון 2","3":"רבעון 3","4":"רבעון 4"}},"stand-alone":{"abbreviated":{"1":"רבעון 1","2":"רבעון 2","3":"רבעון 3","4":"רבעון 4"},"narrow":{"1":"ר1","2":"ר2","3":"ר3","4":"ר4"},"wide":{"1":"רבעון 1","2":"רבעון 2","3":"רבעון 3","4":"רבעון 4"}}},"dayPeriods":{"format":{"abbreviated":{"am":"לפנה״צ","noon":"בצהריים","pm":"אחה״צ"},"narrow":{"am":"לפנה״צ","noon":"בצהריים","pm":"אחה״צ"},"wide":{"am":"לפנה״צ","noon":"בצהריים","pm":"אחה״צ"}},"stand-alone":{"abbreviated":{"am":"לפנה״צ","noon":"בצהריים","pm":"אחה״צ"},"narrow":{"am":"לפנה״צ","noon":"בצהריים","pm":"אחה״צ"},"wide":{"am":"לפנה״צ","noon":"בצהריים","pm":"אחה״צ"}}},"eras":{"wide":{"0":"לפני הספירה","0-alt-variant":"לפנה״ס","1":"לספירה","1-alt-variant":"CE"},"abbreviated":{"0":"לפנה״ס","0-alt-variant":"BCE","1":"לספירה","1-alt-variant":"CE"},"narrow":{"0":"לפנה״ס","0-alt-variant":"BCE","1":"לספירה","1-alt-variant":"CE"}},"dateFormats":{"full":"EEEE, d בMMMM y","long":"d בMMMM y","medium":"d בMMM y","short":"d.M.y"},"timeFormats":{"full":"H:mm:ss zzzz","long":"H:mm:ss z","medium":"H:mm:ss","short":"H:mm"},"dateTimeFormats":{"full":"%2$s בשעה %1$s","long":"%2$s בשעה %1$s","medium":"%2$s, %1$s","short":"%2$s, %1$s"}}