{"ADP":{"name":"פזטה אנדורית"},"AED":{"name":"דירהם של איחוד הנסיכויות הערביות","pluralName":{"one":"דירהם של איחוד הנסיכויות הערביות","two":"דירהם של איחוד הנסיכויות הערביות","many":"דירהם של איחוד הנסיכויות הערביות","other":"דירהם של איחוד הנסיכויות הערביות"}},"AFA":{"name":"AFA"},"AFN":{"name":"אפגני אפגני","pluralName":{"one":"אפגני אפגני","two":"אפגני אפגני","many":"אפגני אפגני","other":"אפגני אפגני"}},"ALL":{"name":"לק אלבני","pluralName":{"one":"לק אלבני","two":"לק אלבני","many":"לק אלבני","other":"לק אלבני"}},"AMD":{"name":"דראם ארמני","pluralName":{"one":"דראם ארמני","two":"דראם ארמני","many":"דראם ארמני","other":"דראם ארמני"}},"ANG":{"name":"גילדר של האנטילים ההולנדיים","pluralName":{"one":"גילדר של האנטילים ההולנדיים","two":"גילדר של האנטילים ההולנדיים","many":"גילדר של האנטילים ההולנדיים","other":"גילדר של האנטילים ההולנדיים"}},"AOA":{"name":"קואנזה אנגולי","pluralName":{"one":"קואנזה אנגולי","two":"קואנזה אנגולי","many":"קואנזה אנגולי","other":"קואנזה אנגולי"},"symbolNarrow":"Kz"},"AOK":{"name":"AOK"},"AON":{"name":"קואנזה חדש אנגולי (1990–2000)"},"AOR":{"name":"קואנזה רג׳וסטדו אנגולי (1995–1999)"},"ARA":{"name":"ARA"},"ARL":{"name":"ARL"},"ARM":{"name":"ARM"},"ARP":{"name":"פזו ארגנטינאי (1983–1985)"},"ARS":{"name":"פסו ארגנטינאי","pluralName":{"one":"פסו ארגנטינאי","two":"פסו ארגנטינאי","many":"פסו ארגנטינאי","other":"פסו ארגנטינאי"},"symbolNarrow":"$"},"ATS":{"name":"שילינג אוסטרי"},"AUD":{"symbol":"A$","name":"דולר אוסטרלי","pluralName":{"one":"דולר אוסטרלי","two":"דולר אוסטרלי","many":"דולר אוסטרלי","other":"דולר אוסטרלי"},"symbolNarrow":"$"},"AWG":{"name":"פלורין של ארובה","pluralName":{"one":"פלורין של ארובה","two":"פלורין של ארובה","many":"פלורין של ארובה","other":"פלורין של ארובה"}},"AZM":{"name":"מנאט אזרביג׳אני (1993–2006)"},"AZN":{"name":"מאנאט אזרביג׳ני","pluralName":{"one":"מאנאט אזרביג׳ני","two":"מאנאט אזרביג׳ני","many":"מאנאט אזרביג׳ני","other":"מאנאט אזרביג׳ני"}},"BAD":{"name":"דינר של בוסניה־הרצגובינה"},"BAM":{"name":"מארק בר המרה של בוסניה־הרצגובינה","pluralName":{"one":"מארק בר המרה של בוסניה־הרצגובינה","two":"מארק בר המרה של בוסניה־הרצגובינה","many":"מארק בר המרה של בוסניה־הרצגובינה","other":"מארק בר המרה של בוסניה־הרצגובינה"},"symbolNarrow":"KM"},"BAN":{"name":"BAN"},"BBD":{"name":"דולר ברבדיאני","pluralName":{"one":"דולר ברבדיאני","two":"דולר ברבדיאני","many":"דולר ברבדיאני","other":"דולר ברבדיאני"},"symbolNarrow":"$"},"BDT":{"name":"טאקה בנגלדשי","pluralName":{"one":"טאקה בנגלדשי","two":"טאקה בנגלדשי","many":"טאקה בנגלדשי","other":"טאקה בנגלדשי"},"symbolNarrow":"৳"},"BEC":{"name":"פרנק בלגי (בר המרה)"},"BEF":{"name":"פרנק בלגי"},"BEL":{"name":"BEL"},"BGL":{"name":"לב בולגרי ישן"},"BGM":{"name":"BGM"},"BGN":{"name":"לב בולגרי","pluralName":{"one":"לב בולגרי","two":"לב בולגרי","many":"לב בולגרי","other":"לב בולגרי"}},"BGO":{"name":"BGO"},"BHD":{"name":"דינר בחרייני","pluralName":{"one":"דינר בחרייני","two":"דינר בחרייני","many":"דינר בחרייני","other":"דינר בחרייני"}},"BIF":{"name":"פרנק בורונדי","pluralName":{"one":"פרנק בורונדי","two":"פרנק בורונדי","many":"פרנק בורונדי","other":"פרנק בורונדי"}},"BMD":{"name":"דולר ברמודה","pluralName":{"one":"דולר ברמודה","two":"דולר ברמודה","many":"דולר ברמודה","other":"דולר ברמודה"},"symbolNarrow":"$"},"BND":{"name":"דולר ברוניי","pluralName":{"one":"דולר ברוניי","two":"דולר ברוניי","many":"דולר ברוניי","other":"דולר ברוניי"},"symbolNarrow":"$"},"BOB":{"name":"בוליביאנו","pluralName":{"one":"בוליביאנו","two":"בוליביאנו","many":"בוליביאנו","other":"בוליביאנו"},"symbolNarrow":"Bs"},"BOL":{"name":"BOL"},"BOP":{"name":"פזו בוליבי"},"BOV":{"name":"BOV"},"BRB":{"name":"קרוזיארו חדש ברזילאי (1967–1986)"},"BRC":{"name":"קרוזדו ברזילאי"},"BRE":{"name":"BRE"},"BRL":{"symbol":"R$","name":"ריאל ברזילאי","pluralName":{"one":"ריאל ברזילאי","two":"ריאל ברזילאי","many":"ריאל ברזילאי","other":"ריאל ברזילאי"},"symbolNarrow":"R$"},"BRN":{"name":"BRN"},"BRR":{"name":"BRR"},"BRZ":{"name":"BRZ"},"BSD":{"name":"דולר בהאמי","pluralName":{"one":"דולר בהאמי","two":"דולר בהאמי","many":"דולר בהאמי","other":"דולר בהאמי"},"symbolNarrow":"$"},"BTN":{"name":"נגולטרום בהוטני","pluralName":{"one":"נגולטרום בהוטני","two":"נגולטרום בהוטני","many":"נגולטרום בהוטני","other":"נגולטרום בהוטני"}},"BUK":{"name":"BUK"},"BWP":{"name":"פולה בוצוואני","pluralName":{"one":"פולה בוצוואני","two":"פולה בוצוואני","many":"פולה בוצוואני","other":"פולה בוצוואני"},"symbolNarrow":"P"},"BYB":{"name":"BYB"},"BYR":{"name":"רובל בלרוסי","pluralName":{"one":"רובל בלרוסי","two":"רובל בלרוסי","many":"רובל בלרוסי","other":"רובל בלרוסי"},"symbolNarrow":"р."},"BZD":{"name":"דולר בליזי","pluralName":{"one":"דולר בליזי","two":"דולר בליזי","many":"דולר בליזי","other":"דולר בליזי"},"symbolNarrow":"$"},"CAD":{"symbol":"CA$","name":"דולר קנדי","pluralName":{"one":"דולר קנדי","two":"דולר קנדי","many":"דולר קנדי","other":"דולר קנדי"},"symbolNarrow":"$"},"CDF":{"name":"פרנק קונגולזי","pluralName":{"one":"פרנק קונגולזי","two":"פרנק קונגולזי","many":"פרנק קונגולזי","other":"פרנק קונגולזי"}},"CHE":{"name":"CHE"},"CHF":{"name":"פרנק שוויצרי","pluralName":{"one":"פרנק שוויצרי","two":"פרנק שוויצרי","many":"פרנק שוויצרי","other":"פרנק שוויצרי"}},"CHW":{"name":"CHW"},"CLE":{"name":"CLE"},"CLF":{"name":"CLF"},"CLP":{"name":"פסו צ׳ילאני","pluralName":{"one":"פסו צ׳ילאני","two":"פסו צ׳ילאני","many":"פסו צ׳ילאני","other":"פסו צ׳ילאני"},"symbolNarrow":"$"},"CNY":{"symbol":"CN¥","name":"יואן סיני","pluralName":{"one":"יואן סיני","two":"יואן סיני","many":"יואן סיני","other":"יואן סיני"},"symbolNarrow":"¥"},"COP":{"name":"פסו קולומביאני","pluralName":{"one":"פסו קולומביאני","two":"פסו קולומביאני","many":"פסו קולומביאני","other":"פסו קולומביאני"},"symbolNarrow":"$"},"COU":{"name":"COU"},"CRC":{"name":"קולון קוסטה־ריקני","pluralName":{"one":"קולון קוסטה־ריקני","two":"קולון קוסטה־ריקני","many":"קולון קוסטה־ריקני","other":"קולון קוסטה־ריקני"},"symbolNarrow":"₡"},"CSD":{"name":"דינר סרבי ישן"},"CSK":{"name":"CSK"},"CUC":{"name":"פזו קובני להמרה","pluralName":{"one":"פזו קובני להמרה","two":"פזו קובני להמרה","many":"פזו קובני להמרה","other":"פזו קובני להמרה"},"symbolNarrow":"$"},"CUP":{"name":"פזו קובני","pluralName":{"one":"פזו קובני","two":"פזו קובני","many":"פזו קובני","other":"פזו קובני"},"symbolNarrow":"$"},"CVE":{"name":"אסקודו כף ורדה","pluralName":{"one":"אסקודו כף ורדה","two":"אסקודו כף ורדה","many":"אסקודו כף ורדה","other":"אסקודו כף ורדה"}},"CYP":{"name":"לירה קפריסאית"},"CZK":{"name":"קורונה צ׳כית","pluralName":{"one":"קורונה צ׳כית","two":"קורונה צ׳כית","many":"קורונה צ׳כית","other":"קורונה צ׳כית"},"symbolNarrow":"Kč"},"DDM":{"name":"מרק מזרח גרמני"},"DEM":{"name":"מרק גרמני"},"DJF":{"name":"פרנק ג׳יבוטי","pluralName":{"one":"פרנק ג׳יבוטי","two":"פרנק ג׳יבוטי","many":"פרנק ג׳יבוטי","other":"פרנק ג׳יבוטי"}},"DKK":{"name":"כתר דני","pluralName":{"one":"כתר דני","two":"כתר דני","many":"כתר דני","other":"כתר דני"},"symbolNarrow":"kr"},"DOP":{"name":"פזו דומיניקני","pluralName":{"one":"פזו דומיניקני","two":"פזו דומיניקני","many":"פזו דומיניקני","other":"פזו דומיניקני"},"symbolNarrow":"$"},"DZD":{"name":"דינר אלג׳ירי","pluralName":{"one":"דינר אלג׳ירי","two":"דינר אלג׳ירי","many":"דינר אלג׳ירי","other":"דינר אלג׳ירי"}},"ECS":{"name":"סוקר אקואדורי"},"ECV":{"name":"ECV"},"EEK":{"name":"קרון אסטוני"},"EGP":{"name":"לירה מצרית","pluralName":{"one":"לירה מצרית","two":"לירה מצרית","many":"לירה מצרית","other":"לירה מצרית"},"symbolNarrow":"E£"},"ERN":{"name":"נאקפה אריתראי","pluralName":{"one":"נאקפה אריתראי","two":"נאקפה אריתראי","many":"נאקפה אריתראי","other":"נאקפה אריתראי"}},"ESA":{"name":"פזטה [ESA]"},"ESB":{"name":"פזטה [ESB]"},"ESP":{"name":"פסטה ספרדי","symbolNarrow":"₧"},"ETB":{"name":"ביר אתיופי","pluralName":{"one":"ביר אתיופי","two":"ביר אתיופי","many":"ביר אתיופי","other":"ביר אתיופי"}},"EUR":{"symbol":"€","name":"אירו","pluralName":{"one":"אירו","two":"אירו","many":"אירו","other":"אירו"},"symbolNarrow":"€"},"FIM":{"name":"מרק פיני"},"FJD":{"name":"דולר פיג׳י","pluralName":{"one":"דולר פיג׳י","two":"דולר פיג׳י","many":"דולר פיג׳י","other":"דולר פיג׳י"},"symbolNarrow":"$"},"FKP":{"name":"לירה של איי פוקלנד","pluralName":{"one":"לירה של איי פוקלנד","two":"לירה של איי פוקלנד","many":"לירה של איי פוקלנד","other":"לירה של איי פוקלנד"},"symbolNarrow":"£"},"FRF":{"name":"פרנק צרפתי"},"GBP":{"symbol":"£","name":"לירה שטרלינג","pluralName":{"one":"לירה שטרלינג","two":"לירה שטרלינג","many":"לירה שטרלינג","other":"לירה שטרלינג"},"symbolNarrow":"£"},"GEK":{"name":"GEK"},"GEL":{"name":"לרי גאורגי","pluralName":{"one":"לרי גאורגי","two":"לרי גאורגי","many":"לרי גאורגי","other":"לרי גאורגי"}},"GHC":{"name":"GHC"},"GHS":{"name":"סדי גאני","pluralName":{"one":"סדי גאני","two":"סדי גאני","many":"סדי גאני","other":"סדי גאני"}},"GIP":{"name":"פאונד גיברלטר","pluralName":{"one":"פאונד גיברלטר","two":"פאונד גיברלטר","many":"פאונד גיברלטר","other":"פאונד גיברלטר"},"symbolNarrow":"£"},"GMD":{"name":"דלאסי גמבי","pluralName":{"one":"דלאסי גמבי","two":"דלאסי גמבי","many":"דלאסי גמבי","other":"דלאסי גמבי"}},"GNF":{"name":"פרנק גינאי","pluralName":{"one":"פרנק גינאי","two":"פרנק גינאי","many":"פרנק גינאי","other":"פרנק גינאי"},"symbolNarrow":"FG"},"GNS":{"name":"GNS"},"GQE":{"name":"GQE"},"GRD":{"name":"דרכמה"},"GTQ":{"name":"קצל גואטמלי","pluralName":{"one":"קצל גואטמלי","two":"קצל גואטמלי","many":"קצל גואטמלי","other":"קצל גואטמלי"},"symbolNarrow":"Q"},"GWE":{"name":"GWE"},"GWP":{"name":"פזו גינאי"},"GYD":{"name":"דולר גיאני","pluralName":{"one":"דולר גיאני","two":"דולר גיאני","many":"דולר גיאני","other":"דולר גיאני"},"symbolNarrow":"$"},"HKD":{"symbol":"HK$","name":"דולר הונג קונגי","pluralName":{"one":"דולר הונג קונגי","two":"דולר הונג קונגי","many":"דולר הונג קונגי","other":"דולר הונג קונגי"},"symbolNarrow":"$"},"HNL":{"name":"למפירה הונדורי","pluralName":{"one":"למפירה הונדורי","two":"למפירה הונדורי","many":"למפירה הונדורי","other":"למפירה הונדורי"},"symbolNarrow":"L"},"HRD":{"name":"HRD"},"HRK":{"name":"קונה קרואטי","pluralName":{"one":"קונה קרואטי","two":"קונה קרואטי","many":"קונה קרואטי","other":"קונה קרואטי"},"symbolNarrow":"kn"},"HTG":{"name":"גורד האיטי","pluralName":{"one":"גורד האיטי","two":"גורד האיטי","many":"גורד האיטי","other":"גורד האיטי"}},"HUF":{"name":"פורינט הונגרי","pluralName":{"one":"פורינט הונגרי","two":"פורינט הונגרי","many":"פורינט הונגרי","other":"פורינט הונגרי"},"symbolNarrow":"Ft"},"IDR":{"name":"רופיה אינדונזית","pluralName":{"one":"רופיה אינדונזית","two":"רופיה אינדונזית","many":"רופיה אינדונזית","other":"רופיה אינדונזית"},"symbolNarrow":"Rp"},"IEP":{"name":"לירה אירית"},"ILP":{"symbol":"ל״י","name":"לירה ישראלית"},"ILS":{"symbol":"₪","name":"ש״ח","pluralName":{"one":"שקלים חדשים","two":"שקלים חדשים","many":"שקלים חדשים","other":"שקלים חדשים"},"symbolNarrow":"₪"},"INR":{"symbol":"₹","name":"רופי הודי","pluralName":{"one":"רופי הודי","two":"רופי הודי","many":"רופי הודי","other":"רופי הודי"},"symbolNarrow":"₹"},"IQD":{"name":"דינר עירקי","pluralName":{"one":"דינר עירקי","two":"דינר עירקי","many":"דינר עירקי","other":"דינר עירקי"}},"IRR":{"name":"ריאל איראני","pluralName":{"one":"ריאל איראני","two":"ריאל איראני","many":"ריאל איראני","other":"ריאל איראני"}},"ISK":{"name":"קרונה איסלנדית","pluralName":{"one":"קרונה איסלנדית","two":"קרונה איסלנדית","many":"קרונה איסלנדית","other":"קרונה איסלנדית"},"symbolNarrow":"kr"},"ITL":{"name":"לירה איטלקית"},"JMD":{"name":"דולר ג׳מייקני","pluralName":{"one":"דולר ג׳מייקני","two":"דולר ג׳מייקני","many":"דולר ג׳מייקני","other":"דולר ג׳מייקני"},"symbolNarrow":"$"},"JOD":{"name":"דינר ירדני","pluralName":{"one":"דינר ירדני","two":"דינר ירדני","many":"דינר ירדני","other":"דינר ירדני"}},"JPY":{"symbol":"JP¥","name":"ין יפני","pluralName":{"one":"ין יפני","two":"ין יפני","many":"ין יפני","other":"ין יפני"},"symbolNarrow":"¥"},"KES":{"name":"שילינג קנייאתי","pluralName":{"one":"שילינג קנייאתי","two":"שילינג קנייאתי","many":"שילינג קנייאתי","other":"שילינג קנייאתי"}},"KGS":{"name":"סום קירגיזי","pluralName":{"one":"סום קירגיזי","two":"סום קירגיזי","many":"סום קירגיזי","other":"סום קירגיזי"}},"KHR":{"name":"ריל קמבודי","pluralName":{"one":"ריל קמבודי","two":"ריל קמבודי","many":"ריל קמבודי","other":"ריל קמבודי"},"symbolNarrow":"៛"},"KMF":{"name":"פרנק קומורואי","pluralName":{"one":"פרנק קומורואי","two":"פרנק קומורואי","many":"פרנק קומורואי","other":"פרנק קומורואי"},"symbolNarrow":"CF"},"KPW":{"name":"וון צפון-קוריאני","pluralName":{"one":"וון צפון-קוריאני","two":"וון צפון-קוריאני","many":"וון צפון-קוריאני","other":"וון צפון-קוריאני"},"symbolNarrow":"₩"},"KRH":{"name":"KRH"},"KRO":{"name":"KRO"},"KRW":{"symbol":"₩","name":"וון דרום-קוריאני","pluralName":{"one":"וון דרום-קוריאני","two":"וון דרום-קוריאני","many":"וון דרום-קוריאני","other":"וון דרום-קוריאני"},"symbolNarrow":"₩"},"KWD":{"name":"דינר כוויתי","pluralName":{"one":"דינר כוויתי","two":"דינר כוויתי","many":"דינר כוויתי","other":"דינר כוויתי"}},"KYD":{"name":"דולר קיימאני","pluralName":{"one":"דולר קיימאני","two":"דולר קיימאני","many":"דולר קיימאני","other":"דולר קיימאני"},"symbolNarrow":"$"},"KZT":{"name":"טנגה קזחסטני","pluralName":{"one":"טנגה קזחסטני","two":"טנגה קזחסטני","many":"טנגה קזחסטני","other":"טנגה קזחסטני"},"symbolNarrow":"₸"},"LAK":{"name":"קיפ לאי","pluralName":{"one":"קיפ לאי","two":"קיפ לאי","many":"קיפ לאי","other":"קיפ לאי"},"symbolNarrow":"₭"},"LBP":{"name":"לירה לבנונית","pluralName":{"one":"לירה לבנונית","two":"לירה לבנונית","many":"לירה לבנונית","other":"לירה לבנונית"},"symbolNarrow":"L£"},"LKR":{"name":"רופי סרי לנקי","pluralName":{"one":"רופי סרי לנקי","two":"רופי סרי לנקי","many":"רופי סרי לנקי","other":"רופי סרי לנקי"},"symbolNarrow":"Rs"},"LRD":{"name":"דולר ליברי","pluralName":{"one":"דולר ליברי","two":"דולר ליברי","many":"דולר ליברי","other":"דולר ליברי"},"symbolNarrow":"$"},"LSL":{"name":"לוטי לסותי"},"LTL":{"name":"ליטא ליטאי","pluralName":{"one":"ליטא ליטאי","two":"ליטא ליטאי","many":"ליטא ליטאי","other":"ליטא ליטאי"},"symbolNarrow":"Lt"},"LTT":{"name":"LTT"},"LUC":{"name":"LUC"},"LUF":{"name":"פרנק לוקסמבורגי"},"LUL":{"name":"LUL"},"LVL":{"name":"לט לטבי","symbolNarrow":"Ls"},"LVR":{"name":"LVR"},"LYD":{"name":"דינר לובי","pluralName":{"one":"דינר לובי","two":"דינר לובי","many":"דינר לובי","other":"דינר לובי"}},"MAD":{"name":"דירהם מרוקאי","pluralName":{"one":"דירהם מרוקאי","two":"דירהם מרוקאי","many":"דירהם מרוקאי","other":"דירהם מרוקאי"}},"MAF":{"name":"פרנק מרוקאי"},"MCF":{"name":"MCF"},"MDC":{"name":"MDC"},"MDL":{"name":"ליאו מולדובני","pluralName":{"one":"ליאו מולדובני","two":"ליאו מולדובני","many":"ליאו מולדובני","other":"ליאו מולדובני"}},"MGA":{"name":"אריארי מלגשי","pluralName":{"one":"אריארי מלגשי","two":"אריארי מלגשי","many":"אריארי מלגשי","other":"אריארי מלגשי"},"symbolNarrow":"Ar"},"MGF":{"name":"פרנק מדגסקארי"},"MKD":{"name":"דינר מקדוני","pluralName":{"one":"דינר מקדוני","two":"דינר מקדוני","many":"דינר מקדוני","other":"דינר מקדוני"}},"MKN":{"name":"MKN"},"MLF":{"name":"MLF"},"MMK":{"name":"קיאט מיאנמרי","pluralName":{"one":"קיאט מיאנמרי","two":"קיאט מיאנמרי","many":"קיאט מיאנמרי","other":"קיאט מיאנמרי"},"symbolNarrow":"K"},"MNT":{"name":"טוגריק מונגולי","pluralName":{"one":"טוגריק מונגולי","two":"טוגריק מונגולי","many":"טוגריק מונגולי","other":"טוגריק מונגולי"},"symbolNarrow":"₮"},"MOP":{"name":"פטקה של מקאו","pluralName":{"one":"פטקה של מקאו","two":"פטקה של מקאו","many":"פטקה של מקאו","other":"פטקה של מקאו"}},"MRO":{"name":"אוגוויה מאוריטני","pluralName":{"one":"אוגוויה מאוריטני","two":"אוגוויה מאוריטני","many":"אוגוויה מאוריטני","other":"אוגוויה מאוריטני"}},"MTL":{"name":"לירה מלטית"},"MTP":{"name":"MTP"},"MUR":{"name":"רופי מאוריציני","pluralName":{"one":"רופי מאוריציני","two":"רופי מאוריציני","many":"רופי מאוריציני","other":"רופי מאוריציני"},"symbolNarrow":"Rs"},"MVR":{"name":"רופיה מלדיבית","pluralName":{"one":"רופיה מלדיבית","two":"רופיה מלדיבית","many":"רופיה מלדיבית","other":"רופיה מלדיבית"}},"MWK":{"name":"קואצ׳ה מלאוי","pluralName":{"one":"קואצ׳ה מלאוי","two":"קואצ׳ה מלאוי","many":"קואצ׳ה מלאוי","other":"קואצ׳ה מלאוי"}},"MXN":{"symbol":"MX$","name":"פזו מקסיקני","pluralName":{"one":"פזו מקסיקני","two":"פזו מקסיקני","many":"פזו מקסיקני","other":"פזו מקסיקני"},"symbolNarrow":"$"},"MXP":{"name":"פזו מקסיקני (1861 – 1992)"},"MXV":{"name":"MXV"},"MYR":{"name":"רינגיט מלזי","pluralName":{"one":"רינגיט מלזי","two":"רינגיט מלזי","many":"רינגיט מלזי","other":"רינגיט מלזי"},"symbolNarrow":"RM"},"MZE":{"name":"אסקודו מוזמביקי","pluralName":{"one":"אסקודו מוזמביקי","two":"אסקודואים מוזמביקיים","many":"אסקודו מוזמביקי","other":"אסקודואים מוזמביקיים"}},"MZM":{"name":"מטיקל"},"MZN":{"name":"מטיקל מוזמביני","pluralName":{"one":"מטיקל מוזמביני","two":"מטיקל מוזמביני","many":"מטיקל מוזמביני","other":"מטיקל מוזמביני"}},"NAD":{"name":"דולר נמיבי","pluralName":{"one":"דולר נמיבי","two":"דולר נמיבי","many":"דולר נמיבי","other":"דולר נמיבי"},"symbolNarrow":"$"},"NGN":{"name":"נאירה ניגרי","pluralName":{"one":"נאירה ניגרי","two":"נאירה ניגרי","many":"נאירה ניגרי","other":"נאירה ניגרי"},"symbolNarrow":"₦"},"NIC":{"name":"NIC"},"NIO":{"name":"קורדובה ניקראגי","pluralName":{"one":"קורדובה ניקראגי","two":"קורדובה ניקראגי","many":"קורדובה ניקראגי","other":"קורדובה ניקראגי"},"symbolNarrow":"C$"},"NLG":{"name":"גילדן הולנדי"},"NOK":{"name":"כתר נורבגי","pluralName":{"one":"כתר נורבגי","two":"כתר נורבגי","many":"כתר נורבגי","other":"כתר נורבגי"},"symbolNarrow":"kr"},"NPR":{"name":"רופי נפאלי","pluralName":{"one":"רופי נפאלי","two":"רופי נפאלי","many":"רופי נפאלי","other":"רופי נפאלי"},"symbolNarrow":"Rs"},"NZD":{"symbol":"NZ$","name":"דולר ניו זילנדי","pluralName":{"one":"דולר ניו זילנדי","two":"דולר ניו זילנדי","many":"דולר ניו זילנדי","other":"דולר ניו זילנדי"},"symbolNarrow":"$"},"OMR":{"name":"ריאל עומאני","pluralName":{"one":"ריאל עומאני","two":"ריאל עומאני","many":"ריאל עומאני","other":"ריאל עומאני"}},"PAB":{"name":"בלבואה פנמי","pluralName":{"one":"בלבואה פנמי","two":"בלבואה פנמי","many":"בלבואה פנמי","other":"בלבואה פנמי"}},"PEI":{"name":"PEI"},"PEN":{"name":"סול פרואני חדש","pluralName":{"one":"סול פרואני חדש","two":"סול פרואני חדש","many":"סול פרואני חדש","other":"סול פרואני חדש"}},"PES":{"name":"PES"},"PGK":{"name":"קינה של פפואה גינאה החדשה","pluralName":{"one":"קינה של פפואה גינאה החדשה","two":"קינה של פפואה גינאה החדשה","many":"קינה של פפואה גינאה החדשה","other":"קינה של פפואה גינאה החדשה"}},"PHP":{"name":"פזו פיליפיני","pluralName":{"one":"פזו פיליפיני","two":"פזו פיליפיני","many":"פזו פיליפיני","other":"פזו פיליפיני"},"symbolNarrow":"₱"},"PKR":{"name":"רופי פקיסטני","pluralName":{"one":"רופי פקיסטני","two":"רופי פקיסטני","many":"רופי פקיסטני","other":"רופי פקיסטני"},"symbolNarrow":"Rs"},"PLN":{"name":"זלוטי פולני","pluralName":{"one":"זלוטי פולני","two":"זלוטי פולני","many":"זלוטי פולני","other":"זלוטי פולני"},"symbolNarrow":"zł"},"PLZ":{"name":"זלוטי (1950 – 1995)"},"PTE":{"name":"אסקודו פורטוגלי"},"PYG":{"name":"גוורני פראגוואי","pluralName":{"one":"גוורני פראגוואי","two":"גוורני פראגוואי","many":"גוורני פראגוואי","other":"גוורני פראגוואי"},"symbolNarrow":"₲"},"QAR":{"name":"ריאל קטארי","pluralName":{"one":"ריאל קטארי","two":"ריאל קטארי","many":"ריאל קטארי","other":"ריאל קטארי"}},"RHD":{"name":"RHD"},"ROL":{"name":"לאו רומני ישן"},"RON":{"name":"לאו רומני","pluralName":{"one":"לאו רומני","two":"לאו רומני","many":"לאו רומני","other":"לאו רומני"}},"RSD":{"name":"דינר סרבי","pluralName":{"one":"דינר סרבי","two":"דינר סרבי","many":"דינר סרבי","other":"דינר סרבי"}},"RUB":{"name":"רובל רוסי","pluralName":{"one":"רובל רוסי","two":"רובל רוסי","many":"רובל רוסי","other":"רובל רוסי"},"symbolAlt":"₽"},"RUR":{"name":"רובל רוסי (1991 – 1998)","symbolNarrow":"р."},"RWF":{"name":"פרנק רואנדי","pluralName":{"one":"פרנק רואנדי","two":"פרנק רואנדי","many":"פרנק רואנדי","other":"פרנק רואנדי"},"symbolNarrow":"RF"},"SAR":{"name":"ריאל סעודי","pluralName":{"one":"ריאל סעודי","two":"ריאל סעודי","many":"ריאל סעודי","other":"ריאל סעודי"}},"SBD":{"name":"דולר איי שלמה","pluralName":{"one":"דולר איי שלמה","two":"דולר איי שלמה","many":"דולר איי שלמה","other":"דולר איי שלמה"},"symbolNarrow":"$"},"SCR":{"name":"רופי סיישלי","pluralName":{"one":"רופי סיישלי","two":"רופי סיישלי","many":"רופי סיישלי","other":"רופי סיישלי"}},"SDD":{"name":"דינר סודני"},"SDG":{"name":"לירה סודנית","pluralName":{"one":"לירה סודנית","two":"לירה סודנית","many":"לירה סודנית","other":"לירה סודנית"}},"SDP":{"name":"לירה סודנית (1957–1998)"},"SEK":{"name":"כתר שוודי","pluralName":{"one":"כתר שוודי","two":"כתר שוודי","many":"כתר שוודי","other":"כתר שוודי"},"symbolNarrow":"kr"},"SGD":{"name":"דולר סינגפורי","pluralName":{"one":"דולר סינגפורי","two":"דולר סינגפורי","many":"דולר סינגפורי","other":"דולר סינגפורי"},"symbolNarrow":"$"},"SHP":{"name":"פאונד סנט הלני","pluralName":{"one":"פאונד סנט הלני","two":"פאונד סנט הלני","many":"פאונד סנט הלני","other":"פאונד סנט הלני"},"symbolNarrow":"£"},"SIT":{"name":"טולאר סלובני"},"SKK":{"name":"קורונה סלובקי"},"SLL":{"name":"ליאון סיירה לאוני","pluralName":{"one":"ליאון סיירה לאוני","two":"ליאון סיירה לאוני","many":"ליאון סיירה לאוני","other":"ליאון סיירה לאוני"}},"SOS":{"name":"שילינג סומאלי","pluralName":{"one":"שילינג סומאלי","two":"שילינג סומאלי","many":"שילינג סומאלי","other":"שילינג סומאלי"}},"SRD":{"name":"דולר סורינאמי","pluralName":{"one":"דולר סורינאמי","two":"דולר סורינאמי","many":"דולר סורינאמי","other":"דולר סורינאמי"},"symbolNarrow":"$"},"SRG":{"name":"גילדר סורינאמי"},"SSP":{"name":"לירה דרום-סודנית","pluralName":{"one":"לירה דרום-סודנית","two":"לירה דרום-סודנית","many":"לירה דרום-סודנית","other":"לירה דרום-סודנית"},"symbolNarrow":"£"},"STD":{"name":"דוברה של סן טומה ופרינסיפה","pluralName":{"one":"דוברה של סן טומה ופרינסיפה","two":"דוברה של סן טומה ופרינסיפה","many":"דוברה של סן טומה ופרינסיפה","other":"דוברה של סן טומה ופרינסיפה"},"symbolNarrow":"Db"},"SUR":{"name":"רובל סובייטי"},"SVC":{"name":"קולון סלבדורי","pluralName":{"one":"קולון סלבדורי","two":"קולונים סלבדוריים","many":"קולון סלבדורי","other":"קולונים סלבדוריים"}},"SYP":{"name":"לירה סורית","pluralName":{"one":"לירה סורית","two":"לירה סורית","many":"לירה סורית","other":"לירה סורית"},"symbolNarrow":"£"},"SZL":{"name":"לילנגני סווזי","pluralName":{"one":"לילנגני סווזי","two":"לילנגני סווזי","many":"לילנגני סווזי","other":"לילנגני סווזי"}},"THB":{"symbol":"฿","name":"בהט תאילנדי","pluralName":{"one":"בהט תאילנדי","two":"בהט תאילנדי","many":"בהט תאילנדי","other":"בהט תאילנדי"},"symbolNarrow":"฿"},"TJR":{"name":"TJR"},"TJS":{"name":"סומוני טג׳קיסטני","pluralName":{"one":"סומוני טג׳קיסטני","two":"סומוני טג׳קיסטני","many":"סומוני טג׳קיסטני","other":"סומוני טג׳קיסטני"}},"TMM":{"name":"מנאט טורקמאני"},"TMT":{"name":"מאנאט טורקמני","pluralName":{"one":"מאנאט טורקמני","two":"מאנאט טורקמני","many":"מאנאט טורקמני","other":"מאנאט טורקמני"}},"TND":{"name":"דינר טוניסאי","pluralName":{"one":"דינר טוניסאי","two":"דינר טוניסאי","many":"דינר טוניסאי","other":"דינר טוניסאי"}},"TOP":{"name":"פאנגה טונגי","pluralName":{"one":"פאנגה טונגי","two":"פאנגה טונגי","many":"פאנגה טונגי","other":"פאנגה טונגי"},"symbolNarrow":"T$"},"TPE":{"name":"אסקודו טימוראי"},"TRL":{"name":"לירה טורקית"},"TRY":{"name":"לירה טורקית חדשה","pluralName":{"one":"לירה טורקית חדשה","two":"לירה טורקית חדשה","many":"לירה טורקית חדשה","other":"לירה טורקית חדשה"},"symbolNarrow":"₺","symbolAlt":"TL"},"TTD":{"name":"דולר טרינידדי","pluralName":{"one":"דולר טרינידדי","two":"דולר טרינידדי","many":"דולר טרינידדי","other":"דולר טרינידדי"},"symbolNarrow":"$"},"TWD":{"symbol":"NT$","name":"דולר טייוואני חדש","pluralName":{"one":"דולר טייוואני חדש","two":"דולר טייוואני חדש","many":"דולר טייוואני חדש","other":"דולר טייוואני חדש"},"symbolNarrow":"NT$"},"TZS":{"name":"שילינג טנזני","pluralName":{"one":"שילינג טנזני","two":"שילינג טנזני","many":"שילינג טנזני","other":"שילינג טנזני"}},"UAH":{"name":"גריבנה אוקראיני","pluralName":{"one":"גריבנה אוקראיני","two":"גריבנה אוקראיני","many":"גריבנה אוקראיני","other":"גריבנה אוקראיני"},"symbolNarrow":"₴"},"UAK":{"name":"UAK"},"UGS":{"name":"שילינג אוגנדי (1966 – 1987)"},"UGX":{"name":"שילינג אוגנדי","pluralName":{"one":"שילינג אוגנדי","two":"שילינג אוגנדי","many":"שילינג אוגנדי","other":"שילינג אוגנדי"}},"USD":{"symbol":"$","name":"דולר אמריקאי","pluralName":{"one":"דולר אמריקאי","two":"דולר אמריקאי","many":"דולר אמריקאי","other":"דולר אמריקאי"},"symbolNarrow":"$"},"USN":{"name":"דולר אמריקאי (היום הבא)"},"USS":{"name":"דולר אמריקאי (היום הזה)"},"UYI":{"name":"UYI"},"UYP":{"name":"UYP"},"UYU":{"name":"פסו אורוגוואי","pluralName":{"one":"פסו אורוגוואי","two":"פסו אורוגוואי","many":"פסו אורוגוואי","other":"פסו אורוגוואי"},"symbolNarrow":"$"},"UZS":{"name":"סום אוזבקי","pluralName":{"one":"סום אוזבקי","two":"סום אוזבקי","many":"סום אוזבקי","other":"סום אוזבקי"}},"VEB":{"name":"בוליבר ונצואלי (1871–2008)"},"VEF":{"name":"בוליבר ונצואלי","pluralName":{"one":"בוליבר ונצואלי","two":"בוליבר ונצואלי","many":"בוליבר ונצואלי","other":"בוליבר ונצואלי"},"symbolNarrow":"Bs"},"VND":{"symbol":"₫","name":"דונג וייטנאמי","pluralName":{"one":"דונג וייטנאמי","two":"דונג וייטנאמי","many":"דונג וייטנאמי","other":"דונג וייטנאמי"},"symbolNarrow":"₫"},"VNN":{"name":"VNN"},"VUV":{"name":"ואטו של ונואטו","pluralName":{"one":"ואטו של ונואטו","two":"ואטו של ונואטו","many":"ואטו של ונואטו","other":"ואטו של ונואטו"}},"WST":{"name":"טאלה סמואי","pluralName":{"one":"טאלה סמואי","two":"טאלה סמואי","many":"טאלה סמואי","other":"טאלה סמואי"}},"XAF":{"symbol":"FCFA","name":"פרנק CFA BEAC","pluralName":{"one":"פרנק CFA BEAC","two":"פרנק CFA BEAC","many":"פרנק CFA BEAC","other":"פרנק CFA BEAC"}},"XAG":{"name":"כסף"},"XAU":{"name":"זהב"},"XBA":{"name":"XBA"},"XBB":{"name":"XBB"},"XBC":{"name":"XBC"},"XBD":{"name":"XBD"},"XCD":{"symbol":"EC$","name":"דולר מזרח קריבי","pluralName":{"one":"דולר מזרח קריבי","two":"דולר מזרח קריבי","many":"דולר מזרח קריבי","other":"דולר מזרח קריבי"},"symbolNarrow":"$"},"XDR":{"name":"זכויות משיכה מיוחדות"},"XEU":{"name":"XEU"},"XFO":{"name":"פרנק זהב"},"XFU":{"name":"XFU"},"XOF":{"symbol":"CFA","name":"פרנק CFA BCEAO","pluralName":{"one":"פרנק CFA BCEAO","two":"פרנק CFA BCEAO","many":"פרנק CFA BCEAO","other":"פרנק CFA BCEAO"}},"XPD":{"name":"פלדיום"},"XPF":{"symbol":"CFPF","name":"פרנק פולינזיה הצרפתית","pluralName":{"one":"פרנק פולינזיה הצרפתית","two":"פרנק פולינזיה הצרפתית","many":"פרנק פולינזיה הצרפתית","other":"פרנק פולינזיה הצרפתית"}},"XPT":{"name":"פלטינה"},"XRE":{"name":"XRE"},"XSU":{"name":"XSU"},"XTS":{"name":"סימון למטרות בדיקה"},"XUA":{"name":"XUA"},"XXX":{"name":"מטבע שאינו ידוע","pluralName":{"one":"(מטבע שאינו ידוע)","two":"(מטבע שאינו ידוע)","many":"(מטבע שאינו ידוע)","other":"(מטבע שאינו ידוע)"}},"YDD":{"name":"דינר תימני"},"YER":{"name":"ריאל תימני","pluralName":{"one":"ריאל תימני","two":"ריאל תימני","many":"ריאל תימני","other":"ריאל תימני"}},"YUD":{"name":"דינר יגוסלבי חדש"},"YUM":{"name":"דינר יגוסלבי"},"YUN":{"name":"YUN"},"YUR":{"name":"YUR"},"ZAL":{"name":"ראנד דרום אפריקאי (כספי)"},"ZAR":{"name":"ראנד דרום אפריקאי","pluralName":{"one":"ראנד דרום אפריקאי","two":"ראנד דרום אפריקאי","many":"ראנד דרום אפריקאי","other":"ראנד דרום אפריקאי"},"symbolNarrow":"R"},"ZMK":{"name":"קוואצ׳ה זמבית (1968–2012)"},"ZMW":{"name":"קוואצ׳ה זמבית","pluralName":{"one":"קוואצ׳ה זמבית","two":"קוואצ׳ה זמבית","many":"קוואצ׳ה זמבית","other":"קוואצ׳ה זמבית"},"symbolNarrow":"ZK"},"ZRN":{"name":"זאיר חדש"},"ZRZ":{"name":"ZRZ"},"ZWD":{"name":"דולר זימבבואי"},"ZWL":{"name":"ZWL"},"ZWR":{"name":"ZWR"},"ALK":{"name":"Albanian Lek (1946–1965)","pluralName":{"one":"Albanian lek (1946–1965)","other":"Albanian lekë (1946–1965)"}},"CNX":{"name":"Chinese People’s Bank Dollar","pluralName":{"one":"Chinese People’s Bank dollar","other":"Chinese People’s Bank dollars"}},"ILR":{"name":"Israeli Sheqel (1980–1985)","pluralName":{"one":"Israeli sheqel (1980–1985)","other":"Israeli sheqels (1980–1985)"}},"ISJ":{"name":"Icelandic Króna (1918–1981)","pluralName":{"one":"Icelandic króna (1918–1981)","other":"Icelandic krónur (1918–1981)"}},"MVP":{"name":"Maldivian Rupee (1947–1981)","pluralName":{"one":"Maldivian rupee (1947–1981)","other":"Maldivian rupees (1947–1981)"}}}