{"era":{"displayName":"תקופה"},"year":{"displayName":"שנה","relative-type--1":"השנה שעברה","relative-type-0":"השנה","relative-type-1":"השנה הבאה","relativeTime-type-future":{"relativeTimePattern-count-one":"בעוד שנה","relativeTimePattern-count-two":"בעוד שנתיים","relativeTimePattern-count-many":"בעוד {0} שנה","relativeTimePattern-count-other":"בעוד {0} שנים"},"relativeTime-type-past":{"relativeTimePattern-count-one":"לפני שנה","relativeTimePattern-count-two":"לפני שנתיים","relativeTimePattern-count-many":"לפני {0} שנה","relativeTimePattern-count-other":"לפני {0} שנים"}},"year-short":{"displayName":"שנ׳","relative-type--1":"השנה שעברה","relative-type-0":"השנה","relative-type-1":"השנה הבאה","relativeTime-type-future":{"relativeTimePattern-count-one":"בעוד שנה","relativeTimePattern-count-two":"בעוד שנתיים","relativeTimePattern-count-many":"בעוד {0} שנה","relativeTimePattern-count-other":"בעוד {0} שנים"},"relativeTime-type-past":{"relativeTimePattern-count-one":"לפני שנה","relativeTimePattern-count-two":"לפני שנתיים","relativeTimePattern-count-many":"לפני {0} שנה","relativeTimePattern-count-other":"לפני {0} שנים"}},"year-narrow":{"displayName":"שנ׳","relative-type--1":"השנה שעברה","relative-type-0":"השנה","relative-type-1":"השנה הבאה","relativeTime-type-future":{"relativeTimePattern-count-one":"בעוד שנה","relativeTimePattern-count-two":"בעוד שנתיים","relativeTimePattern-count-many":"בעוד {0} שנה","relativeTimePattern-count-other":"בעוד {0} שנים"},"relativeTime-type-past":{"relativeTimePattern-count-one":"לפני שנה","relativeTimePattern-count-two":"לפני שנתיים","relativeTimePattern-count-many":"לפני {0} שנה","relativeTimePattern-count-other":"לפני {0} שנים"}},"quarter":{"displayName":"רבעון","relative-type--1":"last quarter","relative-type-0":"this quarter","relative-type-1":"next quarter","relativeTime-type-future":{"relativeTimePattern-count-one":"ברבעון הבא","relativeTimePattern-count-two":"בעוד שני רבעונים","relativeTimePattern-count-many":"בעוד {0} רבעונים","relativeTimePattern-count-other":"בעוד {0} רבעונים"},"relativeTime-type-past":{"relativeTimePattern-count-one":"ברבעון הקודם","relativeTimePattern-count-two":"לפני שני רבעונים","relativeTimePattern-count-many":"לפני {0} רבעונים","relativeTimePattern-count-other":"לפני {0} רבעונים"}},"quarter-short":{"displayName":"רבע׳","relative-type--1":"last quarter","relative-type-0":"this quarter","relative-type-1":"next quarter","relativeTime-type-future":{"relativeTimePattern-count-one":"ברבע׳ הבא","relativeTimePattern-count-two":"בעוד שני רבע׳","relativeTimePattern-count-many":"בעוד {0} רבע׳","relativeTimePattern-count-other":"בעוד {0} רבע׳"},"relativeTime-type-past":{"relativeTimePattern-count-one":"ברבע׳ הקודם","relativeTimePattern-count-two":"לפני שני רבע׳","relativeTimePattern-count-many":"לפני {0} רבע׳","relativeTimePattern-count-other":"לפני {0} רבע׳"}},"quarter-narrow":{"displayName":"רבע׳","relative-type--1":"last quarter","relative-type-0":"this quarter","relative-type-1":"next quarter","relativeTime-type-future":{"relativeTimePattern-count-one":"ברבע׳ הבא","relativeTimePattern-count-two":"בעוד שני רבע׳","relativeTimePattern-count-many":"בעוד {0} רבע׳","relativeTimePattern-count-other":"בעוד {0} רבע׳"},"relativeTime-type-past":{"relativeTimePattern-count-one":"ברבע׳ הקודם","relativeTimePattern-count-two":"לפני שני רבע׳","relativeTimePattern-count-many":"לפני {0} רבע׳","relativeTimePattern-count-other":"לפני {0} רבע׳"}},"month":{"displayName":"חודש","relative-type--1":"החודש שעבר","relative-type-0":"החודש","relative-type-1":"החודש הבא","relativeTime-type-future":{"relativeTimePattern-count-one":"בעוד חודש","relativeTimePattern-count-two":"בעוד חודשיים","relativeTimePattern-count-many":"בעוד {0} חודשים","relativeTimePattern-count-other":"בעוד {0} חודשים"},"relativeTime-type-past":{"relativeTimePattern-count-one":"לפני חודש","relativeTimePattern-count-two":"לפני חודשיים","relativeTimePattern-count-many":"לפני {0} חודשים","relativeTimePattern-count-other":"לפני {0} חודשים"}},"month-short":{"displayName":"חו׳","relative-type--1":"החודש שעבר","relative-type-0":"החודש","relative-type-1":"החודש הבא","relativeTime-type-future":{"relativeTimePattern-count-one":"בעוד חודש","relativeTimePattern-count-two":"בעוד חודשיים","relativeTimePattern-count-many":"בעוד {0} חודשים","relativeTimePattern-count-other":"בעוד {0} חודשים"},"relativeTime-type-past":{"relativeTimePattern-count-one":"לפני חודש","relativeTimePattern-count-two":"לפני חודשיים","relativeTimePattern-count-many":"לפני {0} חודשים","relativeTimePattern-count-other":"לפני {0} חודשים"}},"month-narrow":{"displayName":"חו׳","relative-type--1":"החודש שעבר","relative-type-0":"החודש","relative-type-1":"החודש הבא","relativeTime-type-future":{"relativeTimePattern-count-one":"בעוד חו׳","relativeTimePattern-count-two":"בעוד חודשיים","relativeTimePattern-count-many":"בעוד {0} חו׳","relativeTimePattern-count-other":"בעוד {0} חו׳"},"relativeTime-type-past":{"relativeTimePattern-count-one":"לפני חו׳","relativeTimePattern-count-two":"לפני חודשיים","relativeTimePattern-count-many":"לפני {0} חו׳","relativeTimePattern-count-other":"לפני {0} חו׳"}},"week":{"displayName":"שבוע","relative-type--1":"השבוע שעבר","relative-type-0":"השבוע","relative-type-1":"השבוע הבא","relativeTime-type-future":{"relativeTimePattern-count-one":"בעוד שבוע","relativeTimePattern-count-two":"בעוד שבועיים","relativeTimePattern-count-many":"בעוד {0} שבועות","relativeTimePattern-count-other":"בעוד {0} שבועות"},"relativeTime-type-past":{"relativeTimePattern-count-one":"לפני שבוע","relativeTimePattern-count-two":"לפני שבועיים","relativeTimePattern-count-many":"לפני {0} שבועות","relativeTimePattern-count-other":"לפני {0} שבועות"}},"week-short":{"displayName":"שב׳","relative-type--1":"השבוע שעבר","relative-type-0":"השבוע","relative-type-1":"השבוע הבא","relativeTime-type-future":{"relativeTimePattern-count-one":"בעוד שב׳","relativeTimePattern-count-two":"בעוד שבועיים","relativeTimePattern-count-many":"בעוד {0} שב׳","relativeTimePattern-count-other":"בעוד {0} שב׳"},"relativeTime-type-past":{"relativeTimePattern-count-one":"לפני שב׳","relativeTimePattern-count-two":"לפני שבועיים","relativeTimePattern-count-many":"לפני {0} שב׳","relativeTimePattern-count-other":"לפני {0} שב׳"}},"week-narrow":{"displayName":"שב׳","relative-type--1":"השבוע שעבר","relative-type-0":"השבוע","relative-type-1":"השבוע הבא","relativeTime-type-future":{"relativeTimePattern-count-one":"בעוד שב׳","relativeTimePattern-count-two":"בעוד שבועיים","relativeTimePattern-count-many":"בעוד {0} שב׳","relativeTimePattern-count-other":"בעוד {0} שב׳"},"relativeTime-type-past":{"relativeTimePattern-count-one":"לפני שבוע","relativeTimePattern-count-two":"לפני שבועיים","relativeTimePattern-count-many":"לפני {0} שב׳","relativeTimePattern-count-other":"לפני {0} שב׳"}},"day":{"displayName":"יום","relative-type--1":"אתמול","relative-type--2":"שלשום","relative-type-0":"היום","relative-type-1":"מחר","relative-type-2":"מחרתיים","relativeTime-type-future":{"relativeTimePattern-count-one":"בעוד יום {0}","relativeTimePattern-count-two":"בעוד יומיים","relativeTimePattern-count-many":"בעוד {0} ימים","relativeTimePattern-count-other":"בעוד {0} ימים"},"relativeTime-type-past":{"relativeTimePattern-count-one":"לפני יום {0}","relativeTimePattern-count-two":"לפני יומיים","relativeTimePattern-count-many":"לפני {0} ימים","relativeTimePattern-count-other":"לפני {0} ימים"}},"day-short":{"displayName":"יום","relative-type--1":"אתמול","relative-type--2":"שלשום","relative-type-0":"היום","relative-type-1":"מחר","relative-type-2":"מחרתיים","relativeTime-type-future":{"relativeTimePattern-count-one":"מחר","relativeTimePattern-count-two":"בעוד יומיים","relativeTimePattern-count-many":"בעוד {0} יום","relativeTimePattern-count-other":"בעוד {0} ימ׳"},"relativeTime-type-past":{"relativeTimePattern-count-one":"אתמול","relativeTimePattern-count-two":"לפני יומיים","relativeTimePattern-count-many":"לפני {0} יום","relativeTimePattern-count-other":"לפני {0} ימ׳"}},"day-narrow":{"displayName":"יום","relative-type--1":"אתמול","relative-type--2":"שלשום","relative-type-0":"היום","relative-type-1":"מחר","relative-type-2":"מחרתיים","relativeTime-type-future":{"relativeTimePattern-count-one":"מחר","relativeTimePattern-count-two":"בעוד יומיים","relativeTimePattern-count-many":"בעוד {0} יום","relativeTimePattern-count-other":"בעוד {0} ימ׳"},"relativeTime-type-past":{"relativeTimePattern-count-one":"אתמול","relativeTimePattern-count-two":"לפני יומיים","relativeTimePattern-count-many":"לפני {0} יום","relativeTimePattern-count-other":"לפני {0} ימ׳"}},"weekday":{"displayName":"יום בשבוע"},"sun":{"relative-type--1":"יום ראשון שעבר","relative-type-0":"יום ראשון","relative-type-1":"יום ראשון הבא"},"sun-short":{"relative-type--1":"יום א׳ שעבר","relative-type-0":"יום א׳","relative-type-1":"יום א׳ הבא"},"sun-narrow":{"relative-type--1":"יום א׳ שעבר","relative-type-0":"יום א׳","relative-type-1":"יום א׳ הבא"},"mon":{"relative-type--1":"יום שני שעבר","relative-type-0":"יום שני","relative-type-1":"יום שני הבא"},"mon-short":{"relative-type--1":"יום ב׳ שעבר","relative-type-0":"יום ב׳","relative-type-1":"יום ב׳ הבא"},"mon-narrow":{"relative-type--1":"יום ב׳ שעבר","relative-type-0":"יום ב׳","relative-type-1":"יום ב׳ הבא"},"tue":{"relative-type--1":"יום שלישי שעבר","relative-type-0":"יום שלישי","relative-type-1":"יום שלישי הבא"},"tue-short":{"relative-type--1":"יום ג׳ שעבר","relative-type-0":"יום ג׳","relative-type-1":"יום ג׳ הבא"},"tue-narrow":{"relative-type--1":"יום ג׳ שעבר","relative-type-0":"יום ג׳","relative-type-1":"יום ג׳ הבא"},"wed":{"relative-type--1":"יום רביעי שעבר","relative-type-0":"יום רביעי","relative-type-1":"יום רביעי הבא"},"wed-short":{"relative-type--1":"יום ד׳ שעבר","relative-type-0":"יום ד׳","relative-type-1":"יום ד׳ הבא"},"wed-narrow":{"relative-type--1":"יום ד׳ שעבר","relative-type-0":"יום ד׳","relative-type-1":"יום ד׳ הבא"},"thu":{"relative-type--1":"יום חמישי שעבר","relative-type-0":"יום חמישי","relative-type-1":"יום חמישי הבא"},"thu-short":{"relative-type--1":"יום ה׳ שעבר","relative-type-0":"יום ה׳","relative-type-1":"יום ה׳ הבא"},"thu-narrow":{"relative-type--1":"יום ה׳ שעבר","relative-type-0":"יום ה׳","relative-type-1":"יום ה׳ הבא"},"fri":{"relative-type--1":"יום שישי שעבר","relative-type-0":"יום שישי","relative-type-1":"יום שישי הבא"},"fri-short":{"relative-type--1":"יום ו׳ שעבר","relative-type-0":"יום ו׳","relative-type-1":"יום ו׳ הבא"},"fri-narrow":{"relative-type--1":"יום ו׳ שעבר","relative-type-0":"יום ו׳","relative-type-1":"יום ו׳ הבא"},"sat":{"relative-type--1":"יום שבת שעבר","relative-type-0":"יום שבת","relative-type-1":"יום שבת הבא"},"sat-short":{"relative-type--1":"שבת שעברה","relative-type-0":"שבת","relative-type-1":"שבת הבאה"},"sat-narrow":{"relative-type--1":"שבת שעברה","relative-type-0":"שבת","relative-type-1":"שבת הבאה"},"dayperiod":{"displayName":"לפנה״צ/אחה״צ"},"hour":{"displayName":"שעה","relativeTime-type-future":{"relativeTimePattern-count-one":"בעוד שעה","relativeTimePattern-count-two":"בעוד שעתיים","relativeTimePattern-count-many":"בעוד {0} שעות","relativeTimePattern-count-other":"בעוד {0} שעות"},"relativeTime-type-past":{"relativeTimePattern-count-one":"לפני שעה","relativeTimePattern-count-two":"לפני שעתיים","relativeTimePattern-count-many":"לפני {0} שעות","relativeTimePattern-count-other":"לפני {0} שעות"}},"hour-short":{"displayName":"שעה","relativeTime-type-future":{"relativeTimePattern-count-one":"בעוד שעה","relativeTimePattern-count-two":"בעוד שעתיים","relativeTimePattern-count-many":"בעוד {0} שע׳","relativeTimePattern-count-other":"בעוד {0} שע׳"},"relativeTime-type-past":{"relativeTimePattern-count-one":"לפני שעה","relativeTimePattern-count-two":"לפני שעתיים","relativeTimePattern-count-many":"לפני {0} שע׳","relativeTimePattern-count-other":"לפני {0} שע׳"}},"hour-narrow":{"displayName":"שע׳","relativeTime-type-future":{"relativeTimePattern-count-one":"בעוד שעה","relativeTimePattern-count-two":"בעוד שעתיים","relativeTimePattern-count-many":"בעוד {0} שע׳","relativeTimePattern-count-other":"בעוד {0} שע׳"},"relativeTime-type-past":{"relativeTimePattern-count-one":"לפני שעה","relativeTimePattern-count-two":"לפני שעתיים","relativeTimePattern-count-many":"לפני {0} שע׳","relativeTimePattern-count-other":"לפני {0} שע׳"}},"minute":{"displayName":"דקה","relativeTime-type-future":{"relativeTimePattern-count-one":"בעוד דקה","relativeTimePattern-count-two":"בעוד שתי דקות","relativeTimePattern-count-many":"בעוד {0} דקות","relativeTimePattern-count-other":"בעוד {0} דקות"},"relativeTime-type-past":{"relativeTimePattern-count-one":"לפני דקה","relativeTimePattern-count-two":"לפני שתי דקות","relativeTimePattern-count-many":"לפני {0} דקות","relativeTimePattern-count-other":"לפני {0} דקות"}},"minute-short":{"displayName":"דק׳","relativeTime-type-future":{"relativeTimePattern-count-one":"בעוד דקה","relativeTimePattern-count-two":"בעוד שתי דק׳","relativeTimePattern-count-many":"בעוד {0} דק׳","relativeTimePattern-count-other":"בעוד {0} דק׳"},"relativeTime-type-past":{"relativeTimePattern-count-one":"לפני דקה","relativeTimePattern-count-two":"לפני {0} דק׳","relativeTimePattern-count-many":"לפני {0} דק׳","relativeTimePattern-count-other":"לפני {0} דק׳"}},"minute-narrow":{"displayName":"דק׳","relativeTime-type-future":{"relativeTimePattern-count-one":"בעוד דקה","relativeTimePattern-count-two":"בעוד שתי דק׳","relativeTimePattern-count-many":"בעוד {0} דק׳","relativeTimePattern-count-other":"בעוד {0} דק׳"},"relativeTime-type-past":{"relativeTimePattern-count-one":"לפני דקה","relativeTimePattern-count-two":"לפני שתי דק׳","relativeTimePattern-count-many":"לפני {0} דק׳","relativeTimePattern-count-other":"לפני {0} דק׳"}},"second":{"displayName":"שנייה","relative-type-0":"עכשיו","relativeTime-type-future":{"relativeTimePattern-count-one":"בעוד שנייה","relativeTimePattern-count-two":"בעוד שתי שניות","relativeTimePattern-count-many":"בעוד {0} שניות","relativeTimePattern-count-other":"בעוד {0} שניות"},"relativeTime-type-past":{"relativeTimePattern-count-one":"לפני שנייה","relativeTimePattern-count-two":"לפני שתי שניות","relativeTimePattern-count-many":"לפני {0} שניות","relativeTimePattern-count-other":"לפני {0} שניות"}},"second-short":{"displayName":"שנ׳","relative-type-0":"עכשיו","relativeTime-type-future":{"relativeTimePattern-count-one":"בעוד שנ׳","relativeTimePattern-count-two":"בעוד שתי שנ׳","relativeTimePattern-count-many":"בעוד {0} שנ׳","relativeTimePattern-count-other":"בעוד {0} שנ׳"},"relativeTime-type-past":{"relativeTimePattern-count-one":"לפני שנ׳","relativeTimePattern-count-two":"לפני שתי שנ׳","relativeTimePattern-count-many":"לפני {0} שנ׳","relativeTimePattern-count-other":"לפני {0} שנ׳"}},"second-narrow":{"displayName":"שנ׳","relative-type-0":"עכשיו","relativeTime-type-future":{"relativeTimePattern-count-one":"בעוד שנ׳","relativeTimePattern-count-two":"בעוד שתי שנ׳","relativeTimePattern-count-many":"בעוד {0} שנ׳","relativeTimePattern-count-other":"בעוד {0} שנ׳"},"relativeTime-type-past":{"relativeTimePattern-count-one":"לפני שנ׳","relativeTimePattern-count-two":"לפני שתי שנ׳","relativeTimePattern-count-many":"לפני {0} שנ׳","relativeTimePattern-count-other":"לפני {0} שנ׳"}},"zone":{"displayName":"אזור"}}