{"aa":"אפארית","ab":"אבחזית","ace":"אכינזית","ach":"אקולי","ada":"אדנמה","ady":"אדיגית","ae":"אבסטן","aeb":"aeb","af":"אפריקאנס","afh":"אפריהילי","agq":"אהיים","ain":"אינו","ak":"אקאן","akk":"אכדית","akz":"akz","ale":"אלאוט","aln":"aln","alt":"אלטאי דרומית","am":"אמהרית","an":"אראגונית","ang":"אנגלית עתיקה","anp":"אנג׳יקה","ar":"ערבית","ar-001":"ערבית ספרותית","arc":"ארמית","arn":"אראוקנית","aro":"aro","arp":"ארפהו","arq":"arq","arw":"ארוואק","ary":"ary","arz":"arz","as":"אסאמית","asa":"אסו","ase":"ase","ast":"אסטורית","av":"אבארית","avk":"avk","awa":"אוואדית","ay":"איימארית","az":"אזרית","az-alt-short":"אזרית","azb":"azb","ba":"בשקירית","bal":"באלוצ׳י","ban":"בלינזית","bar":"בווארית","bas":"בסאא","bax":"באקס","bbc":"bbc","bbj":"גומל","be":"בלארוסית","bej":"בז׳ה","bem":"במבה","bew":"bew","bez":"בנה","bfd":"באפוט","bfq":"bfq","bg":"בולגרית","bho":"בוג׳פורי","bi":"ביסלמה","bik":"ביקול","bin":"ביני","bjn":"bjn","bkm":"קום","bla":"סיקסיקה","bm":"במבארה","bn":"בנגלית","bo":"טיבטית","bpy":"bpy","bqi":"bqi","br":"ברטונית","bra":"בראג׳","brh":"brh","brx":"בודו","bs":"בוסנית","bss":"אקוסה","bua":"בוריאט","bug":"בוגינזית","bum":"בולו","byn":"בלין","byv":"מדומבה","ca":"קטלאנית","cad":"קאדו","car":"קאריב","cay":"קאיוגה","cch":"אטסם","ce":"צ׳צ׳נית","ceb":"קבואנו","cgg":"צ׳יגה","ch":"צ׳מורו","chb":"צ׳יבצ׳ה","chg":"צ׳אגאטאי","chk":"צ׳וקסה","chm":"מארי","chn":"ניב צ׳ינוק","cho":"צ׳וקטאו","chp":"צ׳יפוויאן","chr":"צ׳רוקי","chy":"שאיין","ckb":"כורדית סוראנית","co":"קורסיקנית","cop":"קופטית","cps":"cps","cr":"קרי","crh":"טטרית של קרים","cs":"צ׳כית","csb":"קשוביאן","cu":"סלאבית כנסייתית עתיקה","cv":"צ׳ובאש","cy":"ולשית","da":"דנית","dak":"דקוטה","dar":"דרגווה","dav":"טאיטה","de":"גרמנית","de-AT":"גרמנית אוסטרית","de-CH":"גרמנית שוויצרית (גבוהה)","del":"דלאוור","den":"סלאבית","dgr":"דוגריב","din":"דינקה","dje":"זארמה","doi":"דוגרי","dsb":"סורבית נמוכה","dtp":"dtp","dua":"דואלה","dum":"הולנדית תיכונה","dv":"דיבהי","dyo":"הולה-פוניי","dyu":"דיולה","dz":"דזונקה","dzg":"דזאנגה","ebu":"אמבו","ee":"אווה","efi":"אפיק","egl":"egl","egy":"מצרית עתיקה","eka":"אקיוק","el":"יוונית","elx":"עילמית","en":"אנגלית","en-AU":"אנגלית אוסטרלית","en-CA":"אנגלית קנדית","en-GB":"אנגלית בריטית","en-GB-alt-short":"אנגלית בריטית","en-US":"אנגלית אמריקאית","en-US-alt-short":"אנגלית אמריקאית","enm":"אנגלית תיכונה","eo":"אספרנטו","es":"ספרדית","es-419":"ספרדית לטינו־אמריקאית","es-ES":"ספרדית אירופאית","es-MX":"ספרדית מקסיקנית","esu":"esu","et":"אסטונית","eu":"בסקית","ewo":"אוונדו","ext":"ext","fa":"פרסית","fan":"פנג","fat":"פאנטי","ff":"פולה","fi":"פינית","fil":"פיליפינית","fit":"fit","fj":"פיג׳ית","fo":"פארואזית","fon":"פון","fr":"צרפתית","fr-CA":"צרפתית קנדית","fr-CH":"צרפתית שוויצרית","frc":"frc","frm":"צרפתית תיכונה","fro":"צרפתית עתיקה","frp":"frp","frr":"פריזית צפונית","frs":"פריזיאן מזרחית","fur":"פריולית","fy":"פריזית","ga":"אירית","gaa":"גא","gag":"גגאוזית","gan":"gan","gay":"גאיו","gba":"גבאיה","gbz":"gbz","gd":"גאלית סקוטית","gez":"געז","gil":"גילברטזית","gl":"גליציאנית","glk":"glk","gmh":"גרמנית בינונית-גבוהה","gn":"גוארני","goh":"גרמנית עתיקה גבוהה","gom":"gom","gon":"גונדי","gor":"גורונטאלו","got":"גותית","grb":"גרבו","grc":"יוונית עתיקה","gsw":"גרמנית שוויצרית","gu":"גוג׳ראטית","guc":"guc","gur":"gur","guz":"גוסי","gv":"מאנית","gwi":"גוויצ׳ין","ha":"האוסה","hai":"האידה","hak":"hak","haw":"הוואית","he":"עברית","hi":"הינדי","hif":"hif","hil":"היליגאינון","hit":"חיתית","hmn":"מונג","ho":"הארי מוטו","hr":"קרואטית","hsb":"סורבית גבוהה","hsn":"hsn","ht":"האיטית","hu":"הונגרית","hup":"הופה","hy":"ארמנית","hz":"הררו","ia":"‏אינטרלינגואה","iba":"איבאן","ibb":"איביביו","id":"אינדונזית","ie":"אינטרלינגה","ig":"איגבו","ii":"סיצ׳ואן יי","ik":"אינופיאק","ilo":"אילוקו","inh":"אינגושית","io":"אידו","is":"איסלנדית","it":"איטלקית","iu":"אינוקטיטוט","izh":"izh","ja":"יפנית","jam":"jam","jbo":"לויבאן","jgo":"נגומה","jmc":"מצ׳אמה","jpr":"פרסית יהודית","jrb":"ערבית יהודית","jut":"jut","jv":"יאוונית","ka":"גאורגית","kaa":"קארא-קלפאק","kab":"קבילה","kac":"קצ׳ין","kaj":"ג׳יו","kam":"קמבה","kaw":"קאווי","kbd":"קברדית","kbl":"קנמבו","kcg":"טיאפ","kde":"מקונדה","kea":"קאבוורדיאנו","ken":"ken","kfo":"קורו","kg":"קונגו","kgp":"kgp","kha":"קאסי","kho":"קוטאנזית","khq":"קוירה צ׳יני","khw":"khw","ki":"קיקויו","kiu":"kiu","kj":"קואניאמה","kk":"קזחית","kkj":"קאקו","kl":"קאלאליסוטית","kln":"קאלנג׳ין","km":"קמרית","kmb":"קימבונדו","kn":"קנאדה","ko":"קוריאנית","koi":"קומי-פרמיאקית","kok":"קונקאני","kos":"קוסראיאן","kpe":"קפלה","kr":"קאנורי","krc":"קראצ׳י-בלקר","kri":"kri","krj":"krj","krl":"קארלית","kru":"קורוק","ks":"קשמירית","ksb":"שמבאלה","ksf":"באפיה","ksh":"קולוניאן","ku":"כורדית","kum":"קומיק","kut":"קוטנאי","kv":"קומי","kw":"קורנית","ky":"קירגיזית","la":"לטינית","lad":"לדינו","lag":"לאנגי","lah":"לנדה","lam":"למבה","lb":"לוקסמבורגית","lez":"לזגית","lfn":"lfn","lg":"גאנדה","li":"לימבורגיש","lij":"lij","liv":"liv","lkt":"לקוטה","lmo":"lmo","ln":"לינגלה","lo":"לאית","lol":"מונגו","loz":"לוזי","lt":"ליטאית","ltg":"ltg","lu":"לובה-קטנגה","lua":"לובה, לולואה","lui":"לואיסנו","lun":"לונדה","luo":"לואו","lus":"לושאי","luy":"לויה","lv":"לטבית","lzh":"lzh","lzz":"lzz","mad":"מדורסה","maf":"מאפא","mag":"מאגאהית","mai":"מאיטילית","mak":"מקסאר","man":"מנדינגו","mas":"מאסאית","mde":"מאבא","mdf":"מוקשה","mdr":"מנדאר","men":"מנדה","mer":"מרו","mfe":"מוריסיין","mg":"מלגשית","mga":"אירית תיכונה","mgh":"מקואה-מיטו","mgo":"מטא","mh":"מרשאלס","mi":"מאורית","mic":"מיקמק","min":"מיננגקבאו","mk":"מקדונית","ml":"מלאיאלם","mn":"מונגולית","mnc":"מנצ׳ו","mni":"מניפורית","moh":"מוהוק","mos":"מוסי","mr":"מרטהי","mrj":"mrj","ms":"מלאית","mt":"מלטית","mua":"מונדאנג","mul":"מספר שפות","mus":"קריק","mwl":"מירנדזית","mwr":"מרווארי","mwv":"mwv","my":"בורמזית","mye":"מאיין","myv":"ארזיה","mzn":"mzn","na":"נאורית","nan":"nan","nap":"נפוליטנית","naq":"נאמה","nb":"‏נורבגית ספרותית","nd":"צפון נדבלה","nds":"גרמנית תחתית","ne":"נפאלית","new":"נווארי","ng":"נדונגה","nia":"ניאס","niu":"ניואיאן","njo":"njo","nl":"הולנדית","nl-BE":"פלמית","nmg":"קוואסיו","nn":"נורבגית חדשה","nnh":"נגיאמבון","no":"נורבגית","nog":"נוגאי","non":"‏נורדית עתיקה","nov":"nov","nqo":"נ׳קו","nr":"דרום נדבלה","nso":"סוטו הצפונית","nus":"נואר","nv":"נבחו","nwc":"נווארית קלאסית","ny":"ניאנג׳ה","nym":"ניאמווזי","nyn":"ניאנקולה","nyo":"ניורו","nzi":"נזימה","oc":"אוקסיטנית","oj":"אוג׳יבווה","om":"אורומו","or":"אוריה","os":"אוסטית","osa":"אוסג׳ה","ota":"טורקית עותומנית","pa":"פנג׳אבית","pag":"פנגסינאן","pal":"פלאבי","pam":"פמפאניה","pap":"פפיאמנטו","pau":"פלוואן","pcd":"pcd","pdc":"pdc","pdt":"pdt","peo":"פרסית עתיקה","pfl":"pfl","phn":"פניקית","pi":"פאלי","pl":"פולנית","pms":"pms","pnt":"pnt","pon":"פונפיאן","prg":"prg","pro":"פרובנסאל עתיקה","ps":"פאשטו","ps-alt-variant":"פושטו","pt":"פורטוגלית","pt-BR":"פורטוגלית ברזילאית","pt-PT":"פורטוגלית אירופאית","qu":"קצ׳ואה","quc":"קיצ׳ה","qug":"qug","raj":"ראג׳סטן","rap":"רפאנוי","rar":"ררוטונגאן","rgn":"rgn","rif":"rif","rm":"רומאנש","rn":"קירונדי","ro":"רומנית","ro-MD":"מולדבית","rof":"רומבו","rom":"רומאנית","root":"רוט","rtm":"rtm","ru":"רוסית","rue":"rue","rug":"rug","rup":"ארומנית","rw":"קינירואנדה","rwk":"רווא","sa":"סנסקריט","sad":"סנדאווה","sah":"סאחה","sam":"ארמית שומרונית","saq":"סמבורו","sas":"ססאק","sat":"סאנטלי","saz":"saz","sba":"נגמבאי","sbp":"סאנגו","sc":"סרדינית","scn":"סיציליאנית","sco":"סקוטית","sd":"סינדהית","sdc":"sdc","se":"לאפית צפונית","see":"סנקה","seh":"סנה","sei":"sei","sel":"סלקופ","ses":"קויראבורו סני","sg":"סנגו","sga":"אירית עתיקה","sgs":"sgs","sh":"סרבו-קרואטית","shi":"טצ׳להיט","shn":"שאן","shu":"ערבית צ׳אדית","si":"סינהלה","sid":"סידמו","sk":"סלובקית","sl":"סלובנית","sli":"sli","sly":"sly","sm":"סמואית","sma":"סאמי דרומית","smj":"לולה סאמי","smn":"אינארי סאמי","sms":"סקולט סאמי","sn":"שונה","snk":"סונינקה","so":"סומלית","sog":"סוגדיאן","sq":"אלבנית","sr":"סרבית","srn":"סרנאן טונגו","srr":"סרר","ss":"סיסוואטי","ssy":"סאהו","st":"ססות׳ו","stq":"stq","su":"סונדנית","suk":"סוקומה","sus":"סוסו","sux":"שומרית","sv":"שוודית","sw":"סווהילית","swb":"קומורו","swc":"סווהילי קונגולטזית","syc":"סירית קלאסית","syr":"סורית","szl":"szl","ta":"טמילית","tcy":"tcy","te":"טלוגו","tem":"טימנה","teo":"טסו","ter":"טרנו","tet":"טטום","tg":"טג׳יקית","th":"תאית","ti":"טיגרינאית","tig":"טיגרית","tiv":"טיב","tk":"טורקמנית","tkl":"טוקלאו","tkr":"tkr","tl":"טגלוג","tlh":"קלינגון","tli":"טלינגיט","tly":"tly","tmh":"טמאשק","tn":"טוניסיה","to":"טונגן","tog":"ניאסה טונגה","tpi":"טוק פיסין","tr":"טורקית","tru":"tru","trv":"טרוקו","ts":"טסונגה","tsd":"tsd","tsi":"טסימשיאן","tt":"טטרית","ttt":"ttt","tum":"טומבוקה","tvl":"טובאלו","tw":"טווי","twq":"טסוואק","ty":"טהיטית","tyv":"טובינית","tzm":"טמזייט של מרכז מרוקו","udm":"אודמורט","ug":"אויגהור","ug-alt-variant":"אויגור","uga":"אוגריתית","uk":"אוקראינית","umb":"אומבונדו","und":"שפה לא ידועה","ur":"אורדו","uz":"אוזבקית","vai":"ואי","ve":"וונדה","vec":"vec","vep":"vep","vi":"ויאטנמית","vls":"vls","vmf":"vmf","vo":"‏וולאפיק","vot":"ווטיק","vro":"vro","vun":"וונג׳ו","wa":"וואלון","wae":"וואלסר","wal":"וולאמו","war":"ווראי","was":"וואשו","wo":"ג׳ולוף","wuu":"wuu","xal":"קלמיק","xh":"קסוסה","xmf":"xmf","xog":"סוגה","yao":"יאו","yap":"יאפזית","yav":"יאנגבן","ybb":"ימבה","yi":"יידיש","yo":"יורובה","yrl":"yrl","yue":"קנטונזית","za":"ז׳ואנג","zap":"זאפוטק","zbl":"בליסימבולס","zea":"zea","zen":"זנאגה","zgh":"תמזיע׳ת מרוקאית תקנית","zh":"סינית","zh-Hans":"סינית מפושטת","zh-Hant":"סינית מסורתית","zu":"זולו","zun":"זוני","zxx":"ללא תוכן לשוני","zza":"זאזא"}