{"localeDisplayPattern":{"localePattern":"%1$s (%2$s)","localeSeparator":"%1$s, %2$s","localeKeyTypePattern":"%1$s:‏ %2$s"},"keys":{"calendar":"לוח שנה","colAlternate":"התעלם מסמלים במיון","colBackwards":"מיון לפי הטעמות בסדר הפוך","colCaseFirst":"סידור לפי אותיות רישיות/קטנות","colCaseLevel":"מיון תלוי רישיות","colHiraganaQuaternary":"מיון קאנה","colNormalization":"מיון מנורמל","colNumeric":"מיון לפי מספרים","colStrength":"עוצמת המיון","collation":"סדר מיון","currency":"מטבע","numbers":"מספרים","timezone":"אזור זמן","va":"משתנה אזור","variableTop":"מיין כסמלים","x":"שימוש פרטי"},"types":{"calendar":{"buddhist":"לוח שנה בודהיסטי","chinese":"לוח שנה סיני","coptic":"לוח שנה קופטי","dangi":"לוח שנה קוריאני","ethiopic":"לוח שנה אתיופי","ethiopic-amete-alem":"לוח השנה אמטה אלם האתיופי","gregorian":"לוח שנה גרגוריאני","hebrew":"לוח שנה עברי","indian":"לוח השנה ההודי הלאומי","islamic":"לוח שנה מוסלמי","islamic-civil":"לוח שנה מוסלמי-אזרחי","islamic-rgsa":"islamic-rgsa","islamic-tbla":"לוח שנה מוסלמי-אסטרולוגי","islamic-umalqura":"islamic-umalqura","iso8601":"לוח שנה ISO-8601","japanese":"לוח שנה יפני","persian":"לוח שנה פרסי","roc":"לוח השנה הסיני Minguo"},"colAlternate":{"non-ignorable":"מיין סמלים","shifted":"מיין תוך התעלמות מסמלים"},"colBackwards":{"no":"מיין הטעמות בצורה רגילה","yes":"מיין לפי הטעמות בסדר הפוך"},"colCaseFirst":{"lower":"מיין תחילה לפי אותיות קטנות","no":"מיין לפי סדר רישיות רגיל","upper":"מיין תחילה לפי אותיות רישיות"},"colCaseLevel":{"no":"מיין באופן שאינו תלוי רישיות","yes":"מיין באופן תלוי רישיות"},"colHiraganaQuaternary":{"no":"מיין קאנה בנפרד","yes":"מיין קאנה אחרת"},"colNormalization":{"no":"מיין ללא נורמליזציה","yes":"מיין לפי Unicode מנורמל"},"colNumeric":{"no":"מיין ספרות בנפרד","yes":"מיין ספרות לפי סדר מספרי"},"colStrength":{"identical":"מיין הכל","primary":"מיין תוך התעלמות מהטעמות","quaternary":"מיין לפי הטעמות/רישיות/רוחב/קאנה","secondary":"מיין לפי הטעמות","tertiary":"מיין הטעמות/רישיות/רוחב"},"collation":{"big5han":"מיון סינית מסורתית","dictionary":"סדר מיון במילון","ducet":"סדר מיון Unicode המוגדר כברירת מחדל","eor":"eor","gb2312han":"מיון סינית מודרנית","phonebook":"מיון ספר טלפונים","phonetic":"סדר מיון פונטי","pinyin":"מיון פיניין","reformed":"סדר מיון מתוקן","search":"חיפוש כללי","searchjl":"חפש לפי העיצור הראשון באותיות הנגול","standard":"סדר מיון רגיל","stroke":"סדר מיון לפי ספירת תווים","traditional":"מיון מסורתי","unihan":"סדר מיון לפי ספירת תווים Radical-Stroke","zhuyin":"zhuyin"},"numbers":{"arab":"ספרות הינדיות","arabext":"ספרות הינדיות מורחבות","armn":"ספרות ארמניות","armnlow":"ספרות ארמניות קטנות","bali":"bali","beng":"ספרות בנגליות","brah":"brah","cakm":"cakm","cham":"cham","deva":"ספרות של דוונגארי","ethi":"ספרות אתיופיות","finance":"ספרות פיננסיות","fullwide":"ספרות ברוחב מלא","geor":"ספרות גאורגיות","grek":"ספרות יווניות","greklow":"ספרות יווניות קטנות","gujr":"ספרות גוג׳רטיות","guru":"ספרות גורמוקיות","hanidec":"ספרות סיניות עשרוניות","hans":"ספרות סיניות מפושטות","hansfin":"ספרות פיננסיות סיניות מפושטות","hant":"ספרות סיניות מסורתיות","hantfin":"ספרות פיננסיות סיניות מסורתיות","hebr":"ספרות עבריות","java":"java","jpan":"ספרות יפניות","jpanfin":"ספרות פיננסיות יפניות","kali":"kali","khmr":"ספרות חמריות","knda":"ספרות של קנאדה","lana":"lana","lanatham":"lanatham","laoo":"ספרות של לאוס","latn":"ספרות מערביות","lepc":"lepc","limb":"limb","mlym":"ספרות של מליאלאם","mong":"ספרות מונגוליות","mtei":"mtei","mymr":"ספרות של מיאנמר","mymrshan":"mymrshan","native":"ספרות מקומיות","nkoo":"nkoo","olck":"olck","orya":"ספרות אוריה","osma":"osma","roman":"ספרות רומיות","romanlow":"ספרות רומיות קטנות","saur":"saur","shrd":"shrd","sora":"sora","sund":"sund","takr":"takr","talu":"talu","taml":"ספרות טמיליות מסורתיות","tamldec":"ספרות טמיליות","telu":"ספרות טלוגו","thai":"ספרות תאיות","tibt":"ספרות טיבטיות","traditional":"ספרות מסורתיות","vaii":"ספרות ואי"}},"codePatterns":{"language":"שפה:‏ %1$s","script":"כתב: %1$s","territory":"אזור: %1$s"}}