{"long":{"_compoundPattern":"%1$s לכל %2$s","acceleration":{"g-force":{"_name":"כוח ג׳י","one":"כוח ג׳י אחד","two":"שני כוחות ג׳י","many":"%1$s כוחות ג׳י","other":"%1$s כוחות ג׳י"},"meter-per-second-squared":{"_name":"מטר לשנייה בריבוע","one":"%1$s מטר לשנייה בריבוע","two":"%1$s מטר לשנייה בריבוע","many":"%1$s מטר לשנייה בריבוע","other":"%1$s מטר לשנייה בריבוע"}},"angle":{"arc-minute":{"_name":"דקות קשת","one":"דקה %1$s","two":"%1$s דקות","many":"%1$s דקות","other":"%1$s דקות"},"arc-second":{"_name":"שניות קשת","one":"שנייה %1$s","two":"%1$s שניות","many":"%1$s שניות","other":"%1$s שניות"},"degree":{"_name":"מעלות","one":"מעלה אחת","two":"שתי מעלות","many":"%1$s מעלות","other":"%1$s מעלות"},"radian":{"_name":"רדיאנים","one":"רדיאן אחד","two":"שני רדיאנים","many":"%1$s רדיאנים","other":"%1$s רדיאנים"}},"area":{"acre":{"_name":"אקר","one":"אקר %1$s","two":"%1$s אקר","many":"%1$s אקר","other":"%1$s אקר"},"hectare":{"_name":"הקטאר","one":"הקטאר %1$s","two":"%1$s הקטאר","many":"%1$s הקטאר","other":"%1$s הקטאר"},"square-centimeter":{"_name":"סנטימטר רבוע","one":"%1$s סנטימטר רבוע","two":"%1$s סנטימטר רבוע","many":"%1$s סנטימטר רבוע","other":"%1$s סנטימטר רבוע"},"square-foot":{"_name":"רגל רבועה","one":"רגל רבועה %1$s","two":"%1$s רגל רבועה","many":"%1$s רגל רבועה","other":"%1$s רגל רבועה"},"square-inch":{"_name":"אינצ׳ רבוע","one":"%1$s אינצ׳ רבוע","two":"%1$s אינצ׳ רבוע","many":"%1$s אינצ׳ רבוע","other":"%1$s אינצ׳ רבוע"},"square-kilometer":{"_name":"קילומטר רבוע","one":"קילומטר רבוע %1$s","two":"%1$s קילומטר רבוע","many":"%1$s קילומטר רבוע","other":"%1$s קילומטר רבוע"},"square-meter":{"_name":"מטר רבוע","one":"מטר רבוע %1$s","two":"%1$s מטר רבוע","many":"%1$s מטר רבוע","other":"%1$s מטר רבוע"},"square-mile":{"_name":"מייל רבוע","one":"מייל רבוע %1$s","two":"%1$s מייל רבוע","many":"%1$s מייל רבוע","other":"%1$s מייל רבוע"},"square-yard":{"_name":"יארד רבוע","one":"%1$s יארד רבוע","two":"%1$s יארד רבוע","many":"%1$s יארד רבוע","other":"%1$s יארד רבוע"}},"consumption":{"liter-per-kilometer":{"_name":"ליטרים/קילומטר","one":"%1$s ליטר/קילומטר","two":"%1$s ליטרים/קילומטר","many":"%1$s ליטרים/קילומטר","other":"%1$s ליטרים/קילומטר"},"mile-per-gallon":{"_name":"מייל/גלון","one":"%1$s מייל/גלון","two":"%1$s מייל/גלון","many":"%1$s מייל/גלון","other":"%1$s מייל/גלון"}},"digital":{"bit":{"_name":"סיביות","one":"%1$s סיבית","two":"%1$s סיביות","many":"%1$s סיביות","other":"%1$s סיביות"},"byte":{"_name":"בתים","one":"%1$s בית","two":"%1$s בתים","many":"%1$s בתים","other":"%1$s בתים"},"gigabit":{"_name":"גיגהסיביות","one":"%1$s גיגהסיבית","two":"%1$s גיגהסיביות","many":"%1$s גיגהסיביות","other":"%1$s גיגהסיביות"},"gigabyte":{"_name":"ג׳יגה-בייט","one":"%1$s ג׳יגה-בייט","two":"%1$s ג׳יגה-בייט","many":"%1$s ג׳יגה-בייט","other":"%1$s ג׳יגה-בייט"},"kilobit":{"_name":"קילוסיביות","one":"%1$s קילוסיבית","two":"%1$s קילוסיביות","many":"%1$s קילוסיביות","other":"%1$s קילוסיביות"},"kilobyte":{"_name":"קילו-בייט","one":"%1$s קילו-בייט","two":"%1$s קילו-בייט","many":"%1$s קילו-בייט","other":"%1$s קילו-בייט"},"megabit":{"_name":"מגהסיביות","one":"%1$s מגהסיבית","two":"%1$s מגהסיביות","many":"%1$s מגהסיביות","other":"%1$s מגהסיביות"},"megabyte":{"_name":"מגה-בייט","one":"%1$s מגה-בייט","two":"%1$s מגה-בייט","many":"%1$s מגה-בייט","other":"%1$s מגה-בייט"},"terabit":{"_name":"טרהסיביות","one":"%1$s טרהסיבית","two":"%1$s טרהסיביות","many":"%1$s טרהסיביות","other":"%1$s טרהסיביות"},"terabyte":{"_name":"טרה-בייט","one":"%1$s טרה-בייט","two":"%1$s טרה-בייט","many":"%1$s טרה-בייט","other":"%1$s טרה-בייט"}},"duration":{"day":{"_name":"ימים","one":"יום","two":"יומיים","many":"%1$s יום","other":"%1$s ימים"},"hour":{"_name":"שעות","one":"שעה","two":"שעתיים","many":"%1$s שעות","other":"%1$s שעות","_per":"%1$s לשעה"},"microsecond":{"_name":"מיליוניות שנייה","one":"%1$s מיליונית שנייה","two":"%1$s מיליוניות שנייה","many":"%1$s מיליוניות שנייה","other":"%1$s מיליוניות שנייה"},"millisecond":{"_name":"אלפיות השניה","one":"אלפית שנייה %1$s","two":"%1$s אלפיות שנייה","many":"%1$s אלפיות שנייה","other":"%1$s אלפיות שנייה"},"minute":{"_name":"דקות","one":"דקה","two":"שתי דקות","many":"%1$s דקות","other":"%1$s דקות"},"month":{"_name":"חודשים","one":"חודש","two":"חודשיים","many":"%1$s חודשים","other":"%1$s חודשים"},"nanosecond":{"_name":"ננו שניות","one":"%1$s ננו שנייה","two":"%1$s ננו שניות","many":"%1$s ננו שניות","other":"%1$s ננו שניות"},"second":{"_name":"שניות","one":"שניה","two":"שתי שניות","many":"‏%1$s שניות","other":"%1$s שניות","_per":"%1$s לשניה"},"week":{"_name":"שבועות","one":"שבוע","two":"שבועיים","many":"%1$s שבועות","other":"%1$s שבועות"},"year":{"_name":"שנים","one":"שנה","two":"שנתיים","many":"%1$s שנה","other":"%1$s שנים"}},"electric":{"ampere":{"_name":"אמפר","one":"%1$s אמפר","two":"%1$s אמפר","many":"%1$s אמפר","other":"%1$s אמפר"},"milliampere":{"_name":"מיליאמפר","one":"%1$s מיליאמפר","two":"%1$s מיליאמפר","many":"%1$s מיליאמפר","other":"%1$s מיליאמפר"},"ohm":{"_name":"ohms","one":"%1$s ohm","two":"%1$s ohms","many":"%1$s ohms","other":"%1$s ohms"},"volt":{"_name":"וולט","one":"%1$s וולט","two":"%1$s וולט","many":"%1$s וולט","other":"%1$s וולט"}},"energy":{"calorie":{"_name":"קלוריות","one":"%1$s קלוריה","two":"%1$s קלוריות","many":"%1$s קלוריות","other":"%1$s קלוריות"},"foodcalorie":{"_name":"קלוריות","one":"%1$s קלוריה","two":"%1$s קלוריות","many":"%1$s קלוריות","other":"%1$s קלוריות"},"joule":{"_name":"ג׳אול","one":"%1$s ג׳אול","two":"%1$s ג׳אול","many":"%1$s ג׳אול","other":"%1$s ג׳אול"},"kilocalorie":{"_name":"קילו קלוריות","one":"%1$s קילו קלוריה","two":"%1$s קילו קלוריות","many":"%1$s קילו קלוריות","other":"%1$s קילו קלוריות"},"kilojoule":{"_name":"קילו ג׳אול","one":"%1$s קילו ג׳אול","two":"%1$s קילו ג׳אול","many":"%1$s קילו ג׳אול","other":"%1$s קילו ג׳אול"},"kilowatt-hour":{"_name":"קילוואט־שעה","one":"%1$s קילוואט־שעה","two":"%1$s קילוואט-שעה","many":"%1$s קילוואט-שעה","other":"%1$s קילוואט-שעה"}},"frequency":{"gigahertz":{"_name":"גיגהרץ","one":"%1$s גיגהרץ","two":"%1$s גיגהרץ","many":"%1$s גיגהרץ","other":"%1$s גיגהרץ"},"hertz":{"_name":"הרץ","one":"%1$s הרץ","two":"%1$s הרץ","many":"%1$s הרץ","other":"%1$s הרץ"},"kilohertz":{"_name":"קילוהרץ","one":"%1$s קילוהרץ","two":"%1$s קילוהרץ","many":"%1$s קילוהרץ","other":"%1$s קילוהרץ"},"megahertz":{"_name":"מגהרץ","one":"%1$s מגהרץ","two":"%1$s מגהרץ","many":"%1$s מגהרץ","other":"%1$s מגהרץ"}},"length":{"astronomical-unit":{"_name":"יחידות אסטרונומיות","one":"יחידה אסטרונומית אחת","two":"שתי יחידת אסטרונומיות","many":"%1$s יחידות אסטרונומיות","other":"%1$s יחידות אסטרונומיות"},"centimeter":{"_name":"סנטימטרים","one":"סנטימטר אחד","two":"שני סנטימטרים","many":"%1$s סנטימטר","other":"%1$s סנטימטרים"},"decimeter":{"_name":"דצימטר","one":"דצימטר אחד","two":"שני דצימטרים","many":"%1$s דצימטר","other":"%1$s דצימטרים"},"fathom":{"_name":"fm","other":"%1$s fm"},"foot":{"_name":"רגל","one":"רגל %1$s","two":"%1$s רגל","many":"%1$s רגל","other":"%1$s רגל"},"furlong":{"_name":"fur","other":"%1$s fur"},"inch":{"_name":"אינץ׳","one":"אינץ׳ %1$s","two":"%1$s אינץ׳","many":"%1$s אינץ׳","other":"%1$s אינץ׳"},"kilometer":{"_name":"קילומטרים","one":"קילומטר %1$s","two":"%1$s קילומטר","many":"%1$s קילומטר","other":"%1$s קילומטר"},"light-year":{"_name":"שנות אור","one":"שנת אור %1$s","two":"%1$s שנות אור","many":"%1$s שנות אור","other":"%1$s שנות אור"},"meter":{"_name":"מטרים","one":"מטר אחד","two":"שני מטר","many":"%1$s מטר","other":"%1$s מטרים"},"micrometer":{"_name":"מיקרומטר","one":"מיקרומטר אחד","two":"שני מיקרומטרים","many":"%1$s מיקרומטר","other":"%1$s מיקרומטרים"},"mile":{"_name":"מייל","one":"%1$s מייל","two":"%1$s מייל","many":"%1$s מייל","other":"%1$s מייל"},"millimeter":{"_name":"מילימטר","one":"%1$s מילימטר","two":"%1$s מילימטר","many":"%1$s מילימטר","other":"%1$s מילימטר"},"nanometer":{"_name":"ננומטר","one":"%1$s ננומטר","two":"%1$s ננומטר","many":"%1$s ננומטר","other":"%1$s ננומטר"},"nautical-mile":{"_name":"מייל ימי","one":"%1$s מייל ימי","two":"%1$s מייל ימי","many":"%1$s מייל ימי","other":"%1$s מייל ימי"},"parsec":{"_name":"פארסק","one":"%1$s פארסק","two":"%1$s פארסק","many":"%1$s פארסק","other":"%1$s פארסק"},"picometer":{"_name":"פיקומטר","one":"פיקומטר %1$s","two":"%1$s פיקומטר","many":"%1$s פיקומטר","other":"%1$s פיקומטר"},"yard":{"_name":"יארד","one":"יארד %1$s","two":"%1$s יארד","many":"%1$s יארד","other":"%1$s יארד"}},"light":{"lux":{"_name":"לוקס","one":"לוקס אחד","two":"שני לוקס","many":"%1$s לוקס","other":"%1$s לוקס"}},"mass":{"carat":{"_name":"קרט","one":"קרט אחד","two":"שני קרט","many":"%1$s קרט","other":"%1$s קרט"},"gram":{"_name":"גרם","one":"גרם %1$s","two":"%1$s גרם","many":"%1$s גרם","other":"%1$s גרם"},"kilogram":{"_name":"קילוגרם","one":"קילוגרם %1$s","two":"%1$s קילוגרם","many":"%1$s קילוגרם","other":"%1$s קילוגרם"},"metric-ton":{"_name":"טון מטרי","one":"טון מטרי אחד","two":"שני טון מטרי","many":"%1$s טון מטרי","other":"%1$s טון מטרי"},"microgram":{"_name":"מיקרוגרם","one":"מיקרוגרם אחד","two":"שני מיקרוגרם","many":"%1$s מיקרוגרם","other":"%1$s מיקרוגרם"},"milligram":{"_name":"מיליגרם","one":"מיליגרם אחד","two":"שני מיליגרם","many":"%1$s מיליגרם","other":"%1$s מיליגרם"},"ounce":{"_name":"אונקיות","one":"אונקיה %1$s","two":"%1$s אונקיות","many":"%1$s אונקיות","other":"%1$s אונקיות"},"ounce-troy":{"_name":"אונקיות טרוי","one":"אונקיית טרוי אחת","two":"שתי אונקיות טרוי","many":"%1$s אונקיות טרוי","other":"%1$s אונקיות טרוי"},"pound":{"_name":"ליבראות","one":"ליברה %1$s","two":"%1$s ליבראות","many":"%1$s ליבראות","other":"%1$s ליבראות"},"stone":{"_name":"st","other":"%1$s st"},"ton":{"_name":"טונות","one":"טון אחד","two":"שני טונות","many":"%1$s טונות","other":"%1$s טונות"}},"power":{"gigawatt":{"_name":"ג׳יגה ואט","one":"%1$s ג׳יגה ואט","two":"%1$s ג׳יגה ואט","many":"%1$s ג׳יגה ואט","other":"%1$s ג׳יגה ואט"},"horsepower":{"_name":"כוח סוס","one":"כוח סוס %1$s","two":"%1$s כוח סוס","many":"%1$s כוח סוס","other":"%1$s כוח סוס"},"kilowatt":{"_name":"קילוואט","one":"קילוואט %1$s","two":"%1$s קילוואט","many":"%1$s קילוואט","other":"%1$s קילוואט"},"megawatt":{"_name":"מגה ואט","one":"%1$s מגה ואט","two":"%1$s מגה ואט","many":"%1$s מגה ואט","other":"%1$s מגה ואט"},"milliwatt":{"_name":"מיליוואט","one":"%1$s מיליוואט","two":"%1$s מיליוואט","many":"%1$s מיליוואט","other":"%1$s מיליוואט"},"watt":{"_name":"ואט","one":"ואט %1$s","two":"%1$s ואט","many":"%1$s ואט","other":"%1$s ואט"}},"pressure":{"hectopascal":{"_name":"הקטופסקל","one":"הקטופסקל %1$s","two":"%1$s הקטופסקל","many":"%1$s הקטופסקל","other":"%1$s הקטופסקל"},"inch-hg":{"_name":"אינץ׳ כספית","one":"אינץ׳ כספית %1$s","two":"%1$s אינץ׳ כספית","many":"%1$s אינץ׳ כספית","other":"%1$s אינץ׳ כספית"},"millibar":{"_name":"מיליבר","one":"%1$s מיליבר","two":"%1$s מיליבר","many":"%1$s מיליבר","other":"%1$s מיליבר"},"millimeter-of-mercury":{"_name":"מילימטר כספית","one":"מילימטר כספית אחד","two":"שני מילימטר כספית","many":"%1$s מילימטר כספית","other":"%1$s מילימטר כספית"},"pound-per-square-inch":{"_name":"פאונד לאינץ׳ רבוע","one":"פאונד אחד לאינץ׳ רבוע","two":"שני פאונד לאינץ׳ רבוע","many":"%1$s פאונד לאינץ׳ רבוע","other":"%1$s פאונד לאינץ׳ רבוע"}},"proportion":{"karat":{"_name":"קראט","one":"קראט אחד","two":"שני קראט","many":"%1$s קראט","other":"%1$s קראט"}},"speed":{"kilometer-per-hour":{"_name":"קילומטר לשעה","one":"%1$s קילומטר לשעה","two":"%1$s קילומטר לשעה","many":"%1$s קילומטר לשעה","other":"%1$s קילומטר לשעה"},"meter-per-second":{"_name":"מטר לשנייה","one":"%1$s מטר לשנייה","two":"%1$s מטר לשנייה","many":"%1$s מטר לשנייה","other":"%1$s מטר לשנייה"},"mile-per-hour":{"_name":"מייל לשעה","one":"%1$s מייל לשעה","two":"%1$s מייל לשעה","many":"%1$s מייל לשעה","other":"%1$s מייל לשעה"}},"temperature":{"celsius":{"_name":"מעלות צלזיוס","one":"מעלת צלזיוס %1$s","two":"%1$s מעלות צלזיוס","many":"%1$s מעלות צלזיוס","other":"%1$s מעלות צלזיוס"},"fahrenheit":{"_name":"מעלות פרנהייט","one":"מעלת פרנהייט %1$s","two":"%1$s מעלות פרנהייט","many":"%1$s מעלות פרנהייט","other":"%1$s מעלות פרנהייט"},"generic":{"_name":"°","other":"%1$s°"},"kelvin":{"_name":"מעלות קלווין","one":"קלווין אחד","two":"שני קלווין","many":"%1$s קלווין","other":"%1$s קלווין"}},"volume":{"acre-foot":{"_name":"אקר-רגל","one":"%1$s אקר-רגל","two":"%1$s אקר-רגל","many":"%1$s אקר-רגל","other":"%1$s אקר-רגל"},"bushel":{"_name":"bu","other":"%1$s bu"},"centiliter":{"_name":"סנטיליטר","one":"%1$s סנטיליטר","two":"%1$s סנטיליטר","many":"%1$s סנטיליטר","other":"%1$s סנטיליטר"},"cubic-centimeter":{"_name":"סנטימטר מעוקב","one":"%1$s סנטימטר מעוקב","two":"%1$s סנטימטר מעוקב","many":"%1$s סנטימטר מעוקב","other":"%1$s סנטימטר מעוקב"},"cubic-foot":{"_name":"רגל מעוקב","one":"%1$s רגל מעוקב","two":"%1$s רגל מעוקב","many":"%1$s רגל מעוקב","other":"%1$s רגל מעוקב"},"cubic-inch":{"_name":"אינצ׳ מעוקב","one":"%1$s אינצ׳ מעוקב","two":"%1$s אינצ׳ מעוקב","many":"%1$s אינצ׳ מעוקב","other":"%1$s אינצ׳ מעוקב"},"cubic-kilometer":{"_name":"קילומטר מעוקב","one":"%1$s קילומטר מעוקב","two":"%1$s קילומטר מעוקב","many":"%1$s קילומטר מעוקב","other":"%1$s קילומטר מעוקב"},"cubic-meter":{"_name":"מטר מעוקב","one":"%1$s מטר מעוקב","two":"%1$s מטר מעוקב","many":"%1$s מטר מעוקב","other":"%1$s מטר מעוקב"},"cubic-mile":{"_name":"מייל מעוקב","one":"%1$s מייל מעוקב","two":"%1$s מייל מעוקב","many":"%1$s מייל מעוקב","other":"%1$s מייל מעוקב"},"cubic-yard":{"_name":"יארד מעוקב","one":"%1$s יארד מעוקב","two":"%1$s יארד מעוקב","many":"%1$s יארד מעוקב","other":"%1$s יארד מעוקב"},"cup":{"_name":"ספל","one":"%1$s ספל","two":"%1$s ספלים","many":"%1$s ספלים","other":"%1$s ספלים"},"deciliter":{"_name":"דציליטר","one":"%1$s דציליטר","two":"%1$s דציליטר","many":"%1$s דציליטר","other":"%1$s דציליטר"},"fluid-ounce":{"_name":"אונקיות נוזלים","one":"%1$s אונקיית נוזלים","two":"%1$s אונקיות נוזלים","many":"%1$s אונקיות נוזלים","other":"%1$s אונקיות נוזלים"},"gallon":{"_name":"גלונים","one":"%1$s גלון","two":"%1$s גלונים","many":"%1$s גלונים","other":"%1$s גלונים"},"hectoliter":{"_name":"הקטוליטר","one":"%1$s הקטוליטר","two":"%1$s הקטוליטר","many":"%1$s הקטוליטר","other":"%1$s הקטוליטר"},"liter":{"_name":"ליטרים","one":"%1$s ליטר","two":"%1$s ליטר","many":"%1$s ליטר","other":"%1$s ליטר"},"megaliter":{"_name":"מגה ליטר","one":"%1$s מגה ליטר","two":"%1$s מגה ליטר","many":"%1$s מגה ליטר","other":"%1$s מגה ליטר"},"milliliter":{"_name":"מיליליטר","one":"%1$s מיליליטר","two":"%1$s מיליליטר","many":"%1$s מיליליטר","other":"%1$s מיליליטר"},"pint":{"_name":"פינטות","one":"%1$s פינט","two":"%1$s פינטות","many":"%1$s פינטות","other":"%1$s פינטות"},"quart":{"_name":"קווארטות","one":"%1$s קווארטה","two":"%1$s קווארטות","many":"%1$s קווארטות","other":"%1$s קווארטות"},"tablespoon":{"_name":"כפות","one":"כף אחת","two":"שתי כפות","many":"%1$s כפות","other":"%1$s כפות"},"teaspoon":{"_name":"כפיות","one":"%1$s כפית","two":"%1$s כפיות","many":"%1$s כפיות","other":"%1$s כפיות"}}},"short":{"_compoundPattern":"%1$s/%2$s","acceleration":{"g-force":{"_name":"כוח ג׳י","one":"%1$s G","two":"%1$s G","many":"%1$s G","other":"%1$s G"},"meter-per-second-squared":{"_name":"m/s²","one":"%1$s m/s²","two":"%1$s m/s²","many":"%1$s m/s²","other":"%1$s m/s²"}},"angle":{"arc-minute":{"_name":"דק׳ קשת","one":"דקה %1$s","two":"%1$s דקות","many":"%1$s דקות","other":"%1$s דקות"},"arc-second":{"_name":"שנ׳ קשת","one":"שנייה %1$s","two":"%1$s שניות","many":"%1$s שניות","other":"%1$s שניות"},"degree":{"_name":"מעלות","one":"%1$s°","two":"%1$s°","many":"%1$s°","other":"%1$s°"},"radian":{"_name":"רדיאנים","one":"%1$s π","two":"%1$s π","many":"%1$s π","other":"%1$s π"}},"area":{"acre":{"_name":"אקר","one":"אקר %1$s","two":"%1$s אקר","many":"%1$s אקר","other":"%1$s אקר"},"hectare":{"_name":"הקטאר","one":"הקטאר %1$s","two":"%1$s הקטאר","many":"%1$s הקטאר","other":"%1$s הקטאר"},"square-centimeter":{"_name":"סמ״ר","one":"%1$s סמ״ר","two":"%1$s סמ״ר","many":"%1$s סמ״ר","other":"%1$s סמ״ר"},"square-foot":{"_name":"ft²","one":"רגל רבועה %1$s","two":"%1$s רגל רבועה","many":"%1$s רגל רבועה","other":"%1$s רגל רבועה"},"square-inch":{"_name":"in²","one":"%1$s in²","two":"%1$s in²","many":"%1$s in²","other":"%1$s in²"},"square-kilometer":{"_name":"קמ״ר","one":"%1$s קמ״ר","two":"%1$s קמ״ר","many":"%1$s קמ״ר","other":"%1$s קמ״ר"},"square-meter":{"_name":"מ״ר","one":"מ״ר %1$s","two":"%1$s מ״ר","many":"%1$s מ״ר","other":"%1$s מ״ר"},"square-mile":{"_name":"mi²","one":"מייל רבוע %1$s","two":"%1$s מייל רבוע","many":"%1$s מייל רבוע","other":"%1$s מייל רבוע"},"square-yard":{"_name":"yd²","one":"%1$s yd²","two":"%1$s yd²","many":"%1$s yd²","other":"%1$s yd²"}},"consumption":{"liter-per-kilometer":{"_name":"ליטרים/ק״מ","one":"%1$s L/km","two":"%1$s L/km","many":"%1$s L/km","other":"%1$s L/km"},"mile-per-gallon":{"_name":"מייל/גלון","one":"%1$s מייל/גלון","two":"%1$s מייל/גלון","many":"%1$s מייל/גלון","other":"%1$s מייל/גלון"}},"digital":{"bit":{"_name":"ביט","one":"%1$s ביט","two":"%1$s ביט","many":"%1$s ביט","other":"%1$s ביט"},"byte":{"_name":"בייט","one":"%1$s בייט","two":"%1$s בייט","many":"%1$s בייט","other":"%1$s בייט"},"gigabit":{"_name":"Gbit","one":"%1$s Gb","two":"%1$s Gb","many":"%1$s Gb","other":"%1$s Gb"},"gigabyte":{"_name":"GB","one":"%1$s GB","two":"%1$s GB","many":"%1$s GB","other":"%1$s GB"},"kilobit":{"_name":"kb","one":"%1$s kb","two":"%1$s kb","many":"%1$s kb","other":"%1$s kb"},"kilobyte":{"_name":"kB","one":"%1$s kB","two":"%1$s kB","many":"%1$s kB","other":"%1$s kB"},"megabit":{"_name":"Mb","one":"%1$s Mb","two":"%1$s Mb","many":"%1$s Mb","other":"%1$s Mb"},"megabyte":{"_name":"MB","one":"%1$s MB","two":"%1$s MB","many":"%1$s MB","other":"%1$s MB"},"terabit":{"_name":"Tb","one":"%1$s Tb","two":"%1$s Tb","many":"%1$s Tb","other":"%1$s Tb"},"terabyte":{"_name":"TB","one":"%1$s TB","two":"%1$s TB","many":"%1$s TB","other":"%1$s TB"}},"duration":{"day":{"_name":"ימים","one":"יום","two":"יומיים","many":"%1$s ימ׳","other":"%1$s ימ׳"},"hour":{"_name":"שע׳","one":"שעה","two":"שעתיים","many":"%1$s שע׳","other":"%1$s שע׳","_per":"%1$s/שעה"},"microsecond":{"_name":"μsecs","one":"%1$s μs","two":"%1$s μs","many":"%1$s μs","other":"%1$s μs"},"millisecond":{"_name":"ms","one":"%1$s ms","two":"%1$s ms","many":"%1$s ms","other":"%1$s ms"},"minute":{"_name":"דק׳","one":"דקה","two":"שתי דק׳","many":"%1$s דק׳","other":"%1$s דק׳"},"month":{"_name":"חודשים","one":"חודש","two":"חודשיים","many":"%1$s ח׳","other":"%1$s ח׳"},"nanosecond":{"_name":"ננו שניות","one":"%1$s ns","two":"%1$s ns","many":"%1$s ns","other":"%1$s ns"},"second":{"_name":"שנ׳","one":"שנ׳","two":"שתי שנ׳","many":"%1$s שנ׳","other":"%1$s שנ׳","_per":"%1$s/שנ׳"},"week":{"_name":"שבועות","one":"שבוע %1$s","two":"%1$s שבועות","many":"%1$s שבועות","other":"%1$s שבועות"},"year":{"_name":"שנים","one":"שנה","two":"שנתיים","many":"%1$s שנה","other":"%1$s שנים"}},"electric":{"ampere":{"_name":"amps","one":"%1$s A","two":"%1$s A","many":"%1$s A","other":"%1$s A"},"milliampere":{"_name":"mA","one":"%1$s mA","two":"%1$s mA","many":"%1$s mA","other":"%1$s mA"},"ohm":{"_name":"ohms","one":"%1$s Ω","two":"%1$s Ω","many":"%1$s Ω","other":"%1$s Ω"},"volt":{"_name":"וולט","one":"%1$s V","two":"%1$s V","many":"%1$s V","other":"%1$s V"}},"energy":{"calorie":{"_name":"cal","one":"%1$s cal","two":"%1$s cal","many":"%1$s cal","other":"%1$s cal"},"foodcalorie":{"_name":"Cal","one":"%1$s Cal","two":"%1$s Cal","many":"%1$s Cal","other":"%1$s Cal"},"joule":{"_name":"ג׳אול","one":"%1$s J","two":"%1$s J","many":"%1$s J","other":"%1$s J"},"kilocalorie":{"_name":"kcal","one":"%1$s kcal","two":"%1$s kcal","many":"%1$s kcal","other":"%1$s kcal"},"kilojoule":{"_name":"קילו ג׳אול","one":"%1$s kJ","two":"%1$s kJ","many":"%1$s kJ","other":"%1$s kJ"},"kilowatt-hour":{"_name":"קוט״ש","one":"%1$s קוט״ש","two":"%1$s קוט״ש","many":"%1$s קוט״ש","other":"%1$s קוט״ש"}},"frequency":{"gigahertz":{"_name":"GHz","one":"%1$s GHz","two":"%1$s GHz","many":"%1$s GHz","other":"%1$s GHz"},"hertz":{"_name":"Hz","one":"%1$s Hz","two":"%1$s Hz","many":"%1$s Hz","other":"%1$s Hz"},"kilohertz":{"_name":"kHz","one":"%1$s kHz","two":"%1$s kHz","many":"%1$s kHz","other":"%1$s kHz"},"megahertz":{"_name":"MHz","one":"%1$s MHz","two":"%1$s MHz","many":"%1$s MHz","other":"%1$s MHz"}},"length":{"astronomical-unit":{"_name":"י״א","one":"י״א אחת","two":"שתי י״א","many":"%1$s י״א","other":"%1$s י״א"},"centimeter":{"_name":"ס״מ","one":"ס״מ אחד","two":"שני ס״מ","many":"%1$s ס״מ","other":"%1$s ס״מ"},"decimeter":{"_name":"ד״מ","one":"ד״מ אחד","two":"שני ד״מ","many":"%1$s ד״מ","other":"%1$s ד״מ"},"fathom":{"_name":"fm","other":"%1$s fm"},"foot":{"_name":"רגל","one":"רגל %1$s","two":"%1$s רגל","many":"%1$s רגל","other":"%1$s רגל"},"furlong":{"_name":"fur","other":"%1$s fur"},"inch":{"_name":"אינץ׳","one":"אינץ׳ %1$s","two":"%1$s אינץ׳","many":"%1$s אינץ׳","other":"%1$s אינץ׳"},"kilometer":{"_name":"ק״מ","one":"ק״מ %1$s","two":"%1$s ק״מ","many":"%1$s ק״מ","other":"%1$s ק״מ"},"light-year":{"_name":"שנות אור","one":"שנת אור %1$s","two":"%1$s שנות אור","many":"%1$s שנות אור","other":"%1$s שנות אור"},"meter":{"_name":"מטרים","one":"מ׳ אחד","two":"שני מ׳","many":"%1$s מ׳","other":"%1$s מ׳"},"micrometer":{"_name":"µm","one":"%1$s µm","two":"%1$s µm","many":"%1$s µm","other":"%1$s µm"},"mile":{"_name":"מייל","one":"%1$s מייל","two":"%1$s מייל","many":"%1$s מייל","other":"%1$s מייל"},"millimeter":{"_name":"מ״מ","one":"%1$s מ״מ","two":"%1$s מ״מ","many":"%1$s מ״מ","other":"%1$s מ״מ"},"nanometer":{"_name":"nm","one":"%1$s nm","two":"%1$s nm","many":"%1$s nm","other":"%1$s nm"},"nautical-mile":{"_name":"מ״י","one":"מ״י אחד","two":"שני מ״י","many":"%1$s מ״י","other":"%1$s מ״י"},"parsec":{"_name":"pc","one":"%1$s pc","two":"%1$s pc","many":"%1$s pc","other":"%1$s pc"},"picometer":{"_name":"pm","one":"פיקומטר %1$s","two":"%1$s פיקומטר","many":"%1$s פיקומטר","other":"%1$s פיקומטר"},"yard":{"_name":"יארד","one":"יארד %1$s","two":"%1$s יארד","many":"%1$s יארד","other":"%1$s יארד"}},"light":{"lux":{"_name":"lx","one":"%1$s lx","two":"%1$s lx","many":"%1$s lx","other":"%1$s lx"}},"mass":{"carat":{"_name":"קרט","one":"%1$s CD","two":"%1$s CD","many":"%1$s CD","other":"%1$s CD"},"gram":{"_name":"גרם","one":"גר׳ %1$s","two":"%1$s גר׳","many":"%1$s גר׳","other":"%1$s גר׳"},"kilogram":{"_name":"ק״ג","one":"ק״ג %1$s","two":"%1$s ק״ג","many":"%1$s ק״ג","other":"%1$s ק״ג"},"metric-ton":{"_name":"t","one":"%1$s t","two":"%1$s t","many":"%1$s t","other":"%1$s t"},"microgram":{"_name":"מק״ג","one":"%1$s מק״ג","two":"%1$s מק״ג","many":"%1$s מק״ג","other":"%1$s מק״ג"},"milligram":{"_name":"מ״ג","one":"%1$s מ״ג","two":"%1$s מ״ג","many":"%1$s מ״ג","other":"%1$s מ״ג"},"ounce":{"_name":"אונק׳","one":"אונקיה %1$s","two":"%1$s אונקיות","many":"%1$s אונקיות","other":"%1$s אונקיות"},"ounce-troy":{"_name":"oz t","one":"%1$s oz t","two":"%1$s oz t","many":"%1$s oz t","other":"%1$s oz t"},"pound":{"_name":"ליבראות","one":"ליברה %1$s","two":"%1$s ליבראות","many":"%1$s ליבראות","other":"%1$s ליבראות"},"stone":{"_name":"st","other":"%1$s st"},"ton":{"_name":"טון","one":"%1$s ט","two":"%1$s ט","many":"%1$s ט","other":"%1$s ט"}},"power":{"gigawatt":{"_name":"GW","one":"%1$s GW","two":"%1$s GW","many":"%1$s GW","other":"%1$s GW"},"horsepower":{"_name":"כ״ס","one":"כ״ס %1$s","two":"%1$s כ״ס","many":"%1$s כ״ס","other":"%1$s כ״ס"},"kilowatt":{"_name":"kW","one":"%1$s kW","two":"%1$s kW","many":"%1$s kW","other":"%1$s kW"},"megawatt":{"_name":"MW","one":"%1$s MW","two":"%1$s MW","many":"%1$s MW","other":"%1$s MW"},"milliwatt":{"_name":"mW","one":"%1$s mW","two":"%1$s mW","many":"%1$s mW","other":"%1$s mW"},"watt":{"_name":"ואט","one":"%1$s W","two":"%1$s W","many":"%1$s W","other":"%1$s W"}},"pressure":{"hectopascal":{"_name":"hPa","one":"%1$s hPa","two":"%1$s hPa","many":"%1$s hPa","other":"%1$s hPa"},"inch-hg":{"_name":"inHg","one":"%1$s inHg","two":"%1$s inHg","many":"%1$s inHg","other":"%1$s inHg"},"millibar":{"_name":"מ״ב","one":"מיליבר %1$s","two":"%1$s מיליבר","many":"%1$s מ״ב","other":"%1$s מ״ב"},"millimeter-of-mercury":{"_name":"mm Hg","one":"%1$s mm Hg","two":"%1$s mm Hg","many":"%1$s mm Hg","other":"%1$s mm Hg"},"pound-per-square-inch":{"_name":"psi","one":"%1$s psi","two":"%1$s psi","many":"%1$s psi","other":"%1$s psi"}},"proportion":{"karat":{"_name":"kt","one":"%1$s kt","two":"%1$s kt","many":"%1$s kt","other":"%1$s kt"}},"speed":{"kilometer-per-hour":{"_name":"קמ״ש","one":"%1$s קמ״ש","two":"%1$s קמ״ש","many":"%1$s קמ״ש","other":"%1$s קמ״ש"},"meter-per-second":{"_name":"מ/ש","one":"%1$s מ/ש","two":"%1$s מ/ש","many":"%1$s מ/ש","other":"%1$s מ/ש"},"mile-per-hour":{"_name":"mph","one":"%1$s mph","two":"%1$s mph","many":"%1$s mph","other":"%1$s mph"}},"temperature":{"celsius":{"_name":"°C","one":"%1$s°C","two":"%1$s°C","many":"%1$s°C","other":"%1$s°C"},"fahrenheit":{"_name":"°F","one":"%1$s°F","two":"%1$s°F","many":"%1$s°F","other":"%1$s°F"},"generic":{"_name":"°","other":"%1$s°"},"kelvin":{"_name":"°K","one":"%1$s°K","two":"%1$s°K","many":"%1$s°K","other":"%1$s°K"}},"volume":{"acre-foot":{"_name":"ac ft","one":"%1$s ac ft","two":"%1$s ac ft","many":"%1$s ac ft","other":"%1$s ac ft"},"bushel":{"_name":"bu","other":"%1$s bu"},"centiliter":{"_name":"cL","one":"%1$s cL","two":"%1$s cL","many":"%1$s cL","other":"%1$s cL"},"cubic-centimeter":{"_name":"cm³","one":"%1$s cm³","two":"%1$s cm³","many":"%1$s cm³","other":"%1$s cm³"},"cubic-foot":{"_name":"ft³","one":"%1$s ft³","two":"%1$s ft³","many":"%1$s ft³","other":"%1$s ft³"},"cubic-inch":{"_name":"in³","one":"%1$s in³","two":"%1$s in³","many":"%1$s in³","other":"%1$s in³"},"cubic-kilometer":{"_name":"קמ״ק","one":"%1$s קמ״ק","two":"%1$s קמ״ק","many":"%1$s קמ״ק","other":"%1$s קמ״ק"},"cubic-meter":{"_name":"מ״ק","one":"%1$s מ״ק","two":"%1$s מ״ק","many":"%1$s מ״ק","other":"%1$s מ״ק"},"cubic-mile":{"_name":"mi³","one":"%1$s mi³","two":"%1$s mi³","many":"%1$s mi³","other":"%1$s mi³"},"cubic-yard":{"_name":"yd³","one":"%1$s yd³","two":"%1$s yd³","many":"%1$s yd³","other":"%1$s yd³"},"cup":{"_name":"ספלים","one":"%1$s ספ׳","two":"%1$s ספ׳","many":"%1$s ספ׳","other":"%1$s ספ׳"},"deciliter":{"_name":"דצ״ל","one":"%1$s דצ״ל","two":"%1$s דצ״ל","many":"%1$s דצ״ל","other":"%1$s דצ״ל"},"fluid-ounce":{"_name":"fl oz","one":"%1$s fl oz","two":"%1$s fl oz","many":"%1$s fl oz","other":"%1$s fl oz"},"gallon":{"_name":"גלון","one":"%1$s גל׳","two":"%1$s גל׳","many":"%1$s גל׳","other":"%1$s גל׳"},"hectoliter":{"_name":"hL","one":"%1$s hL","two":"%1$s hL","many":"%1$s hL","other":"%1$s hL"},"liter":{"_name":"ליטר","one":"%1$s ל׳","two":"%1$s ל׳","many":"%1$s ל׳","other":"%1$s ל׳"},"megaliter":{"_name":"ML","one":"%1$s ML","two":"%1$s ML","many":"%1$s ML","other":"%1$s ML"},"milliliter":{"_name":"מ״ל","one":"%1$s מ״ל","two":"%1$s מ״ל","many":"%1$s מ״ל","other":"%1$s מ״ל"},"pint":{"_name":"פינט","one":"%1$s pt","two":"%1$s pt","many":"%1$s pt","other":"%1$s pt"},"quart":{"_name":"qts","one":"%1$s qt","two":"%1$s qt","many":"%1$s qt","other":"%1$s qt"},"tablespoon":{"_name":"כפות","one":"%1$s כפ׳","two":"%1$s כפ׳","many":"%1$s כפ׳","other":"%1$s כפ׳"},"teaspoon":{"_name":"כפית","one":"%1$s כפי׳","two":"%1$s כפי׳","many":"%1$s כפי׳","other":"%1$s כפי׳"}}},"narrow":{"_compoundPattern":"%1$s/%2$s","acceleration":{"g-force":{"_name":"כוח ג׳י","one":"%1$s G","two":"%1$s G","many":"%1$s G","other":"%1$s G"},"meter-per-second-squared":{"_name":"m/s²","one":"%1$s m/s²","two":"%1$s m/s²","many":"%1$s m/s²","other":"%1$s m/s²"}},"angle":{"arc-minute":{"_name":"דק׳ קשת","one":"דקה %1$s","two":"%1$s דקות","many":"%1$s דקות","other":"%1$s דקות"},"arc-second":{"_name":"שנ׳ קשת","one":"שנ׳ %1$s","two":"%1$s שנ׳","many":"%1$s שנ׳","other":"%1$s שנ׳"},"degree":{"_name":"מעלות","one":"%1$s°","two":"%1$s°","many":"%1$s°","other":"%1$s°"},"radian":{"_name":"רדיאנים","one":"%1$s π","two":"%1$s π","many":"%1$s π","other":"%1$s π"}},"area":{"acre":{"_name":"אקר","one":"אקר %1$s","two":"%1$s אקר","many":"%1$s אקר","other":"%1$s אקר"},"hectare":{"_name":"הקטאר","one":"הקטאר %1$s","two":"%1$s הקטאר","many":"%1$s הקטאר","other":"%1$s הקטאר"},"square-centimeter":{"_name":"סמ״ר","one":"%1$s סמ״ר","two":"%1$s סמ״ר","many":"%1$s סמ״ר","other":"%1$s סמ״ר"},"square-foot":{"_name":"ft²","one":"רגל רבועה %1$s","two":"%1$s רגל רבועה","many":"%1$s רגל רבועה","other":"%1$s רגל רבועה"},"square-inch":{"_name":"in²","one":"%1$s in²","two":"%1$s in²","many":"%1$s in²","other":"%1$s in²"},"square-kilometer":{"_name":"קמ״ר","one":"קמ״ר %1$s","two":"%1$s קמ״ר","many":"%1$s קמ״ר","other":"%1$s קמ״ר"},"square-meter":{"_name":"מ״ר","one":"מ״ר %1$s","two":"%1$s מ״ר","many":"%1$s מ״ר","other":"%1$s מ״ר"},"square-mile":{"_name":"mi²","one":"מייל רבוע %1$s","two":"%1$s מייל רבוע","many":"%1$s מייל רבוע","other":"%1$s מייל רבוע"},"square-yard":{"_name":"yd²","one":"%1$s yd²","two":"%1$s yd²","many":"%1$s yd²","other":"%1$s yd²"}},"consumption":{"liter-per-kilometer":{"_name":"ליטרים/ק״מ","one":"%1$s L/km","two":"%1$s L/km","many":"%1$s L/km","other":"%1$s L/km"},"mile-per-gallon":{"_name":"מייל/גלון","one":"%1$s מייל/גלון","two":"%1$s מייל/גלון","many":"%1$s מייל/גלון","other":"%1$s מייל/גלון"}},"digital":{"bit":{"_name":"ביט","one":"%1$s ביט","two":"%1$s ביט","many":"%1$s ביט","other":"%1$s ביט"},"byte":{"_name":"בייט","one":"%1$s בייט","two":"%1$s בייט","many":"%1$s בייט","other":"%1$s בייט"},"gigabit":{"_name":"Gbit","one":"%1$s Gb","two":"%1$s Gb","many":"%1$s Gb","other":"%1$s Gb"},"gigabyte":{"_name":"GB","one":"%1$s GB","two":"%1$s GB","many":"%1$s GB","other":"%1$s GB"},"kilobit":{"_name":"kb","one":"%1$s kb","two":"%1$s kb","many":"%1$s kb","other":"%1$s kb"},"kilobyte":{"_name":"kB","one":"%1$s kB","two":"%1$s kB","many":"%1$s kB","other":"%1$s kB"},"megabit":{"_name":"Mb","one":"%1$s Mb","two":"%1$s Mb","many":"%1$s Mb","other":"%1$s Mb"},"megabyte":{"_name":"MB","one":"%1$s MB","two":"%1$s MB","many":"%1$s MB","other":"%1$s MB"},"terabit":{"_name":"Tb","one":"%1$s Tb","two":"%1$s Tb","many":"%1$s Tb","other":"%1$s Tb"},"terabyte":{"_name":"TB","one":"%1$s TB","two":"%1$s TB","many":"%1$s TB","other":"%1$s TB"}},"duration":{"day":{"_name":"יום","one":"י׳","two":"יומיים","many":"%1$s י׳","other":"%1$s י׳"},"hour":{"_name":"שע׳","one":"שעה","two":"שעתיים","many":"%1$s שע׳","other":"%1$s שע׳","_per":"%1$s/שעה"},"microsecond":{"_name":"μsecs","one":"%1$s μs","two":"%1$s μs","many":"%1$s μs","other":"%1$s μs"},"millisecond":{"_name":"ms","one":"%1$s ms","two":"%1$s ms","many":"%1$s ms","other":"%1$s ms"},"minute":{"_name":"דק׳","one":"דקה","two":"שתי דק׳","many":"%1$s דק׳","other":"%1$s דק׳"},"month":{"_name":"ח׳","one":"חודש %1$s","two":"%1$s ח׳","many":"%1$s ח׳","other":"%1$s ח׳"},"nanosecond":{"_name":"ננו שניות","one":"%1$s ns","two":"%1$s ns","many":"%1$s ns","other":"%1$s ns"},"second":{"_name":"שנ׳","one":"שניה","two":"שתי שנ׳","many":"%1$s שנ׳","other":"%1$s שנ׳","_per":"%1$s/שנ׳"},"week":{"_name":"שב׳","one":"שבוע %1$s","two":"%1$s שבועות","many":"%1$s שבועות","other":"%1$s שבועות"},"year":{"_name":"ש׳","one":"שנה %1$s","two":"%1$s שנים","many":"%1$s שנים","other":"%1$s שנים"}},"electric":{"ampere":{"_name":"amps","one":"%1$s A","two":"%1$s A","many":"%1$s A","other":"%1$s A"},"milliampere":{"_name":"mA","one":"%1$s mA","two":"%1$s mA","many":"%1$s mA","other":"%1$s mA"},"ohm":{"_name":"ohms","one":"%1$s Ω","two":"%1$s Ω","many":"%1$s Ω","other":"%1$s Ω"},"volt":{"_name":"וולט","one":"%1$s V","two":"%1$s V","many":"%1$s V","other":"%1$s V"}},"energy":{"calorie":{"_name":"cal","one":"%1$s cal","two":"%1$s cal","many":"%1$s cal","other":"%1$s cal"},"foodcalorie":{"_name":"Cal","one":"%1$s Cal","two":"%1$s Cal","many":"%1$s Cal","other":"%1$s Cal"},"joule":{"_name":"ג׳אול","one":"%1$s J","two":"%1$s J","many":"%1$s J","other":"%1$s J"},"kilocalorie":{"_name":"kcal","one":"%1$s kcal","two":"%1$s kcal","many":"%1$s kcal","other":"%1$s kcal"},"kilojoule":{"_name":"קילו ג׳אול","one":"%1$s kJ","two":"%1$s kJ","many":"%1$s kJ","other":"%1$s kJ"},"kilowatt-hour":{"_name":"קוט״ש","one":"%1$s קוט״ש","two":"%1$s קוט״ש","many":"%1$s קוט״ש","other":"%1$s קוט״ש"}},"frequency":{"gigahertz":{"_name":"GHz","one":"%1$s GHz","two":"%1$s GHz","many":"%1$s GHz","other":"%1$s GHz"},"hertz":{"_name":"Hz","one":"%1$s Hz","two":"%1$s Hz","many":"%1$s Hz","other":"%1$s Hz"},"kilohertz":{"_name":"kHz","one":"%1$s kHz","two":"%1$s kHz","many":"%1$s kHz","other":"%1$s kHz"},"megahertz":{"_name":"MHz","one":"%1$s MHz","two":"%1$s MHz","many":"%1$s MHz","other":"%1$s MHz"}},"length":{"astronomical-unit":{"_name":"י״א","one":"%1$s י״א","two":"%1$s י״א","many":"%1$s י״א","other":"%1$s י״א"},"centimeter":{"_name":"ס״מ","one":"ס״מ אחד","two":"שני ס״מ","many":"%1$s ס״מ","other":"%1$s ס״מ"},"decimeter":{"_name":"ד״מ","one":"%1$s ד״מ","two":"%1$s ד״מ","many":"%1$s ד״מ","other":"%1$s ד״מ"},"fathom":{"_name":"fm","other":"%1$s fm"},"foot":{"_name":"רגל","one":"רגל %1$s","two":"%1$s רגל","many":"%1$s רגל","other":"%1$s רגל"},"furlong":{"_name":"fur","other":"%1$s fur"},"inch":{"_name":"אינץ׳","one":"אינץ׳ %1$s","two":"%1$s אינץ׳","many":"%1$s אינץ׳","other":"%1$s אינץ׳"},"kilometer":{"_name":"ק״מ","one":"ק״מ %1$s","two":"%1$s ק״מ","many":"%1$s ק״מ","other":"%1$s ק״מ"},"light-year":{"_name":"שנות אור","one":"שנת אור %1$s","two":"%1$s שנות אור","many":"%1$s שנות אור","other":"%1$s שנות אור"},"meter":{"_name":"מטר","one":"מ׳ אחד","two":"שני מ׳","many":"%1$sמ׳","other":"%1$sמ׳"},"micrometer":{"_name":"µm","one":"%1$s µm","two":"%1$s µm","many":"%1$s µm","other":"%1$s µm"},"mile":{"_name":"מייל","one":"מייל %1$s","two":"%1$s מייל","many":"%1$s מייל","other":"%1$s מייל"},"millimeter":{"_name":"מ״מ","one":"מ״מ %1$s","two":"%1$s מ״מ","many":"%1$s מ״מ","other":"%1$s מ״מ"},"nanometer":{"_name":"nm","one":"%1$s nm","two":"%1$s nm","many":"%1$s nm","other":"%1$s nm"},"nautical-mile":{"_name":"מ״י","one":"%1$s מ״י","two":"%1$s מ״י","many":"%1$s מ״י","other":"%1$s מ״י"},"parsec":{"_name":"pc","one":"%1$s pc","two":"%1$s pc","many":"%1$s pc","other":"%1$s pc"},"picometer":{"_name":"pm","one":"פיקומטר %1$s","two":"%1$s פיקומטר","many":"%1$s פיקומטר","other":"%1$s פיקומטר"},"yard":{"_name":"יארד","one":"יארד %1$s","two":"%1$s יארד","many":"%1$s יארד","other":"%1$s יארד"}},"light":{"lux":{"_name":"lx","one":"%1$s lx","two":"%1$s lx","many":"%1$s lx","other":"%1$s lx"}},"mass":{"carat":{"_name":"קרט","one":"%1$s CD","two":"%1$s CD","many":"%1$s CD","other":"%1$s CD"},"gram":{"_name":"גרם","one":"גר׳ %1$s","two":"%1$s גר׳","many":"%1$s גר׳","other":"%1$s גר׳"},"kilogram":{"_name":"ק״ג","one":"%1$s ק״ג","two":"%1$s ק״ג","many":"%1$s ק״ג","other":"%1$s ק״ג"},"metric-ton":{"_name":"t","one":"%1$s t","two":"%1$s t","many":"%1$s t","other":"%1$s t"},"microgram":{"_name":"מק״ג","one":"%1$s מק״ג","two":"%1$s מק״ג","many":"%1$s מק״ג","other":"%1$s מק״ג"},"milligram":{"_name":"מ״ג","one":"%1$s מ״ג","two":"%1$s מ״ג","many":"%1$s מ״ג","other":"%1$s מ״ג"},"ounce":{"_name":"אונק׳","one":"אונקיה %1$s","two":"%1$s אונקיות","many":"%1$s אונקיות","other":"%1$s אונקיות"},"ounce-troy":{"_name":"oz t","one":"%1$s oz t","two":"%1$s oz t","many":"%1$s oz t","other":"%1$s oz t"},"pound":{"_name":"ליבראות","one":"ליברה %1$s","two":"%1$s ליבראות","many":"%1$s ליבראות","other":"%1$s ליבראות"},"stone":{"_name":"st","other":"%1$s st"},"ton":{"_name":"טון","one":"%1$s ט","two":"%1$s ט","many":"%1$s ט","other":"%1$s ט"}},"power":{"gigawatt":{"_name":"GW","one":"%1$s GW","two":"%1$s GW","many":"%1$s GW","other":"%1$s GW"},"horsepower":{"_name":"כ״ס","one":"כ״ס %1$s","two":"%1$s כ״ס","many":"%1$s כ״ס","other":"%1$s כ״ס"},"kilowatt":{"_name":"kW","one":"%1$s kW","two":"%1$s kW","many":"%1$s kW","other":"%1$s kW"},"megawatt":{"_name":"MW","one":"%1$s MW","two":"%1$s MW","many":"%1$s MW","other":"%1$s MW"},"milliwatt":{"_name":"mW","one":"%1$s mW","two":"%1$s mW","many":"%1$s mW","other":"%1$s mW"},"watt":{"_name":"ואט","one":"%1$s W","two":"%1$s W","many":"%1$s W","other":"%1$s W"}},"pressure":{"hectopascal":{"_name":"hPa","one":"%1$s hPa","two":"%1$s hPa","many":"%1$s hPa","other":"%1$s hPa"},"inch-hg":{"_name":"inHg","one":"%1$s inHg","two":"%1$s inHg","many":"%1$s inHg","other":"%1$s inHg"},"millibar":{"_name":"מ״ב","one":"מיליבר %1$s","two":"%1$s מיליבר","many":"%1$s מיליבר","other":"%1$s מיליבר"},"millimeter-of-mercury":{"_name":"mm Hg","one":"%1$s mm Hg","two":"%1$s mm Hg","many":"%1$s mm Hg","other":"%1$s mm Hg"},"pound-per-square-inch":{"_name":"psi","one":"%1$s psi","two":"%1$s psi","many":"%1$s psi","other":"%1$s psi"}},"proportion":{"karat":{"_name":"kt","one":"%1$s kt","two":"%1$s kt","many":"%1$s kt","other":"%1$s kt"}},"speed":{"kilometer-per-hour":{"_name":"קמ״ש","one":"%1$s קמ״ש","two":"%1$s קמ״ש","many":"%1$s קמ״ש","other":"%1$s קמ״ש"},"meter-per-second":{"_name":"מ/ש","one":"%1$s מ/ש","two":"%1$s מ/ש","many":"%1$s מ/ש","other":"%1$s מ/ש"},"mile-per-hour":{"_name":"mph","one":"%1$s mph","two":"%1$s mph","many":"%1$s mph","other":"%1$s mph"}},"temperature":{"celsius":{"_name":"°C","one":"%1$s°","two":"%1$s°","many":"%1$s°","other":"%1$s°"},"fahrenheit":{"_name":"°F","one":"%1$s°F","two":"%1$s°F","many":"%1$s°F","other":"%1$s°F"},"generic":{"_name":"°","other":"%1$s°"},"kelvin":{"_name":"°K","one":"%1$s°K","two":"%1$s°K","many":"%1$s°K","other":"%1$s°K"}},"volume":{"acre-foot":{"_name":"ac ft","one":"%1$s ac ft","two":"%1$s ac ft","many":"%1$s ac ft","other":"%1$s ac ft"},"bushel":{"_name":"bu","other":"%1$s bu"},"centiliter":{"_name":"cL","one":"%1$s cL","two":"%1$s cL","many":"%1$s cL","other":"%1$s cL"},"cubic-centimeter":{"_name":"cm³","one":"%1$s cm³","two":"%1$s cm³","many":"%1$s cm³","other":"%1$s cm³"},"cubic-foot":{"_name":"ft³","one":"%1$s ft³","two":"%1$s ft³","many":"%1$s ft³","other":"%1$s ft³"},"cubic-inch":{"_name":"in³","one":"%1$s in³","two":"%1$s in³","many":"%1$s in³","other":"%1$s in³"},"cubic-kilometer":{"_name":"קמ״ק","one":"%1$s קמ״ק","two":"%1$s קמ״ק","many":"%1$s קמ״ק","other":"%1$s קמ״ק"},"cubic-meter":{"_name":"מ״ק","one":"%1$s מ״ק","two":"%1$s מ״ק","many":"%1$s מ״ק","other":"%1$s מ״ק"},"cubic-mile":{"_name":"mi³","one":"%1$s mi³","two":"%1$s mi³","many":"%1$s mi³","other":"%1$s mi³"},"cubic-yard":{"_name":"yd³","one":"%1$s yd³","two":"%1$s yd³","many":"%1$s yd³","other":"%1$s yd³"},"cup":{"_name":"ספלים","one":"%1$s ספ׳","two":"%1$s ספ׳","many":"%1$s ספ׳","other":"%1$s ספ׳"},"deciliter":{"_name":"דצ״ל","one":"%1$s דצ״ל","two":"%1$s דצ״ל","many":"%1$s דצ״ל","other":"%1$s דצ״ל"},"fluid-ounce":{"_name":"fl oz","one":"%1$s fl oz","two":"%1$s fl oz","many":"%1$s fl oz","other":"%1$s fl oz"},"gallon":{"_name":"גלון","one":"%1$s גל׳","two":"%1$s גל׳","many":"%1$s גל׳","other":"%1$s גל׳"},"hectoliter":{"_name":"hL","one":"%1$s hL","two":"%1$s hL","many":"%1$s hL","other":"%1$s hL"},"liter":{"_name":"ליטר","one":"%1$s ל׳","two":"%1$s ל׳","many":"%1$s ל׳","other":"%1$s ל׳"},"megaliter":{"_name":"ML","one":"%1$s ML","two":"%1$s ML","many":"%1$s ML","other":"%1$s ML"},"milliliter":{"_name":"מ״ל","one":"%1$s מ״ל","two":"%1$s מ״ל","many":"%1$s מ״ל","other":"%1$s מ״ל"},"pint":{"_name":"פינט","one":"%1$s pt","two":"%1$s pt","many":"%1$s pt","other":"%1$s pt"},"quart":{"_name":"qts","one":"%1$s qt","two":"%1$s qt","many":"%1$s qt","other":"%1$s qt"},"tablespoon":{"_name":"כפות","one":"%1$s כפ׳","two":"%1$s כפ׳","many":"%1$s כפ׳","other":"%1$s כפ׳"},"teaspoon":{"_name":"כפית","one":"%1$s כפי׳","two":"%1$s כפי׳","many":"%1$s כפי׳","other":"%1$s כפי׳"}}},"_durationPattern":{"hm":"h:mm","hms":"h:mm:ss","ms":"m:ss"}}