{"months":{"format":{"abbreviated":{"1":"jan.","2":"feb.","3":"mar.","4":"apr.","5":"mai","6":"jun.","7":"jul.","8":"aug.","9":"sep.","10":"okt.","11":"nov.","12":"des."},"narrow":{"1":"J","2":"F","3":"M","4":"A","5":"M","6":"J","7":"J","8":"A","9":"S","10":"O","11":"N","12":"D"},"wide":{"1":"januar","2":"februar","3":"mars","4":"april","5":"mai","6":"juni","7":"juli","8":"august","9":"september","10":"oktober","11":"november","12":"desember"}},"stand-alone":{"abbreviated":{"1":"jan","2":"feb","3":"mar","4":"apr","5":"mai","6":"jun","7":"jul","8":"aug","9":"sep","10":"okt","11":"nov","12":"des"},"narrow":{"1":"J","2":"F","3":"M","4":"A","5":"M","6":"J","7":"J","8":"A","9":"S","10":"O","11":"N","12":"D"},"wide":{"1":"januar","2":"februar","3":"mars","4":"april","5":"mai","6":"juni","7":"juli","8":"august","9":"september","10":"oktober","11":"november","12":"desember"}}},"days":{"format":{"abbreviated":{"sun":"søn.","mon":"man.","tue":"tir.","wed":"ons.","thu":"tor.","fri":"fre.","sat":"lør."},"narrow":{"sun":"S","mon":"M","tue":"T","wed":"O","thu":"T","fri":"F","sat":"L"},"short":{"sun":"sø.","mon":"ma.","tue":"ti.","wed":"on.","thu":"to.","fri":"fr.","sat":"lø."},"wide":{"sun":"søndag","mon":"mandag","tue":"tirsdag","wed":"onsdag","thu":"torsdag","fri":"fredag","sat":"lørdag"}},"stand-alone":{"abbreviated":{"sun":"sø.","mon":"ma.","tue":"ti.","wed":"on.","thu":"to.","fri":"fr.","sat":"lø."},"narrow":{"sun":"S","mon":"M","tue":"T","wed":"O","thu":"T","fri":"F","sat":"L"},"short":{"sun":"sø.","mon":"ma.","tue":"ti.","wed":"on.","thu":"to.","fri":"fr.","sat":"lø."},"wide":{"sun":"søndag","mon":"mandag","tue":"tirsdag","wed":"onsdag","thu":"torsdag","fri":"fredag","sat":"lørdag"}}},"quarters":{"format":{"abbreviated":{"1":"K1","2":"K2","3":"K3","4":"K4"},"narrow":{"1":"1","2":"2","3":"3","4":"4"},"wide":{"1":"1. kvartal","2":"2. kvartal","3":"3. kvartal","4":"4. kvartal"}},"stand-alone":{"abbreviated":{"1":"K1","2":"K2","3":"K3","4":"K4"},"narrow":{"1":"1","2":"2","3":"3","4":"4"},"wide":{"1":"1. kvartal","2":"2. kvartal","3":"3. kvartal","4":"4. kvartal"}}},"dayPeriods":{"format":{"abbreviated":{"am":"a.m.","noon":"kl. 12","pm":"p.m."},"narrow":{"am":"a","noon":"12","pm":"p"},"wide":{"am":"a.m.","noon":"kl. 12","pm":"p.m."}},"stand-alone":{"abbreviated":{"am":"a.m.","noon":"kl. 12","pm":"p.m."},"narrow":{"am":"a","noon":"12","pm":"p"},"wide":{"am":"AM","noon":"kl. 12","pm":"PM"}}},"eras":{"wide":{"0":"f.Kr.","0-alt-variant":"før vår tidsregning","1":"e.Kr.","1-alt-variant":"vår tidsregning"},"abbreviated":{"0":"f.Kr.","0-alt-variant":"fvt.","1":"e.Kr.","1-alt-variant":"vt."},"narrow":{"0":"f.Kr.","0-alt-variant":"fvt.","1":"e.Kr.","1-alt-variant":"vt"}},"dateFormats":{"full":"EEEE d. MMMM y","long":"d. MMMM y","medium":"d. MMM y","short":"dd.MM.y"},"timeFormats":{"full":"HH.mm.ss zzzz","long":"HH.mm.ss z","medium":"HH.mm.ss","short":"HH.mm"},"dateTimeFormats":{"full":"%2$s %1$s","long":"%2$s 'kl.' %1$s","medium":"%2$s, %1$s","short":"%2$s, %1$s"}}