{"ADP":{"name":"andorranske pesetas","pluralName":{"one":"andorransk pesetas","other":"andorranske pesetas"}},"AED":{"name":"emiratarabiske dirham","pluralName":{"one":"emiratarabisk dirham","other":"emiratarabiske dirham"}},"AFA":{"name":"afgansk afghani (1927–2002)","pluralName":{"one":"afghansk afghani (1927–2002)","other":"afghanske afghani (1927–2002)"}},"AFN":{"name":"afghansk afghani","pluralName":{"one":"afghansk afghani","other":"afghanske afghani"}},"ALK":{"name":"albanske lek (1946–1965)","pluralName":{"one":"albansk lek (1946–1965)","other":"albanske lek (1946–1965)"}},"ALL":{"name":"albanske lek","pluralName":{"one":"albansk lek","other":"albanske lek"}},"AMD":{"name":"armenske dram","pluralName":{"one":"armensk dram","other":"armenske dram"}},"ANG":{"name":"nederlandske antillegylden","pluralName":{"one":"nederlandsk antillegylden","other":"nederlandske antillegylden"}},"AOA":{"name":"angolanske kwanza","pluralName":{"one":"angolansk kwanza","other":"angolanske kwanza"},"symbolNarrow":"Kz"},"AOK":{"name":"angolanske kwanza (1977–1990)","pluralName":{"one":"angolansk kwanza (1977–1990)","other":"angolanske kwanza (1977–1990)"}},"AON":{"name":"angolanske nye kwanza (1990–2000)","pluralName":{"one":"angolansk ny kwanza","other":"angolanske nye kwanza (1990–2000)"}},"AOR":{"name":"angolanske omjusterte kwanza (1995–1999)","pluralName":{"one":"angolansk kwanza reajustado (1995–1999)","other":"angolanske omjusterte kwanza (1995–1999)"}},"ARA":{"name":"argentinske australer","pluralName":{"one":"argentinsk austral","other":"argentinske australer"}},"ARL":{"name":"argentinske peso ley","pluralName":{"one":"argentinsk peso ley","other":"argentinske peso ley"}},"ARM":{"name":"argentinsk pesos (1881–1970)","pluralName":{"one":"argentinsk pesos (1881–1970)","other":"argentinske pesos (1881–1970)"}},"ARP":{"name":"argentinske pesos (1983–1985)","pluralName":{"one":"argentinsk pesos (1983–1985)","other":"argentinske pesos (1983–1985)"}},"ARS":{"name":"argentinske pesos","pluralName":{"one":"argentinsk peso","other":"argentinske pesos"},"symbolNarrow":"$"},"ATS":{"name":"østerrikske shilling","pluralName":{"one":"østerriksk schilling","other":"østerrikske schilling"}},"AUD":{"name":"australske dollar","pluralName":{"one":"australsk dollar","other":"australske dollar"},"symbolNarrow":"$"},"AWG":{"name":"arubiske floriner","pluralName":{"one":"arubisk florin","other":"arubiske floriner"}},"AZM":{"name":"aserbajdsjanske manat (1993–2006)","pluralName":{"one":"aserbajdsjansk manat (1993–2006)","other":"aserbajdsjanske manat (1993–2006)"}},"AZN":{"name":"aserbajdsjanske manat","pluralName":{"one":"aserbajdsjansk manat","other":"aserbajdsjanske manat"}},"BAD":{"name":"bosnisk-hercegovinske dinarer (1992–1994)","pluralName":{"one":"bosnisk-hercegovinsk dinar (1992–1994)","other":"bosnisk-hercegovinske dinarer (1992–1994)"}},"BAM":{"name":"bosnisk-hercegovinske konvertible mark","pluralName":{"one":"bosnisk-hercegovinsk konvertibel mark","other":"bosnisk-hercegovinske konvertible mark"},"symbolNarrow":"KM"},"BAN":{"name":"nye bosnisk-hercegovinske dinarer (1994–1997)","pluralName":{"one":"ny bosnisk-hercegovinsk dinar (1994–1997)","other":"nye bosnisk-hercegovinske dinarer (1994–1997)"}},"BBD":{"name":"barbadiske dollar","pluralName":{"one":"barbadisk dollar","other":"barbadiske dollar"},"symbolNarrow":"$"},"BDT":{"name":"bangladeshiske taka","pluralName":{"one":"bangladeshisk taka","other":"bangladeshiske taka"},"symbolNarrow":"৳"},"BEC":{"name":"belgiske franc (konvertible)","pluralName":{"one":"belgisk franc (konvertibel)","other":"belgiske franc (konvertible)"}},"BEF":{"name":"belgiske franc","pluralName":{"one":"belgisk franc","other":"belgiske franc"}},"BEL":{"name":"belgiske franc (finansielle)","pluralName":{"one":"belgisk franc (finansiell)","other":"belgiske franc (finansielle)"}},"BGL":{"name":"bulgarske lev (hard)","pluralName":{"one":"bulgarsk lev (hard)","other":"bulgarske lev (hard)"}},"BGM":{"name":"bulgarske lev (sosialist)","pluralName":{"one":"bulgarsk lev (sosialist)","other":"bulgarske lev (sosialist)"}},"BGN":{"name":"bulgarske lev","pluralName":{"one":"bulgarsk lev","other":"bulgarske lev"}},"BGO":{"name":"bulgarske lev (1879–1952)","pluralName":{"one":"bulgarsk lev (1879–1952)","other":"bulgarske lev (1879–1952)"}},"BHD":{"name":"bahrainske dinarer","pluralName":{"one":"bahrainsk dinar","other":"bahrainske dinarer"}},"BIF":{"name":"burundiske franc","pluralName":{"one":"burundisk franc","other":"burundiske franc"}},"BMD":{"name":"bermudiske dollar","pluralName":{"one":"bermudisk dollar","other":"bermudiske dollar"},"symbolNarrow":"$"},"BND":{"name":"bruneiske dollar","pluralName":{"one":"bruneisk dollar","other":"bruneiske dollar"},"symbolNarrow":"$"},"BOB":{"name":"bolivianske boliviano","pluralName":{"one":"boliviansk boliviano","other":"bolivianske boliviano"},"symbolNarrow":"Bs"},"BOL":{"name":"bolivianske boliviano (1863–1963)","pluralName":{"one":"boliviansk boliviano (1863–1963)","other":"bolivianske boliviano (1863–1963)"}},"BOP":{"name":"bolivianske pesos","pluralName":{"one":"boliviansk pesos","other":"bolivianske pesos"}},"BOV":{"name":"bolivianske mvdol","pluralName":{"one":"bolivianske mvdol","other":"bolivianske mvdol"}},"BRB":{"name":"brasilianske cruzeiro novo (1967–1986)","pluralName":{"one":"brasiliansk cruzeiro novo (1967–1986)","other":"brasilianske cruzeiro novo (1967–1986)"}},"BRC":{"name":"brasilianske cruzado","pluralName":{"one":"brasiliansk cruzado (1986–1989)","other":"brasilianske cruzado (1986–1989)"}},"BRE":{"name":"brasilianske cruzeiro (1990–1993)","pluralName":{"one":"brasiliansk cruzeiro (1990–1993)","other":"brasilianske cruzeiro (1990–1993)"}},"BRL":{"name":"brasilianske real","pluralName":{"one":"brasiliansk real","other":"brasilianske real"},"symbolNarrow":"R$"},"BRN":{"name":"brasilianske cruzado novo (1989–1990)","pluralName":{"one":"brasiliansk cruzado novo (1989–1990)","other":"brasilianske cruzado novo"}},"BRR":{"name":"brasilianske cruzeiro","pluralName":{"one":"brasiliansk cruzeiro","other":"brasilianske cruzeiro"}},"BRZ":{"name":"brasilianske cruzeiro (1942–1967)","pluralName":{"one":"brasiliansk cruzeiro (1942–1967)","other":"brasilianske cruzeiro (1942–1967)"}},"BSD":{"name":"bahamanske dollar","pluralName":{"one":"bahamansk dollar","other":"bahamanske dollar"},"symbolNarrow":"$"},"BTN":{"name":"bhutanske ngultrum","pluralName":{"one":"bhutansk ngultrum","other":"bhutanske ngultrum"}},"BUK":{"name":"burmesiske kyat","pluralName":{"one":"burmesisk kyat","other":"burmesiske kyat"}},"BWP":{"name":"botswanske pula","pluralName":{"one":"botswansk pula","other":"botswanske pula"},"symbolNarrow":"P"},"BYB":{"name":"hviterussiske nye rubler (1994–1999)","pluralName":{"one":"hviterussisk ny rubel (1994–1999)","other":"hviterussiske nye rubler (1994–1999)"}},"BYR":{"name":"hviterussiske rubler","pluralName":{"one":"hviterussisk rubel","other":"hviterussiske rubler"},"symbolNarrow":"р."},"BZD":{"name":"beliziske dollar","pluralName":{"one":"belizisk dollar","other":"beliziske dollar"},"symbolNarrow":"$"},"CAD":{"name":"kanadiske dollar","pluralName":{"one":"kanadisk dollar","other":"kanadiske dollar"},"symbolNarrow":"$"},"CDF":{"name":"kongolesiske franc","pluralName":{"one":"kongolesisk franc","other":"kongolesiske franc"}},"CHE":{"name":"WIR euro"},"CHF":{"name":"sveitsiske franc","pluralName":{"one":"sveitsisk franc","other":"sveitsiske franc"}},"CHW":{"name":"WIR franc"},"CLE":{"name":"chilenske escudo","pluralName":{"one":"chilensk escudo","other":"chilenske escudo"}},"CLF":{"name":"chilenske unidades de fomento","pluralName":{"one":"chilensk unidades de fomento","other":"chilenske unidades de fomento"}},"CLP":{"name":"chilenske pesos","pluralName":{"one":"chilensk peso","other":"chilenske pesos"},"symbolNarrow":"$"},"CNX":{"name":"Kinas folkebank dollar","pluralName":{"one":"Kinas folkebank dollar","other":"Kinas folkebank dollar"}},"CNY":{"name":"kinesiske yuan","pluralName":{"one":"kinesisk yuan","other":"kinesiske yuan"},"symbolNarrow":"¥"},"COP":{"name":"colombianske pesos","pluralName":{"one":"colombiansk peso","other":"colombianske pesos"},"symbolNarrow":"$"},"COU":{"name":"unidad de valor real","pluralName":{"one":"unidad de valor real","other":"unidad de valor real"}},"CRC":{"name":"costaricanske colón","pluralName":{"one":"costaricansk colón","other":"costaricanske colón"},"symbolNarrow":"₡"},"CSD":{"name":"serbiske dinarer (2002–2006)","pluralName":{"one":"serbisk dinar (2002–2006)","other":"serbiske dinarer (2002–2006)"}},"CSK":{"name":"tsjekkoslovakiske koruna (hard)","pluralName":{"one":"tsjekkoslovakisk koruna (hard)","other":"tsjekkoslovakiske koruna (hard)"}},"CUC":{"name":"kubanske konvertible pesos","pluralName":{"one":"kubansk konvertibel peso","other":"kubanske konvertible pesos"},"symbolNarrow":"$"},"CUP":{"name":"kubanske pesos","pluralName":{"one":"kubansk peso","other":"kubanske pesos"},"symbolNarrow":"$"},"CVE":{"name":"kappverdiske escudos","pluralName":{"one":"kappverdisk escudo","other":"kappverdiske escudos"}},"CYP":{"name":"kypriotiske pund","pluralName":{"one":"kypriotisk pund","other":"kypriotiske pund"}},"CZK":{"name":"tsjekkiske koruna","pluralName":{"one":"tsjekkisk koruna","other":"tsjekkiske koruna"},"symbolNarrow":"Kč"},"DDM":{"name":"østtyske ostmark","pluralName":{"one":"østtysk ostmark","other":"østtyske ostmark"}},"DEM":{"name":"tyske mark","pluralName":{"one":"tysk mark","other":"tyske mark"}},"DJF":{"name":"djiboutiske franc","pluralName":{"one":"djiboutisk franc","other":"djiboutiske franc"}},"DKK":{"name":"danske kroner","pluralName":{"one":"dansk krone","other":"danske kroner"},"symbolNarrow":"kr"},"DOP":{"name":"dominikanske pesos","pluralName":{"one":"dominikansk peso","other":"dominikanske pesos"},"symbolNarrow":"$"},"DZD":{"name":"algeriske dinarer","pluralName":{"one":"algerisk dinar","other":"algeriske dinarer"}},"ECS":{"name":"ecuadorianske sucre","pluralName":{"one":"ecuadoriansk sucre","other":"ecuadorianske sucre"}},"ECV":{"name":"ecuadorianske unidad de valor constante (UVC)","pluralName":{"one":"ecuadoriansk unidad de valor constante (UVC)","other":"ecuadorianske unidad de valor constante (UVC)"}},"EEK":{"name":"estiske kroon","pluralName":{"one":"estisk kroon","other":"estiske kroner"}},"EGP":{"name":"egyptiske pund","pluralName":{"one":"egyptisk pund","other":"egyptiske pund"},"symbolNarrow":"E£"},"ERN":{"name":"eritreiske nakfa","pluralName":{"one":"eritreisk nakfa","other":"eritreiske nakfa"}},"ESA":{"name":"spanske peseta (A–konto)","pluralName":{"one":"spansk peseta (A–konto)","other":"spanske peseta (A–konto)"}},"ESB":{"name":"spanske peseta (konvertibel konto)","pluralName":{"one":"spansk peseta (konvertibel konto)","other":"spanske peseta (konvertibel konto)"}},"ESP":{"name":"spanske peseta","pluralName":{"one":"spansk peseta","other":"spanske peseta"},"symbolNarrow":"₧"},"ETB":{"name":"etiopiske birr","pluralName":{"one":"etiopisk birr","other":"etiopiske birr"}},"EUR":{"symbol":"€","name":"euro","pluralName":{"one":"euro","other":"euro"},"symbolNarrow":"€"},"FIM":{"name":"finske mark","pluralName":{"one":"finsk mark","other":"finske mark"}},"FJD":{"name":"fijianske dollar","pluralName":{"one":"fijiansk dollar","other":"fijianske dollar"},"symbolNarrow":"$"},"FKP":{"name":"falklandspund","pluralName":{"one":"falklandspund","other":"falklandspund"},"symbolNarrow":"£"},"FRF":{"name":"franske franc","pluralName":{"one":"fransk franc","other":"franske franc"}},"GBP":{"symbol":"£","name":"britiske pund","pluralName":{"one":"britisk pund","other":"britiske pund"},"symbolNarrow":"£"},"GEK":{"name":"georgiske kupon larit","pluralName":{"one":"georgisk kupon larit","other":"georgiske kupon larit"}},"GEL":{"name":"georgiske lari","pluralName":{"one":"georgisk lari","other":"georgiske lari"}},"GHC":{"name":"ghanesisk cedi (1979–2007)","pluralName":{"one":"ghanesisk cedi (1979–2007)","other":"ghanesiske cedi (1979–2007)"}},"GHS":{"name":"ghanesiske cedi","pluralName":{"one":"ghanesisk cedi","other":"ghanesiske cedi"}},"GIP":{"name":"gibraltarske pund","pluralName":{"one":"gibraltarsk pund","other":"gibraltarske pund"},"symbolNarrow":"£"},"GMD":{"name":"gambiske dalasi","pluralName":{"one":"gambisk dalasi","other":"gambiske dalasi"}},"GNF":{"name":"guineanske franc","pluralName":{"one":"guineansk franc","other":"guineanske franc"},"symbolNarrow":"FG"},"GNS":{"name":"guineanske syli","pluralName":{"one":"guineansk syli","other":"guineanske syli"}},"GQE":{"name":"ekvatorialguineanske ekwele guineana","pluralName":{"one":"ekvatorialguineansk ekwele guineana","other":"ekvatorialguineanske ekwele guineana"}},"GRD":{"name":"greske drakmer","pluralName":{"one":"gresk drakme","other":"greske drakmer"}},"GTQ":{"name":"guatemalanske quetzal","pluralName":{"one":"guatemalansk quetzal","other":"guatemalanske quetzal"},"symbolNarrow":"Q"},"GWE":{"name":"portugisiske guinea escudo","pluralName":{"one":"portugisisk guinea escudo","other":"portugisiske guinea escudo"}},"GWP":{"name":"Guinea-Bissau-pesos","pluralName":{"one":"Guinea-Bissau-pesos","other":"Guinea-Bissau-pesos"}},"GYD":{"name":"guyanske dollar","pluralName":{"one":"guyansk dollar","other":"guyanske dollar"},"symbolNarrow":"$"},"HKD":{"name":"Hongkong-dollar","pluralName":{"one":"Hongkong-dollar","other":"Hongkong-dollar"},"symbolNarrow":"$"},"HNL":{"name":"honduranske lempira","pluralName":{"one":"honduransk lempira","other":"honduranske lempira"},"symbolNarrow":"L"},"HRD":{"name":"kroatiske dinarer","pluralName":{"one":"kroatisk dinar","other":"kroatiske dinarer"}},"HRK":{"name":"kroatiske kuna","pluralName":{"one":"kroatisk kuna","other":"kroatiske kuna"},"symbolNarrow":"kn"},"HTG":{"name":"haitiske gourde","pluralName":{"one":"haitisk gourde","other":"haitiske gourde"}},"HUF":{"name":"ungarske forinter","pluralName":{"one":"ungarsk forint","other":"ungarske forinter"},"symbolNarrow":"Ft"},"IDR":{"name":"indonesiske rupier","pluralName":{"one":"indonesisk rupi","other":"indonesiske rupier"},"symbolNarrow":"Rp"},"IEP":{"name":"irske pund","pluralName":{"one":"irsk pund","other":"irske pund"}},"ILP":{"name":"israelske pund","pluralName":{"one":"israelsk pund","other":"israelske pund"}},"ILR":{"name":"israelske shekler (1980–1985)","pluralName":{"one":"israelsk shekel (1980–1985)","other":"israelske shekler (1980–1985)"}},"ILS":{"name":"nye israelske shekler","pluralName":{"one":"ny israelsk shekel","other":"nye israelske shekler"},"symbolNarrow":"₪"},"INR":{"name":"indiske rupier","pluralName":{"one":"indisk rupi","other":"indiske rupier"},"symbolNarrow":"₹"},"IQD":{"name":"irakske dinarer","pluralName":{"one":"iraksk dinar","other":"irakske dinarer"}},"IRR":{"name":"iranske rialer","pluralName":{"one":"iransk rial","other":"iranske rialer"}},"ISJ":{"name":"gammel islandsk krone","pluralName":{"one":"gammel islandsk krone","other":"gamle islandske kroner"}},"ISK":{"name":"islandske kroner","pluralName":{"one":"islandsk krone","other":"islandske kroner"},"symbolNarrow":"kr"},"ITL":{"name":"italienske lire","pluralName":{"one":"italiensk lire","other":"italienske lire"}},"JMD":{"name":"jamaikanske dollar","pluralName":{"one":"jamaikansk dollar","other":"jamaikanske dollar"},"symbolNarrow":"$"},"JOD":{"name":"jordanske dinarer","pluralName":{"one":"jordansk dinar","other":"jordanske dinarer"}},"JPY":{"name":"japanske yen","pluralName":{"one":"japansk yen","other":"japanske yen"},"symbolNarrow":"¥"},"KES":{"name":"kenyanske shilling","pluralName":{"one":"kenyansk shilling","other":"kenyanske shilling"}},"KGS":{"name":"kirgisiske som","pluralName":{"one":"kirgisisk som","other":"kirgisiske som"}},"KHR":{"name":"kambodsjanske riel","pluralName":{"one":"kambodsjansk riel","other":"kambodsjanske riel"},"symbolNarrow":"៛"},"KMF":{"name":"komoriske franc","pluralName":{"one":"komorisk franc","other":"komoriske franc"},"symbolNarrow":"CF"},"KPW":{"name":"nordkoreanske won","pluralName":{"one":"nordkoreansk won","other":"nordkoreanske won"},"symbolNarrow":"₩"},"KRH":{"name":"sørkoreanske hwan (1953–1962)","pluralName":{"one":"sørkoreansk hwan (1953–1962)","other":"sørkoreanske hwan (1953–1962)"}},"KRO":{"name":"sørkoreanske won (1945–1953)","pluralName":{"one":"sørkoreansk won (1945–1953)","other":"sørkoreanske won (1945–1953)"}},"KRW":{"name":"sørkoreanske won","pluralName":{"one":"sørkoreansk won","other":"sørkoreanske won"},"symbolNarrow":"₩"},"KWD":{"name":"kuwaitiske dinarer","pluralName":{"one":"kuwaitisk dinar","other":"kuwaitiske dinarer"}},"KYD":{"name":"caymanske dollar","pluralName":{"one":"caymansk dollar","other":"caymanske dollar"},"symbolNarrow":"$"},"KZT":{"name":"kasakhstanske tenge","pluralName":{"one":"kasakhstansk tenge","other":"kasakhstanske tenge"},"symbolNarrow":"₸"},"LAK":{"name":"laotiske kip","pluralName":{"one":"laotisk kip","other":"laotiske kip"},"symbolNarrow":"₭"},"LBP":{"name":"libanesiske pund","pluralName":{"one":"libanesisk pund","other":"libanesiske pund"},"symbolNarrow":"L£"},"LKR":{"name":"srilankiske rupier","pluralName":{"one":"srilankisk rupi","other":"srilankiske rupier"},"symbolNarrow":"Rs"},"LRD":{"name":"liberiske dollar","pluralName":{"one":"liberisk dollar","other":"liberiske dollar"},"symbolNarrow":"$"},"LSL":{"name":"lesothiske loti","pluralName":{"one":"lesothisk loti","other":"lesothiske loti"}},"LTL":{"name":"litauiske lita","pluralName":{"one":"litauisk lita","other":"litauiske lita"},"symbolNarrow":"Lt"},"LTT":{"name":"litauiske talonas","pluralName":{"one":"litauisk talonas","other":"litauiske talonas"}},"LUC":{"name":"luxemburgske konvertible franc","pluralName":{"one":"luxemburgsk konvertibel franc","other":"luxemburgske konvertible franc"}},"LUF":{"name":"luxemburgske franc","pluralName":{"one":"luxemburgsk franc","other":"luxemburgske franc"}},"LUL":{"name":"luxemburgske finansielle franc","pluralName":{"one":"luxemburgsk finansiell franc","other":"luxemburgske finansielle franc"}},"LVL":{"name":"latviske lats","pluralName":{"one":"latvisk lats","other":"latviske lats"},"symbolNarrow":"Ls"},"LVR":{"name":"latviske rubler","pluralName":{"one":"latvisk rubel","other":"latviske rubler"}},"LYD":{"name":"libyske dinarer","pluralName":{"one":"libysk dinar","other":"libyske dinarer"}},"MAD":{"name":"marokkanske dirham","pluralName":{"one":"marokkansk dirham","other":"marokkanske dirham"}},"MAF":{"name":"marokkanske franc","pluralName":{"one":"marokkansk franc","other":"marokkanske franc"}},"MCF":{"name":"MCF","pluralName":{"one":"MCF","other":"MCF"}},"MDC":{"name":"moldovske cupon","pluralName":{"one":"moldovsk cupon","other":"moldovske cupon"}},"MDL":{"name":"moldovske leu","pluralName":{"one":"moldovsk leu","other":"moldovske leu"}},"MGA":{"name":"madagassiske ariary","pluralName":{"one":"madagassisk ariary","other":"madagassiske ariary"},"symbolNarrow":"Ar"},"MGF":{"name":"madagassiske franc","pluralName":{"one":"madagassisk franc","other":"madagassiske franc"}},"MKD":{"name":"makedonske denarer","pluralName":{"one":"makedonsk denar","other":"makedonske denarer"}},"MKN":{"name":"makedonske denarer (1992–1993)","pluralName":{"one":"makedonsk denar (1992–1993)","other":"makedonske denarer (1992–1993)"}},"MLF":{"name":"maliske franc","pluralName":{"one":"malisk franc","other":"maliske franc"}},"MMK":{"name":"myanmarske kyat","pluralName":{"one":"myanmarsk kyat","other":"myanmarske kyat"},"symbolNarrow":"K"},"MNT":{"name":"mongolske tugrik","pluralName":{"one":"mongolsk tugrik","other":"mongolske tugrik"},"symbolNarrow":"₮"},"MOP":{"name":"makaoiske pataca","pluralName":{"one":"makaoisk pataca","other":"makaoiske pataca"}},"MRO":{"name":"mauritanske ouguiya","pluralName":{"one":"mauritansk ouguiya","other":"mauritanske ouguiya"}},"MTL":{"name":"maltesiske lira","pluralName":{"one":"maltesisk lira","other":"maltesiske lira"}},"MTP":{"name":"maltesiske pund","pluralName":{"one":"maltesisk pund","other":"maltesiske pund"}},"MUR":{"name":"mauritiske rupier","pluralName":{"one":"mauritisk rupi","other":"mauritiske rupier"},"symbolNarrow":"Rs"},"MVP":{"name":"maldiviske rupier","pluralName":{"one":"maldivisk rupi","other":"maldiviske rupier"}},"MVR":{"name":"maldiviske rufiyaa","pluralName":{"one":"maldivisk rufiyaa","other":"maldiviske rufiyaa"}},"MWK":{"name":"malawiske kwacha","pluralName":{"one":"malawisk kwacha","other":"malawiske kwacha"}},"MXN":{"name":"meksikanske pesos","pluralName":{"one":"meksikansk peso","other":"meksikanske pesos"},"symbolNarrow":"$"},"MXP":{"name":"meksikanske sølvpesos (1861–1992)","pluralName":{"one":"meksikansk sølvpesos (1860–1992)","other":"meksikanske sølvpesos (1860–1992)"}},"MXV":{"name":"meksikanske unidad de inversion (UDI)","pluralName":{"one":"meksikansk unidad de inversion (UDI)","other":"meksikanske unidad de inversion (UDI)"}},"MYR":{"name":"malaysiske ringgit","pluralName":{"one":"malaysisk ringgit","other":"malaysiske ringgit"},"symbolNarrow":"RM"},"MZE":{"name":"mosambikiske escudo","pluralName":{"one":"mosambikisk escudo","other":"mosambikiske escudo"}},"MZM":{"name":"gamle mosambikiske metical","pluralName":{"one":"gammel mosambikisk metical","other":"gamle mosambikiske metical"}},"MZN":{"name":"mosambikiske metical","pluralName":{"one":"mosambikisk metical","other":"mosambikiske metical"}},"NAD":{"name":"namibiske dollar","pluralName":{"one":"namibisk dollar","other":"namibiske dollar"},"symbolNarrow":"$"},"NGN":{"name":"nigerianske naira","pluralName":{"one":"nigeriansk naira","other":"nigerianske naira"},"symbolNarrow":"₦"},"NIC":{"name":"nicaraguanske cordoba (1988–1991)","pluralName":{"one":"nicaraguansk cordoba (1988–1991)","other":"nicaraguanske cordoba (1988–1991)"}},"NIO":{"name":"nicaraguanske córdoba","pluralName":{"one":"nicaraguansk córdoba","other":"nicaraguanske córdoba"},"symbolNarrow":"C$"},"NLG":{"name":"nederlandske gylden","pluralName":{"one":"nederlandsk gylden","other":"nederlandske gylden"}},"NOK":{"symbol":"kr","name":"norske kroner","pluralName":{"one":"norsk krone","other":"norske kroner"},"symbolNarrow":"kr"},"NPR":{"name":"nepalske rupier","pluralName":{"one":"nepalsk rupi","other":"nepalske rupier"},"symbolNarrow":"Rs"},"NZD":{"name":"newzealandske dollar","pluralName":{"one":"newzealandsk dollar","other":"newzealandske dollar"},"symbolNarrow":"$"},"OMR":{"name":"omanske rialer","pluralName":{"one":"omansk rial","other":"omanske rialer"}},"PAB":{"name":"panamanske balboa","pluralName":{"one":"panamansk balboa","other":"panamanske balboa"}},"PEI":{"name":"peruvianske inti","pluralName":{"one":"peruviansk inti","other":"peruvianske inti"}},"PEN":{"name":"peruanske nuevo sol","pluralName":{"one":"peruansk nuevo sol","other":"peruanske nuevo sol"}},"PES":{"name":"peruvianske sol (1863–1965)","pluralName":{"one":"peruviansk sol (1863–1965)","other":"peruvianske sol (1863–1965)"}},"PGK":{"name":"papuanske kina","pluralName":{"one":"papuansk kina","other":"papuanske kina"}},"PHP":{"name":"filippinske pesos","pluralName":{"one":"filippinsk peso","other":"filippinske pesos"},"symbolNarrow":"₱"},"PKR":{"name":"pakistanske rupier","pluralName":{"one":"pakistansk rupi","other":"pakistanske rupier"},"symbolNarrow":"Rs"},"PLN":{"name":"polske zloty","pluralName":{"one":"polsk zloty","other":"polske zloty"},"symbolNarrow":"zł"},"PLZ":{"name":"polske zloty (1950–1995)","pluralName":{"one":"polsk zloty (1950–1995)","other":"polske zloty (1950–1995)"}},"PTE":{"name":"portugisiske escudo","pluralName":{"one":"portugisisk escudo","other":"portugisiske escudo"}},"PYG":{"name":"paraguayanske guarani","pluralName":{"one":"paraguayansk guarani","other":"paraguayanske guarani"},"symbolNarrow":"₲"},"QAR":{"name":"qatarske rialer","pluralName":{"one":"qatarsk rial","other":"qatarske rialer"}},"RHD":{"name":"rhodesiske dollar","pluralName":{"one":"rhodesisk dollar","other":"rhodesiske dollar"}},"ROL":{"name":"rumenske leu (1952–2006)","pluralName":{"one":"rumensk leu (1952–2006)","other":"rumenske leu (1952–2006)"}},"RON":{"name":"rumenske leu","pluralName":{"one":"rumensk leu","other":"rumenske leu"}},"RSD":{"name":"serbiske dinarer","pluralName":{"one":"serbisk dinar","other":"serbiske dinarer"}},"RUB":{"name":"russiske rubler","pluralName":{"one":"russisk rubel","other":"russiske rubler"},"symbolAlt":"₽"},"RUR":{"name":"russiske rubler (1991–1998)","pluralName":{"one":"russisk rubel (1991–1998)","other":"russiske rubler (1991–1998)"},"symbolNarrow":"р."},"RWF":{"name":"rwandiske franc","pluralName":{"one":"rwandisk franc","other":"rwandiske franc"},"symbolNarrow":"RF"},"SAR":{"name":"saudiarabiske riyaler","pluralName":{"one":"saudiarabisk riyal","other":"saudiarabiske riyaler"}},"SBD":{"name":"salomonske dollar","pluralName":{"one":"salomonsk dollar","other":"salomonske dollar"},"symbolNarrow":"$"},"SCR":{"name":"seychelliske rupier","pluralName":{"one":"seychellisk rupi","other":"seychelliske rupier"}},"SDD":{"name":"sudanesiske dinarer (1992–2007)","pluralName":{"one":"sudanesisk dinar (1992–2007)","other":"sudanesiske dinarer (1992–2007)"}},"SDG":{"name":"sudanske pund","pluralName":{"one":"sudansk pund","other":"sudanske pund"}},"SDP":{"name":"sudanesiske pund","pluralName":{"one":"sudansk pund (1957–1998)","other":"sudanske pund (1957–1998)"}},"SEK":{"name":"svenske kroner","pluralName":{"one":"svensk krone","other":"svenske kroner"},"symbolNarrow":"kr"},"SGD":{"name":"singaporske dollar","pluralName":{"one":"singaporsk dollar","other":"singaporske dollar"},"symbolNarrow":"$"},"SHP":{"name":"sankthelenske pund","pluralName":{"one":"sankthelensk pund","other":"sankthelenske pund"},"symbolNarrow":"£"},"SIT":{"name":"slovenske tolar","pluralName":{"one":"slovensk tolar","other":"slovenske tolar"}},"SKK":{"name":"slovakiske koruna","pluralName":{"one":"slovakisk koruna","other":"slovakiske koruna"}},"SLL":{"name":"sierraleonske leone","pluralName":{"one":"sierraleonsk leone","other":"sierraleonske leone"}},"SOS":{"name":"somaliske shilling","pluralName":{"one":"somalisk shilling","other":"somaliske shilling"}},"SRD":{"name":"surinamske dollar","pluralName":{"one":"surinamsk dollar","other":"surinamske dollar"},"symbolNarrow":"$"},"SRG":{"name":"surinamske gylden","pluralName":{"one":"surinamsk gylden","other":"surinamske gylden"}},"SSP":{"name":"sørsudanske pund","pluralName":{"one":"sørsudansk pund","other":"sørsudanske pund"},"symbolNarrow":"£"},"STD":{"name":"São Tomé og Príncipe-dobra","pluralName":{"one":"São Tomé og Príncipe-dobra","other":"São Tomé og Príncipe-dobra"},"symbolNarrow":"Db"},"SUR":{"name":"sovjetiske rubler","pluralName":{"one":"sovjetisk rubel","other":"sovjetiske rubler"}},"SVC":{"name":"salvadoranske colon","pluralName":{"one":"salvadoransk colon","other":"salvadoranske colon"}},"SYP":{"name":"syriske pund","pluralName":{"one":"syrisk pund","other":"syriske pund"},"symbolNarrow":"£"},"SZL":{"name":"swazilandske lilangeni","pluralName":{"one":"swazilandsk lilangeni","other":"swazilandske lilangeni"}},"THB":{"name":"thailandske baht","pluralName":{"one":"thailandsk baht","other":"thailandske baht"},"symbolNarrow":"฿"},"TJR":{"name":"tadsjikiske rubler","pluralName":{"one":"tadsjikisk rubel","other":"tadsjikiske rubler"}},"TJS":{"name":"tadsjikiske somoni","pluralName":{"one":"tadsjikisk somoni","other":"tadsjikiske somoni"}},"TMM":{"name":"turkmenske manat (1993–2009)","pluralName":{"one":"turkmensk manat (1993–2009)","other":"turkmenske manat (1993–2009)"}},"TMT":{"name":"turkmenske manat","pluralName":{"one":"turkmensk manat","other":"turkmenske manat"}},"TND":{"name":"tunisiske dinarer","pluralName":{"one":"tunisisk dinar","other":"tunisiske dinarer"}},"TOP":{"name":"tonganske paʻanga","pluralName":{"one":"tongansk paʻanga","other":"tonganske paʻanga"},"symbolNarrow":"T$"},"TPE":{"name":"timoresiske escudo","pluralName":{"one":"timoresisk escudo","other":"timoresiske escudo"}},"TRL":{"name":"tyrkiske lire (1922–2005)","pluralName":{"one":"tyrkisk lire (1922–2005)","other":"tyrkiske lire (1922–2005)"}},"TRY":{"name":"tyrkiske lire","pluralName":{"one":"tyrkisk lire","other":"tyrkiske lire"},"symbolNarrow":"₺","symbolAlt":"TL"},"TTD":{"name":"trinidadiske dollar","pluralName":{"one":"trinidadisk dollar","other":"trinidadiske dollar"},"symbolNarrow":"$"},"TWD":{"name":"nye taiwanske dollar","pluralName":{"one":"ny taiwansk dollar","other":"nye taiwanske dollar"},"symbolNarrow":"NT$"},"TZS":{"name":"tanzanianske shilling","pluralName":{"one":"tanzaniansk shilling","other":"tanzanianske shilling"}},"UAH":{"name":"ukrainske hryvnia","pluralName":{"one":"ukrainsk hryvnia","other":"ukrainske hryvnia"},"symbolNarrow":"₴"},"UAK":{"name":"ukrainske karbovanetz","pluralName":{"one":"ukrainsk karbovanetz","other":"ukrainske karbovanetz"}},"UGS":{"name":"ugandiske shilling (1966–1987)","pluralName":{"one":"ugandisk shilling (1966–1987)","other":"ugandiske shilling (1966–1987)"}},"UGX":{"name":"ugandiske shilling","pluralName":{"one":"ugandisk shilling","other":"ugandiske shilling"}},"USD":{"name":"amerikanske dollar","pluralName":{"one":"amerikansk dollar","other":"amerikanske dollar"},"symbolNarrow":"$"},"USN":{"name":"amerikanske dollar (neste dag)","pluralName":{"one":"amerikansk dollar (neste dag)","other":"amerikanske dollar (neste dag)"}},"USS":{"name":"amerikanske dollar (samme dag)","pluralName":{"one":"amerikansk dollar (samme dag)","other":"amerikanske dollar (samme dag)"}},"UYI":{"name":"uruguyanske pesos (indekserte enheter)","pluralName":{"one":"uruguyanske pesos (indekserte enheter)","other":"uruguyanske pesos (indekserte enheter)"}},"UYP":{"name":"uruguayanske pesos (1975–1993)","pluralName":{"one":"uruguayansk pesos (1975–1993)","other":"uruguayanske pesos (1975–1993)"}},"UYU":{"name":"uruguayanske pesos","pluralName":{"one":"uruguyansk peso","other":"uruguayanske pesos"},"symbolNarrow":"$"},"UZS":{"name":"usbekiske som","pluralName":{"one":"usbekisk som","other":"usbekiske som"}},"VEB":{"name":"venezuelanske bolivar (1871–2008)","pluralName":{"one":"venezuelansk bolivar (1871–2008)","other":"venezuelanske bolivar (1871–2008)"}},"VEF":{"name":"venezuelanske bolivar","pluralName":{"one":"venezuelansk bolivar","other":"venezuelanske bolivarer"},"symbolNarrow":"Bs"},"VND":{"name":"vietnamesiske dong","pluralName":{"one":"vietnamesisk dong","other":"vietnamesiske dong"},"symbolNarrow":"₫"},"VNN":{"name":"vietnamesiske dong (1978–1985)","pluralName":{"one":"vietnamesisk dong (1978–1985)","other":"vietnamesiske dong (1978–1985)"}},"VUV":{"name":"vanuatiske vatu","pluralName":{"one":"vanuatisk vatu","other":"vanuatiske vatu"}},"WST":{"name":"samoanske tala","pluralName":{"one":"samoansk tala","other":"samoanske tala"}},"XAF":{"name":"sentralafrikanske CFA-franc","pluralName":{"one":"sentralafrikansk CFA-franc","other":"sentralafrikanske CFA-franc"}},"XAG":{"name":"sølv","pluralName":{"one":"unse sølv","other":"unser sølv"}},"XAU":{"name":"gull","pluralName":{"one":"unse gull","other":"unser gull"}},"XBA":{"name":"europeisk sammensatt enhet","pluralName":{"one":"europeisk sammensatt enhet","other":"europeiske sammensatte enheter"}},"XBB":{"name":"europeisk monetær enhet","pluralName":{"one":"europeisk monetær enhet","other":"europeiske monetære enheter"}},"XBC":{"name":"europeisk kontoenhet (XBC)","pluralName":{"one":"europeisk kontoenhet (XBC)","other":"europeiske kontoenheter"}},"XBD":{"name":"europeisk kontoenhet (XBD)","pluralName":{"one":"europeisk kontoenhet (XBD)","other":"europeiske kontoenheter (XBD)"}},"XCD":{"name":"østkaribiske dollar","pluralName":{"one":"østkaribisk dollar","other":"østkaribiske dollar"},"symbolNarrow":"$"},"XDR":{"name":"spesielle trekkrettigheter","pluralName":{"one":"spesiell trekkrettighet","other":"spesielle trekkrettigheter"}},"XEU":{"name":"europeisk valutaenhet","pluralName":{"one":"europeisk valutaenhet","other":"europeiske valutaenheter"}},"XFO":{"name":"franske gullfranc","pluralName":{"one":"fransk gullfranc","other":"franske gullfranc"}},"XFU":{"name":"franske UIC-franc","pluralName":{"one":"fransk UIC-franc","other":"franske UIC-franc"}},"XOF":{"symbol":"CFA","name":"vestafrikanske CFA-franc","pluralName":{"one":"vestafrikansk CFA-franc","other":"vestafrikanske CFA-franc"}},"XPD":{"name":"palladium","pluralName":{"one":"unse palladium","other":"unser palladium"}},"XPF":{"name":"CFP-franc","pluralName":{"one":"CFP-franc","other":"CFP-franc"}},"XPT":{"name":"platina","pluralName":{"one":"unse platina","other":"unser platina"}},"XRE":{"name":"RINET-fond"},"XSU":{"name":"sucre","pluralName":{"one":"sucre","other":"sucre"}},"XTS":{"name":"testvalutakode","pluralName":{"one":"testvaluta","other":"testvaluta"}},"XUA":{"name":"ADB-kontoenhet","pluralName":{"one":"ADB-kontoenhet","other":"ADB-kontoenheter"}},"XXX":{"name":"ukjent valuta","pluralName":{"one":"(ukjent valuta)","other":"(ukjent valuta)"}},"YDD":{"name":"jemenittiske dinarer","pluralName":{"one":"jemenittisk dinar","other":"jemenittiske dinarer"}},"YER":{"name":"jemenittiske rialer","pluralName":{"one":"jemenittisk rial","other":"jemenittiske rialer"}},"YUD":{"name":"jugoslaviske dinarer (hard)","pluralName":{"one":"jugoslavisk dinar (hard)","other":"jugoslaviske dinarer (hard)"}},"YUM":{"name":"jugoslaviske noviy-dinarer","pluralName":{"one":"jugoslavisk noviy-dinar","other":"jugoslaviske noviy-dinarer"}},"YUN":{"name":"jugoslaviske konvertible dinarer","pluralName":{"one":"jugoslavisk konvertibel dinar","other":"jugoslaviske konvertible dinarer"}},"YUR":{"name":"jugoslaviske reformerte dinarer (1992–1993)","pluralName":{"one":"jugoslavisk reformert dinar (1992–1993)","other":"jugoslaviske reformerte dinarer (1992–1993)"}},"ZAL":{"name":"sørafrikanske rand (finansielle)","pluralName":{"one":"sørafrikansk rand (finansiell)","other":"sørafrikanske rand (finansielle)"}},"ZAR":{"name":"sørafrikanske rand","pluralName":{"one":"sørafrikansk rand","other":"sørafrikanske rand"},"symbolNarrow":"R"},"ZMK":{"name":"zambiske kwacha (1968–2012)","pluralName":{"one":"zambisk kwacha (1968–2012)","other":"zambiske kwacha (1968–2012)"}},"ZMW":{"name":"zambiske kwacha","pluralName":{"one":"zambisk kwacha","other":"zambiske kwacha"},"symbolNarrow":"ZK"},"ZRN":{"name":"zairiske nye zaire","pluralName":{"one":"zairisk ny zaire","other":"zairiske nye zaire"}},"ZRZ":{"name":"zairiske zaire","pluralName":{"one":"zairisk zaire","other":"zairiske zaire"}},"ZWD":{"name":"zimbabwiske dollar (1980–2008)","pluralName":{"one":"zimbabwisk dollar (1980–2008)","other":"zimbabwiske dollar (1980–2008)"}},"ZWL":{"name":"zimbabwisk dollar (2009)","pluralName":{"one":"zimbabwisk dollar (2009)","other":"zimbabwiske dollar (2009)"}},"ZWR":{"name":"zimbabwisk dollar (2008)","pluralName":{"one":"zimbabwisk dollar (2008)","other":"zimbabwiske dollar (2008)"}}}