{"era":{"displayName":"Tidsalder"},"year":{"displayName":"År","relative-type--1":"i fjor","relative-type-0":"i år","relative-type-1":"neste år","relativeTime-type-future":{"relativeTimePattern-count-one":"om {0} år","relativeTimePattern-count-other":"om {0} år"},"relativeTime-type-past":{"relativeTimePattern-count-one":"for {0} år siden","relativeTimePattern-count-other":"for {0} år siden"}},"year-short":{"displayName":"år","relative-type--1":"i fjor","relative-type-0":"i år","relative-type-1":"neste år","relativeTime-type-future":{"relativeTimePattern-count-one":"om {0} år","relativeTimePattern-count-other":"om {0} år"},"relativeTime-type-past":{"relativeTimePattern-count-one":"for {0} år siden","relativeTimePattern-count-other":"for {0} år siden"}},"year-narrow":{"displayName":"år","relative-type--1":"i fjor","relative-type-0":"i år","relative-type-1":"neste år","relativeTime-type-future":{"relativeTimePattern-count-one":"+{0} år","relativeTimePattern-count-other":"+{0} år"},"relativeTime-type-past":{"relativeTimePattern-count-one":"–{0} år","relativeTimePattern-count-other":"–{0} år"}},"quarter":{"displayName":"Kvartal","relative-type--1":"last quarter","relative-type-0":"this quarter","relative-type-1":"next quarter","relativeTime-type-future":{"relativeTimePattern-count-one":"om {0} kvartal","relativeTimePattern-count-other":"om {0} kvartaler"},"relativeTime-type-past":{"relativeTimePattern-count-one":"for {0} kvartal siden","relativeTimePattern-count-other":"for {0} kvartaler siden"}},"quarter-short":{"displayName":"kv.","relative-type--1":"last quarter","relative-type-0":"this quarter","relative-type-1":"next quarter","relativeTime-type-future":{"relativeTimePattern-count-one":"om {0} kv.","relativeTimePattern-count-other":"om {0} kv."},"relativeTime-type-past":{"relativeTimePattern-count-one":"for {0} kv. siden","relativeTimePattern-count-other":"for {0} kv. siden"}},"quarter-narrow":{"displayName":"kv.","relative-type--1":"last quarter","relative-type-0":"this quarter","relative-type-1":"next quarter","relativeTime-type-future":{"relativeTimePattern-count-one":"+{0} kv.","relativeTimePattern-count-other":"+{0} kv."},"relativeTime-type-past":{"relativeTimePattern-count-one":"–{0} kv.","relativeTimePattern-count-other":"–{0} kv."}},"month":{"displayName":"Måned","relative-type--1":"forrige måned","relative-type-0":"denne måneden","relative-type-1":"neste måned","relativeTime-type-future":{"relativeTimePattern-count-one":"om {0} måned","relativeTimePattern-count-other":"om {0} måneder"},"relativeTime-type-past":{"relativeTimePattern-count-one":"for {0} måned siden","relativeTimePattern-count-other":"for {0} måneder siden"}},"month-short":{"displayName":"mnd.","relative-type--1":"forrige måned","relative-type-0":"denne måneden","relative-type-1":"neste måned","relativeTime-type-future":{"relativeTimePattern-count-one":"om {0} måneder","relativeTimePattern-count-other":"om {0} måneder"},"relativeTime-type-past":{"relativeTimePattern-count-one":"for {0} måneder siden","relativeTimePattern-count-other":"for {0} måneder siden"}},"month-narrow":{"displayName":"md.","relative-type--1":"forrige måned","relative-type-0":"denne måneden","relative-type-1":"neste måned","relativeTime-type-future":{"relativeTimePattern-count-one":"+{0} md.","relativeTimePattern-count-other":"+{0} md."},"relativeTime-type-past":{"relativeTimePattern-count-one":"-{0} md.","relativeTimePattern-count-other":"-{0} md."}},"week":{"displayName":"Uke","relative-type--1":"forrige uke","relative-type-0":"denne uken","relative-type-1":"neste uke","relativeTime-type-future":{"relativeTimePattern-count-one":"om {0} uke","relativeTimePattern-count-other":"om {0} uker"},"relativeTime-type-past":{"relativeTimePattern-count-one":"for {0} uke siden","relativeTimePattern-count-other":"for {0} uker siden"}},"week-short":{"displayName":"uke","relative-type--1":"forrige uke","relative-type-0":"denne uken","relative-type-1":"neste uke","relativeTime-type-future":{"relativeTimePattern-count-one":"om {0} uke","relativeTimePattern-count-other":"om {0} uker"},"relativeTime-type-past":{"relativeTimePattern-count-one":"for {0} uke siden","relativeTimePattern-count-other":"for {0} uker siden"}},"week-narrow":{"displayName":"uke","relative-type--1":"forrige uke","relative-type-0":"denne uken","relative-type-1":"neste uke","relativeTime-type-future":{"relativeTimePattern-count-one":"+{0} u.","relativeTimePattern-count-other":"+{0} u."},"relativeTime-type-past":{"relativeTimePattern-count-one":"-{0} u.","relativeTimePattern-count-other":"-{0} u."}},"day":{"displayName":"Dag","relative-type--1":"i går","relative-type--2":"i forgårs","relative-type-0":"i dag","relative-type-1":"i morgen","relative-type-2":"i overmorgen","relativeTime-type-future":{"relativeTimePattern-count-one":"om {0} døgn","relativeTimePattern-count-other":"om {0} døgn"},"relativeTime-type-past":{"relativeTimePattern-count-one":"for {0} døgn siden","relativeTimePattern-count-other":"for {0} døgn siden"}},"day-short":{"displayName":"dag","relative-type--1":"i går","relative-type--2":"i forgårs","relative-type-0":"i dag","relative-type-1":"i morgen","relative-type-2":"i overmorgen","relativeTime-type-future":{"relativeTimePattern-count-one":"om {0} døgn","relativeTimePattern-count-other":"om {0} døgn"},"relativeTime-type-past":{"relativeTimePattern-count-one":"for {0} døgn siden","relativeTimePattern-count-other":"for {0} døgn siden"}},"day-narrow":{"displayName":"dag","relative-type--1":"i går","relative-type--2":"i forgårs","relative-type-0":"i dag","relative-type-1":"i morgen","relative-type-2":"i overmorgen","relativeTime-type-future":{"relativeTimePattern-count-one":"+{0} d.","relativeTimePattern-count-other":"+{0} d."},"relativeTime-type-past":{"relativeTimePattern-count-one":"-{0} d.","relativeTimePattern-count-other":"-{0} d."}},"weekday":{"displayName":"Ukedag"},"sun":{"relative-type--1":"søndag sist uke","relative-type-0":"søndag denne uken","relative-type-1":"søndag neste uke"},"sun-short":{"relative-type--1":"forrige søn.","relative-type-0":"denne søn.","relative-type-1":"kommende søn."},"sun-narrow":{"relative-type--1":"forrige sø.","relative-type-0":"denne sø.","relative-type-1":"kommende sø."},"mon":{"relative-type--1":"mandag sist uke","relative-type-0":"mandag denne uken","relative-type-1":"mandag neste uke"},"mon-short":{"relative-type--1":"forrige man.","relative-type-0":"denne man.","relative-type-1":"kommende man."},"mon-narrow":{"relative-type--1":"forrige ma.","relative-type-0":"denne ma.","relative-type-1":"kommende ma."},"tue":{"relative-type--1":"tirsdag sist uke","relative-type-0":"tirsdag denne uken","relative-type-1":"tirsdag neste uke"},"tue-short":{"relative-type--1":"forrige tir.","relative-type-0":"denne tir.","relative-type-1":"kommende tir."},"tue-narrow":{"relative-type--1":"forrige ti.","relative-type-0":"denne ti.","relative-type-1":"kommende ti."},"wed":{"relative-type--1":"onsdag sist uke","relative-type-0":"onsdag denne uken","relative-type-1":"onsdag neste uke"},"wed-short":{"relative-type--1":"forrige ons.","relative-type-0":"denne ons.","relative-type-1":"kommende ons."},"wed-narrow":{"relative-type--1":"forrige on.","relative-type-0":"denne on.","relative-type-1":"kommende on."},"thu":{"relative-type--1":"torsdag sist uke","relative-type-0":"torsdag denne uken","relative-type-1":"torsdag neste uke"},"thu-short":{"relative-type--1":"forrige tor.","relative-type-0":"denne tor.","relative-type-1":"kommende tor."},"thu-narrow":{"relative-type--1":"forrige to.","relative-type-0":"denne to.","relative-type-1":"kommende to."},"fri":{"relative-type--1":"fredag sist uke","relative-type-0":"fredag denne uken","relative-type-1":"fredag neste uke"},"fri-short":{"relative-type--1":"forrige fre.","relative-type-0":"denne fre.","relative-type-1":"kommende fre."},"fri-narrow":{"relative-type--1":"forrige fr.","relative-type-0":"denne fr.","relative-type-1":"kommende fr."},"sat":{"relative-type--1":"lørdag sist uke","relative-type-0":"lørdag denne uken","relative-type-1":"lørdag neste uke"},"sat-short":{"relative-type--1":"forrige lør.","relative-type-0":"denne lør.","relative-type-1":"kommende lør."},"sat-narrow":{"relative-type--1":"forrige lø.","relative-type-0":"denne lø.","relative-type-1":"kommende lø."},"dayperiod":{"displayName":"AM/PM"},"hour":{"displayName":"Time","relativeTime-type-future":{"relativeTimePattern-count-one":"om {0} time","relativeTimePattern-count-other":"om {0} timer"},"relativeTime-type-past":{"relativeTimePattern-count-one":"for {0} time siden","relativeTimePattern-count-other":"for {0} timer siden"}},"hour-short":{"displayName":"t","relativeTime-type-future":{"relativeTimePattern-count-one":"om {0} t","relativeTimePattern-count-other":"om {0} t"},"relativeTime-type-past":{"relativeTimePattern-count-one":"for {0} t siden","relativeTimePattern-count-other":"for {0} t siden"}},"hour-narrow":{"displayName":"t","relativeTime-type-future":{"relativeTimePattern-count-one":"+{0} t","relativeTimePattern-count-other":"+{0} t"},"relativeTime-type-past":{"relativeTimePattern-count-one":"-{0} t","relativeTimePattern-count-other":"-{0} t"}},"minute":{"displayName":"Minutt","relativeTime-type-future":{"relativeTimePattern-count-one":"om {0} minutt","relativeTimePattern-count-other":"om {0} minutter"},"relativeTime-type-past":{"relativeTimePattern-count-one":"for {0} minutt siden","relativeTimePattern-count-other":"for {0} minutter siden"}},"minute-short":{"displayName":"min","relativeTime-type-future":{"relativeTimePattern-count-one":"om {0} min","relativeTimePattern-count-other":"om {0} min"},"relativeTime-type-past":{"relativeTimePattern-count-one":"for {0} min siden","relativeTimePattern-count-other":"for {0} min siden"}},"minute-narrow":{"displayName":"m","relativeTime-type-future":{"relativeTimePattern-count-one":"+{0} min","relativeTimePattern-count-other":"+{0} min"},"relativeTime-type-past":{"relativeTimePattern-count-one":"-{0} min","relativeTimePattern-count-other":"-{0} min"}},"second":{"displayName":"Sekund","relative-type-0":"nå","relativeTime-type-future":{"relativeTimePattern-count-one":"om {0} sekund","relativeTimePattern-count-other":"om {0} sekunder"},"relativeTime-type-past":{"relativeTimePattern-count-one":"for {0} sekund siden","relativeTimePattern-count-other":"for {0} sekunder siden"}},"second-short":{"displayName":"sek","relative-type-0":"nå","relativeTime-type-future":{"relativeTimePattern-count-one":"om {0} sek","relativeTimePattern-count-other":"om {0} sek"},"relativeTime-type-past":{"relativeTimePattern-count-one":"for {0} sek siden","relativeTimePattern-count-other":"for {0} sek siden"}},"second-narrow":{"displayName":"s","relative-type-0":"nå","relativeTime-type-future":{"relativeTimePattern-count-one":"+{0} s","relativeTimePattern-count-other":"+{0} s"},"relativeTime-type-past":{"relativeTimePattern-count-one":"-{0} s","relativeTimePattern-count-other":"-{0} s"}},"zone":{"displayName":"Tidssone"}}