{"aa":"afar","ab":"abkhasisk","ace":"achinesisk","ach":"acoli","ada":"adangme","ady":"adyghe","ae":"avestisk","aeb":"aeb","af":"afrikaans","afh":"afrihili","agq":"aghem","ain":"ainu","ak":"akan","akk":"akkadisk","akz":"akz","ale":"aleutisk","aln":"aln","alt":"søraltaisk","am":"amharisk","an":"aragonsk","ang":"gammelengelsk","anp":"angika","ar":"arabisk","ar-001":"moderne standard arabisk","arc":"arameisk","arn":"araukansk","aro":"aro","arp":"arapaho","arq":"arq","arw":"arawak","ary":"ary","arz":"arz","as":"assamisk","asa":"asu","ase":"ase","ast":"asturisk","av":"avarisk","avk":"avk","awa":"awadhi","ay":"aymara","az":"aserbajdsjansk","az-alt-short":"azeri","azb":"azb","ba":"basjkirsk","bal":"baluchi","ban":"balinesisk","bar":"bar","bas":"basa","bax":"bamun","bbc":"bbc","bbj":"ghomala","be":"hviterussisk","bej":"beja","bem":"bemba","bew":"bew","bez":"bena","bfd":"bafut","bfq":"bfq","bg":"bulgarsk","bho":"bhojpuri","bi":"bislama","bik":"bikol","bin":"bini","bjn":"bjn","bkm":"kom","bla":"siksika","bm":"bambara","bn":"bengali","bo":"tibetansk","bpy":"bpy","bqi":"bqi","br":"bretonsk","bra":"braj","brh":"brh","brx":"bodo","bs":"bosnisk","bss":"akose","bua":"buriat","bug":"buginesisk","bum":"bulu","byn":"blin","byv":"medumba","ca":"katalansk","cad":"caddo","car":"karibisk","cay":"cayuga","cch":"atsam","ce":"tsjetsjensk","ceb":"cebuansk","cgg":"kiga","ch":"chamorro","chb":"chibcha","chg":"chagatai","chk":"chuukesisk","chm":"mari","chn":"chinook","cho":"choctaw","chp":"chipewiansk","chr":"cherokesisk","chy":"cheyenne","ckb":"kurdisk (sorani)","co":"korsikansk","cop":"koptisk","cps":"cps","cr":"cree","crh":"krimtatarisk","cs":"tsjekkisk","csb":"kasjubisk","cu":"kirkeslavisk","cv":"tsjuvansk","cy":"walisisk","da":"dansk","dak":"dakota","dar":"dargwa","dav":"taita","de":"tysk","de-AT":"østerriksk tysk","de-CH":"sveitsisk høytysk","del":"delaware","den":"slavisk","dgr":"dogrib","din":"dinka","dje":"zarma","doi":"dogri","dsb":"lavsorbisk","dtp":"dtp","dua":"duala","dum":"mellomnederlandsk","dv":"divehi","dyo":"jola-fonyi","dyu":"dyula","dz":"dzongkha","dzg":"dazaga","ebu":"kiembu","ee":"ewe","efi":"efik","egl":"egl","egy":"gammelegyptisk","eka":"ekajuk","el":"gresk","elx":"elamittisk","en":"engelsk","en-AU":"australsk engelsk","en-CA":"canadisk engelsk","en-GB":"britisk engelsk","en-GB-alt-short":"engelsk – britisk","en-US":"amerikansk engelsk","en-US-alt-short":"engelsk – USA","enm":"mellomengelsk","eo":"esperanto","es":"spansk","es-419":"latinamerikansk spansk","es-ES":"europeisk spansk","es-MX":"meksikansk spansk","esu":"esu","et":"estisk","eu":"baskisk","ewo":"ewondo","ext":"ext","fa":"persisk","fan":"fang","fat":"fanti","ff":"fulani","fi":"finsk","fil":"filippinsk","fit":"fit","fj":"fijiansk","fo":"færøysk","fon":"fon","fr":"fransk","fr-CA":"canadisk fransk","fr-CH":"sveitsisk fransk","frc":"frc","frm":"mellomfransk","fro":"gammelfransk","frp":"frp","frr":"nordfrisisk","frs":"østfrisisk","fur":"friuliansk","fy":"vestfrisisk","ga":"irsk","gaa":"ga","gag":"gagausisk","gan":"gan","gay":"gayo","gba":"gbaya","gbz":"gbz","gd":"skotsk gælisk","gez":"ges","gil":"kiribatisk","gl":"galisisk","glk":"glk","gmh":"mellomhøytysk","gn":"guarani","goh":"gammelhøytysk","gom":"gom","gon":"gondi","gor":"gorontalo","got":"gotisk","grb":"grebo","grc":"gammelgresk","gsw":"sveitsertysk","gu":"gujarati","guc":"guc","gur":"gur","guz":"gusii","gv":"mansk","gwi":"gwichin","ha":"hausa","hai":"haida","hak":"hak","haw":"hawaiisk","he":"hebraisk","hi":"hindi","hif":"hif","hil":"hiligaynon","hit":"hettittisk","hmn":"hmong","ho":"hiri motu","hr":"kroatisk","hsb":"høysorbisk","hsn":"hsn","ht":"haitisk","hu":"ungarsk","hup":"hupa","hy":"armensk","hz":"herero","ia":"interlingua","iba":"iban","ibb":"ibibio","id":"indonesisk","ie":"interlingue","ig":"ibo","ii":"sichuan-yi","ik":"inupiak","ilo":"iloko","inh":"ingusjisk","io":"ido","is":"islandsk","it":"italiensk","iu":"inuktitut","izh":"izh","ja":"japansk","jam":"jam","jbo":"lojban","jgo":"ngomba","jmc":"machame","jpr":"jødepersisk","jrb":"jødearabisk","jut":"jut","jv":"javanesisk","ka":"georgisk","kaa":"karakalpakisk","kab":"kabylsk","kac":"kachin","kaj":"jju","kam":"kamba","kaw":"kawi","kbd":"kabardisk","kbl":"kanembu","kcg":"tyap","kde":"makonde","kea":"kappverdisk","ken":"ken","kfo":"koro","kg":"kikongo","kgp":"kgp","kha":"khasi","kho":"khotanesisk","khq":"koyra chiini","khw":"khw","ki":"kikuyu","kiu":"kiu","kj":"kuanyama","kk":"kasakhisk","kkj":"kako","kl":"grønlandsk","kln":"kalenjin","km":"khmer","kmb":"kimbundu","kn":"kannada","ko":"koreansk","koi":"komipermjakisk","kok":"konkani","kos":"kosraeansk","kpe":"kpelle","kr":"kanuri","krc":"karachay-balkar","kri":"kri","krj":"krj","krl":"karelsk","kru":"kurukh","ks":"kasjmiri","ksb":"shambala","ksf":"bafia","ksh":"kølnsk","ku":"kurdisk","kum":"kumyk","kut":"kutenai","kv":"komi","kw":"kornisk","ky":"kirgisisk","la":"latin","lad":"ladinsk","lag":"langi","lah":"lahnda","lam":"lamba","lb":"luxemburgsk","lez":"lezghian","lfn":"lfn","lg":"ganda","li":"limburgisk","lij":"lij","liv":"liv","lkt":"lakota","lmo":"lmo","ln":"lingala","lo":"laotisk","lol":"mongo","loz":"lozi","lt":"litauisk","ltg":"ltg","lu":"luba-katanga","lua":"luba-lulua","lui":"luiseno","lun":"lunda","luo":"luo","lus":"lushai","luy":"luhya","lv":"latvisk","lzh":"lzh","lzz":"lzz","mad":"maduresisk","maf":"mafa","mag":"magahi","mai":"maithili","mak":"makasar","man":"mandingo","mas":"masai","mde":"maba","mdf":"moksha","mdr":"mandar","men":"mende","mer":"meru","mfe":"mauritisk-kreolsk","mg":"madagassisk","mga":"mellomirsk","mgh":"makhuwa-meetto","mgo":"meta’","mh":"marshallesisk","mi":"maori","mic":"micmac","min":"minangkabau","mk":"makedonsk","ml":"malayalam","mn":"mongolsk","mnc":"mandsju","mni":"manipuri","moh":"mohawk","mos":"mossi","mr":"marathi","mrj":"mrj","ms":"malayisk","mt":"maltesisk","mua":"mundang","mul":"flere språk","mus":"creek","mwl":"mirandesisk","mwr":"marwari","mwv":"mwv","my":"burmesisk","mye":"myene","myv":"erzya","mzn":"mzn","na":"nauru","nan":"nan","nap":"napolitansk","naq":"nama","nb":"norsk bokmål","nd":"nord-ndebele","nds":"lavtysk","ne":"nepali","new":"newari","ng":"ndonga","nia":"nias","niu":"niueansk","njo":"njo","nl":"nederlandsk","nl-BE":"flamsk","nmg":"kwasio","nn":"norsk nynorsk","nnh":"ngiemboon","no":"norsk","nog":"nogai","non":"gammelnorsk","nov":"nov","nqo":"nkå","nr":"sør-ndebele","nso":"nord-sotho","nus":"nuer","nv":"navajo","nwc":"klassisk newari","ny":"nyanja","nym":"nyamwezi","nyn":"nyankole","nyo":"nyoro","nzi":"nzima","oc":"oksitansk","oj":"ojibwa","om":"oromo","or":"oriya","os":"ossetisk","osa":"osage","ota":"ottomansk tyrkisk","pa":"punjabi","pag":"pangasinan","pal":"pahlavi","pam":"pampanga","pap":"papiamento","pau":"palauisk","pcd":"pcd","pdc":"pdc","pdt":"pdt","peo":"gammelpersisk","pfl":"pfl","phn":"fønikisk","pi":"pali","pl":"polsk","pms":"pms","pnt":"pnt","pon":"ponapisk","prg":"prg","pro":"gammelprovençalsk","ps":"pashto","ps-alt-variant":"pushto","pt":"portugisisk","pt-BR":"brasiliansk portugisisk","pt-PT":"europeisk portugisisk","qu":"quechua","quc":"quiché","qug":"qug","raj":"rajasthani","rap":"rapanui","rar":"rarotongansk","rgn":"rgn","rif":"rif","rm":"retoromansk","rn":"rundi","ro":"rumensk","ro-MD":"moldovsk","rof":"rombo","rom":"romani","root":"rot","rtm":"rtm","ru":"russisk","rue":"rue","rug":"rug","rup":"aromansk","rw":"kinyarwanda","rwk":"rwa","sa":"sanskrit","sad":"sandawe","sah":"jakutsk","sam":"samaritansk arameisk","saq":"samburu","sas":"sasak","sat":"santali","saz":"saz","sba":"ngambay","sbp":"sangu","sc":"sardinsk","scn":"siciliansk","sco":"skotsk","sd":"sindhi","sdc":"sdc","se":"nordsamisk","see":"seneca","seh":"sena","sei":"sei","sel":"selkupisk","ses":"koyraboro senni","sg":"sango","sga":"gammelirsk","sgs":"sgs","sh":"serbokroatisk","shi":"tachelhit","shn":"shan","shu":"Tsjad-arabisk","si":"singalesisk","sid":"sidamo","sk":"slovakisk","sl":"slovensk","sli":"sli","sly":"sly","sm":"samoansk","sma":"sørsamisk","smj":"lulesamisk","smn":"enaresamisk","sms":"skoltesamisk","sn":"shona","snk":"soninke","so":"somali","sog":"sogdisk","sq":"albansk","sr":"serbisk","srn":"sranan tongo","srr":"serer","ss":"swati","ssy":"saho","st":"sør-sotho","stq":"stq","su":"sundanesisk","suk":"sukuma","sus":"susu","sux":"sumerisk","sv":"svensk","sw":"swahili","swb":"komorisk","swc":"kongolesisk swahili","syc":"klassisk syrisk","syr":"syrisk","szl":"szl","ta":"tamilsk","tcy":"tcy","te":"telugu","tem":"temne","teo":"teso","ter":"tereno","tet":"tetum","tg":"tadsjikisk","th":"thai","ti":"tigrinja","tig":"tigré","tiv":"tiv","tk":"turkmensk","tkl":"tokelau","tkr":"tkr","tl":"tagalog","tlh":"klingon","tli":"tlingit","tly":"tly","tmh":"tamasjek","tn":"setswana","to":"tongansk","tog":"nyasa-tongansk","tpi":"tok pisin","tr":"tyrkisk","tru":"tru","trv":"taroko","ts":"tsonga","tsd":"tsd","tsi":"tsimshian","tt":"tatarisk","ttt":"ttt","tum":"tumbuka","tvl":"tuvalu","tw":"twi","twq":"tasawaq","ty":"tahitisk","tyv":"tuvinisk","tzm":"sentralmarokkansk tamazight","udm":"udmurt","ug":"uigurisk","uga":"ugaritisk","uk":"ukrainsk","umb":"umbundu","und":"ukjent språk","ur":"urdu","uz":"usbekisk","vai":"vai","ve":"venda","vec":"vec","vep":"vep","vi":"vietnamesisk","vls":"vls","vmf":"vmf","vo":"volapyk","vot":"votisk","vro":"vro","vun":"vunjo","wa":"vallonsk","wae":"walser","wal":"walamo","war":"waray","was":"washo","wo":"wolof","wuu":"wuu","xal":"kalmyk","xh":"xhosa","xmf":"xmf","xog":"soga","yao":"yao","yap":"yapesisk","yav":"yangben","ybb":"yemba","yi":"jiddisk","yo":"joruba","yrl":"yrl","yue":"kantonesisk","za":"zhuang","zap":"zapotec","zbl":"blissymboler","zea":"zea","zen":"zenaga","zgh":"standard marrokansk tamazight","zh":"kinesisk","zh-Hans":"forenklet kinesisk","zh-Hant":"tradisjonell kinesisk","zu":"zulu","zun":"zuni","zxx":"uten språklig innhold","zza":"zaza"}