{"localeDisplayPattern":{"localePattern":"%1$s (%2$s)","localeSeparator":"%1$s, %2$s","localeKeyTypePattern":"%1$s: %2$s"},"keys":{"calendar":"kalender","colAlternate":"Ignorer sortering etter symboler","colBackwards":"Omvendt sortering etter aksent","colCaseFirst":"Organisering av store og små bokstaver","colCaseLevel":"Sortering av store og små bokstaver","colHiraganaQuaternary":"Sortering av kana","colNormalization":"Normalisert sortering","colNumeric":"Numerisk sortering","colStrength":"Sorteringsstyrke","collation":"sorteringsrekkefølge","currency":"valuta","numbers":"tall","timezone":"tidssone","va":"Språkvariant","variableTop":"Sortér som symboler","x":"privat bruk"},"types":{"calendar":{"buddhist":"buddhistisk kalender","chinese":"kinesisk kalender","coptic":"koptisk kalender","dangi":"dangisk kalender","ethiopic":"etiopisk kalender","ethiopic-amete-alem":"etiopisk amete-alem-kalender","gregorian":"gregoriansk kalender","hebrew":"hebraisk kalender","indian":"indisk nasjonalkalender","islamic":"islamsk kalender","islamic-civil":"islamsk sivil kalender","islamic-rgsa":"islamsk kalender (Saudi-Arabia. synlighet)","islamic-tbla":"islamsk kalender (tabellarisk, astronomisk epoke)","islamic-umalqura":"islamsk kalender (Umm al-Qura)","iso8601":"ISO 8601-kalender","japanese":"japansk kalender","persian":"persisk kalender","roc":"kalender for Republikken Kina"},"colAlternate":{"non-ignorable":"Sortér symboler","shifted":"Ignorer symboler under sortering"},"colBackwards":{"no":"Sortér aksenttegn normalt","yes":"Sortér aksenttegn i motsatt rekkefølge"},"colCaseFirst":{"lower":"Sortér små bokstaver først","no":"Sortér store og små bokstaver i vanlig rekkefølge","upper":"Sortér store bokstaver først"},"colCaseLevel":{"no":"Sortér uavhengig av store og små bokstaver.","yes":"Sortér med skille mellom små og store bokstaver"},"colHiraganaQuaternary":{"no":"Sortér kana separat","yes":"Sortér med skille mellom forskjellige varianter av kana"},"colNormalization":{"no":"Sortér uten normalisering","yes":"Sortér Unicode normalisert"},"colNumeric":{"no":"Sortér sifre individuelt","yes":"Sortér sifre numerisk"},"colStrength":{"identical":"Sortér alle","primary":"Sortér bare basisbokstaver","quaternary":"Sortér aksenttegn / små og store bokstaver / bredde / kana","secondary":"Sortér aksenttegn","tertiary":"Sortér aksenttegn / små og store bokstaver / bredde"},"collation":{"big5han":"tradisjonell kinesisk sortering - Big 5","dictionary":"ordlistesortering","ducet":"standard Unicode-sorteringsrekkefølge","eor":"sorteringsrekkefølge for flerspråklige europeiske dokumenter","gb2312han":"forenklet kinesisk sortering - GB2312","phonebook":"telefonkatalogsortering","phonetic":"Fonetisk sorteringsrekkefølge","pinyin":"pinyinsortering","reformed":"reformert sortering","search":"søk av normaltype","searchjl":"Søk etter første konsonant i hangul","standard":"standard sorteringsrekkefølge","stroke":"streksortering","traditional":"tradisjonell sortering","unihan":"radikal-strek-sortering","zhuyin":"zhuyin-sortering"},"numbers":{"arab":"arabisk-indiske tall","arabext":"utvidede arabisk-indiske tall","armn":"armenske tallsymboler","armnlow":"små armenske tallsymboler","bali":"baliske tall","beng":"bengalske tall","brah":"brahmiske tall","cakm":"chakma-tall","cham":"cham-tall","deva":"devanagari-tall","ethi":"etiopiske tallsymboler","finance":"Finansielle tall","fullwide":"tall med full bredde","geor":"georgiske tall","grek":"greske tallsymboler","greklow":"små greske tallsymboler","gujr":"gujarati-tall","guru":"gurmukhi-tall","hanidec":"kinesiske desimaltallsymboler","hans":"forenklede kinesiske tallsymboler","hansfin":"forenklede kinesiske finanstallsymboler","hant":"tradisjonelle kinesiske tallsymboler","hantfin":"tradisjonelle kinesiske finanstallsymboler","hebr":"hebraiske tallsymboler","java":"java-tall","jpan":"japanske tallsymboler","jpanfin":"japanske finanstallsymboler","kali":"kayah li-tall","khmr":"khmer-tall","knda":"kannada-tall","lana":"thai tham hora-tall","lanatham":"tai tham tham-tall","laoo":"lao-tall","latn":"vestlige tall","lepc":"lepecha-tall","limb":"limbu-tall","mlym":"malayalam-tall","mong":"mongolske tall","mtei":"meetei mayek-tall","mymr":"myanmar-tall","mymrshan":"myanmar shan-tall","native":"Språkspesifikke sifre","nkoo":"n’ko-tall","olck":"ol chiki-tall","orya":"oriya-tall","osma":"osmanya-tall","roman":"romertall","romanlow":"små romertall","saur":"sarushatra-tall","shrd":"sharada-tall","sora":"sora sompeng-tall","sund":"sundanese-tall","takr":"takri-tall","talu":"ny tai lue-tall","taml":"tamilske tallsymboler","tamldec":"tamilske tall","telu":"telugu-tall","thai":"thailandske tall","tibt":"tibetanske tall","traditional":"Tradisjonelle tall","vaii":"vai-sifre"}},"codePatterns":{"language":"Språk: %1$s","script":"Skrift: %1$s","territory":"Område: %1$s"}}