{"hourFormat":"+HH.mm;-HH.mm","gmtFormat":"GMT%1$s","gmtZeroFormat":"GMT","regionFormat":"tidssone for %1$s","regionFormat-type-standard":"normaltid – %1$s","regionFormat-type-daylight":"sommertid – %1$s","fallbackFormat":"%2$s (%1$s)","zone":{"America":{"Adak":{"exemplarCity":"Adak"},"Anchorage":{"exemplarCity":"Anchorage"},"Anguilla":{"exemplarCity":"Anguilla"},"Antigua":{"exemplarCity":"Antigua"},"Araguaina":{"exemplarCity":"Araguaína"},"Argentina":{"La_Rioja":{"exemplarCity":"La Rioja"},"Rio_Gallegos":{"exemplarCity":"Rio Gallegos"},"Salta":{"exemplarCity":"Salta"},"San_Juan":{"exemplarCity":"San Juan"},"San_Luis":{"exemplarCity":"San Luis"},"Tucuman":{"exemplarCity":"Tucumán"},"Ushuaia":{"exemplarCity":"Ushuaia"}},"Aruba":{"exemplarCity":"Aruba"},"Asuncion":{"exemplarCity":"Asunción"},"Bahia":{"exemplarCity":"Bahia"},"Bahia_Banderas":{"exemplarCity":"Bahía Banderas"},"Barbados":{"exemplarCity":"Barbados"},"Belem":{"exemplarCity":"Belém"},"Belize":{"exemplarCity":"Belize"},"Blanc-Sablon":{"exemplarCity":"Blanc-Sablon"},"Boa_Vista":{"exemplarCity":"Boa Vista"},"Bogota":{"exemplarCity":"Bogotá"},"Boise":{"exemplarCity":"Boise"},"Buenos_Aires":{"exemplarCity":"Buenos Aires"},"Cambridge_Bay":{"exemplarCity":"Cambridge Bay"},"Campo_Grande":{"exemplarCity":"Campo Grande"},"Cancun":{"exemplarCity":"Cancún"},"Caracas":{"exemplarCity":"Caracas"},"Catamarca":{"exemplarCity":"Catamarca"},"Cayenne":{"exemplarCity":"Cayenne"},"Cayman":{"exemplarCity":"Caymanøyene"},"Chicago":{"exemplarCity":"Chicago"},"Chihuahua":{"exemplarCity":"Chihuahua"},"Coral_Harbour":{"exemplarCity":"Atikokan"},"Cordoba":{"exemplarCity":"Córdoba"},"Costa_Rica":{"exemplarCity":"Costa Rica"},"Creston":{"exemplarCity":"Creston"},"Cuiaba":{"exemplarCity":"Cuiabá"},"Curacao":{"exemplarCity":"Curaçao"},"Danmarkshavn":{"exemplarCity":"Danmarkshavn"},"Dawson":{"exemplarCity":"Dawson"},"Dawson_Creek":{"exemplarCity":"Dawson Creek"},"Denver":{"exemplarCity":"Denver"},"Detroit":{"exemplarCity":"Detroit"},"Dominica":{"exemplarCity":"Dominica"},"Edmonton":{"exemplarCity":"Edmonton"},"Eirunepe":{"exemplarCity":"Eirunepe"},"El_Salvador":{"exemplarCity":"El Salvador"},"Fortaleza":{"exemplarCity":"Fortaleza"},"Glace_Bay":{"exemplarCity":"Glace Bay"},"Godthab":{"exemplarCity":"Godthåb"},"Goose_Bay":{"exemplarCity":"Goose Bay"},"Grand_Turk":{"exemplarCity":"Grand Turk"},"Grenada":{"exemplarCity":"Grenada"},"Guadeloupe":{"exemplarCity":"Guadeloupe"},"Guatemala":{"exemplarCity":"Guatemala"},"Guayaquil":{"exemplarCity":"Guayaquil"},"Guyana":{"exemplarCity":"Guyana"},"Halifax":{"exemplarCity":"Halifax"},"Havana":{"exemplarCity":"Havana"},"Hermosillo":{"exemplarCity":"Hermosillo"},"Indiana":{"Knox":{"exemplarCity":"Knox, Indiana"},"Marengo":{"exemplarCity":"Marengo, Indiana"},"Petersburg":{"exemplarCity":"Petersburg, Indiana"},"Tell_City":{"exemplarCity":"Tell City, Indiana"},"Vevay":{"exemplarCity":"Vevay, Indiana"},"Vincennes":{"exemplarCity":"Vincennes, Indiana"},"Winamac":{"exemplarCity":"Winamac, Indiana"}},"Indianapolis":{"exemplarCity":"Indianapolis"},"Inuvik":{"exemplarCity":"Inuvik"},"Iqaluit":{"exemplarCity":"Iqaluit"},"Jamaica":{"exemplarCity":"Jamaica"},"Jujuy":{"exemplarCity":"Jujuy"},"Juneau":{"exemplarCity":"Juneau"},"Kentucky":{"Monticello":{"exemplarCity":"Monticello, Kentucky"}},"Kralendijk":{"exemplarCity":"Kralendijk"},"La_Paz":{"exemplarCity":"La Paz"},"Lima":{"exemplarCity":"Lima"},"Los_Angeles":{"exemplarCity":"Los Angeles"},"Louisville":{"exemplarCity":"Louisville"},"Lower_Princes":{"exemplarCity":"Lower Prince’s Quarter"},"Maceio":{"exemplarCity":"Maceió"},"Managua":{"exemplarCity":"Managua"},"Manaus":{"exemplarCity":"Manaus"},"Marigot":{"exemplarCity":"Marigot"},"Martinique":{"exemplarCity":"Martinique"},"Matamoros":{"exemplarCity":"Matamoros"},"Mazatlan":{"exemplarCity":"Mazatlan"},"Mendoza":{"exemplarCity":"Mendoza"},"Menominee":{"exemplarCity":"Menominee"},"Merida":{"exemplarCity":"Mérida"},"Metlakatla":{"exemplarCity":"Metlakatla"},"Mexico_City":{"exemplarCity":"Mexico by"},"Miquelon":{"exemplarCity":"Miquelon"},"Moncton":{"exemplarCity":"Moncton"},"Monterrey":{"exemplarCity":"Monterrey"},"Montevideo":{"exemplarCity":"Montevideo"},"Montserrat":{"exemplarCity":"Montserrat"},"Nassau":{"exemplarCity":"Nassau"},"New_York":{"exemplarCity":"New York"},"Nipigon":{"exemplarCity":"Nipigon"},"Nome":{"exemplarCity":"Nome"},"Noronha":{"exemplarCity":"Noronha"},"North_Dakota":{"Beulah":{"exemplarCity":"Beulah, Nord-Dakota"},"Center":{"exemplarCity":"Center, Nord-Dakota"},"New_Salem":{"exemplarCity":"New Salem, Nord-Dakota"}},"Ojinaga":{"exemplarCity":"Ojinaga"},"Panama":{"exemplarCity":"Panama"},"Pangnirtung":{"exemplarCity":"Pangnirtung"},"Paramaribo":{"exemplarCity":"Paramaribo"},"Phoenix":{"exemplarCity":"Phoenix"},"Port-au-Prince":{"exemplarCity":"Port-au-Prince"},"Port_of_Spain":{"exemplarCity":"Port of Spain"},"Porto_Velho":{"exemplarCity":"Porto Velho"},"Puerto_Rico":{"exemplarCity":"Puerto Rico"},"Rainy_River":{"exemplarCity":"Rainy River"},"Rankin_Inlet":{"exemplarCity":"Rankin Inlet"},"Recife":{"exemplarCity":"Recife"},"Regina":{"exemplarCity":"Regina"},"Resolute":{"exemplarCity":"Resolute"},"Rio_Branco":{"exemplarCity":"Rio Branco"},"Santa_Isabel":{"exemplarCity":"Santa Isabel"},"Santarem":{"exemplarCity":"Santarém"},"Santiago":{"exemplarCity":"Santiago"},"Santo_Domingo":{"exemplarCity":"Santo Domingo"},"Sao_Paulo":{"exemplarCity":"São Paulo"},"Scoresbysund":{"exemplarCity":"Ittoqqortoormiit"},"Sitka":{"exemplarCity":"Sitka"},"St_Barthelemy":{"exemplarCity":"Saint-Barthélemy"},"St_Johns":{"exemplarCity":"St. John’s"},"St_Kitts":{"exemplarCity":"St. Kitts"},"St_Lucia":{"exemplarCity":"St. Lucia"},"St_Thomas":{"exemplarCity":"St. Thomas"},"St_Vincent":{"exemplarCity":"St. Vincent"},"Swift_Current":{"exemplarCity":"Swift Current"},"Tegucigalpa":{"exemplarCity":"Tegucigalpa"},"Thule":{"exemplarCity":"Thule"},"Thunder_Bay":{"exemplarCity":"Thunder Bay"},"Tijuana":{"exemplarCity":"Tijuana"},"Toronto":{"exemplarCity":"Toronto"},"Tortola":{"exemplarCity":"Tortola"},"Vancouver":{"exemplarCity":"Vancouver"},"Whitehorse":{"exemplarCity":"Whitehorse"},"Winnipeg":{"exemplarCity":"Winnipeg"},"Yakutat":{"exemplarCity":"Yakutat"},"Yellowknife":{"exemplarCity":"Yellowknife"}},"Atlantic":{"Azores":{"exemplarCity":"Azorene"},"Bermuda":{"exemplarCity":"Bermuda"},"Canary":{"exemplarCity":"Kanariøyene"},"Cape_Verde":{"exemplarCity":"Kapp Verde"},"Faeroe":{"exemplarCity":"Færøyene"},"Madeira":{"exemplarCity":"Madeira"},"Reykjavik":{"exemplarCity":"Reykjavik"},"South_Georgia":{"exemplarCity":"Sør-Georgia"},"St_Helena":{"exemplarCity":"St. Helena"},"Stanley":{"exemplarCity":"Stanley"}},"Europe":{"Amsterdam":{"exemplarCity":"Amsterdam"},"Andorra":{"exemplarCity":"Andorra"},"Athens":{"exemplarCity":"Athen"},"Belgrade":{"exemplarCity":"Beograd"},"Berlin":{"exemplarCity":"Berlin"},"Bratislava":{"exemplarCity":"Bratislava"},"Brussels":{"exemplarCity":"Brussel"},"Bucharest":{"exemplarCity":"Bucuresti"},"Budapest":{"exemplarCity":"Budapest"},"Busingen":{"exemplarCity":"Büsingen"},"Chisinau":{"exemplarCity":"Chișinău"},"Copenhagen":{"exemplarCity":"København"},"Dublin":{"long":{"daylight":"irsk sommertid"},"exemplarCity":"Dublin"},"Gibraltar":{"exemplarCity":"Gibraltar"},"Guernsey":{"exemplarCity":"Guernsey"},"Helsinki":{"exemplarCity":"Helsingfors"},"Isle_of_Man":{"exemplarCity":"Man"},"Istanbul":{"exemplarCity":"Istanbul"},"Jersey":{"exemplarCity":"Jersey"},"Kaliningrad":{"exemplarCity":"Kaliningrad"},"Kiev":{"exemplarCity":"Kiev"},"Lisbon":{"exemplarCity":"Lisboa"},"Ljubljana":{"exemplarCity":"Ljubljana"},"London":{"long":{"daylight":"britisk sommertid"},"exemplarCity":"London"},"Luxembourg":{"exemplarCity":"Luxemburg"},"Madrid":{"exemplarCity":"Madrid"},"Malta":{"exemplarCity":"Malta"},"Mariehamn":{"exemplarCity":"Mariehamn"},"Minsk":{"exemplarCity":"Minsk"},"Monaco":{"exemplarCity":"Monaco"},"Moscow":{"exemplarCity":"Moskva"},"Oslo":{"exemplarCity":"Oslo"},"Paris":{"exemplarCity":"Paris"},"Podgorica":{"exemplarCity":"Podgorica"},"Prague":{"exemplarCity":"Praha"},"Riga":{"exemplarCity":"Riga"},"Rome":{"exemplarCity":"Roma"},"Samara":{"exemplarCity":"Samara"},"San_Marino":{"exemplarCity":"San Marino"},"Sarajevo":{"exemplarCity":"Sarajevo"},"Simferopol":{"exemplarCity":"Simferopol"},"Skopje":{"exemplarCity":"Skopje"},"Sofia":{"exemplarCity":"Sofia"},"Stockholm":{"exemplarCity":"Stockholm"},"Tallinn":{"exemplarCity":"Tallinn"},"Tirane":{"exemplarCity":"Tirana"},"Uzhgorod":{"exemplarCity":"Uzjhorod"},"Vaduz":{"exemplarCity":"Vaduz"},"Vatican":{"exemplarCity":"Vatikanstaten"},"Vienna":{"exemplarCity":"Wien"},"Vilnius":{"exemplarCity":"Vilnius"},"Volgograd":{"exemplarCity":"Volgograd"},"Warsaw":{"exemplarCity":"Warszawa"},"Zagreb":{"exemplarCity":"Zagreb"},"Zaporozhye":{"exemplarCity":"Zaporozje"},"Zurich":{"exemplarCity":"Zürich"}},"Africa":{"Abidjan":{"exemplarCity":"Abidjan"},"Accra":{"exemplarCity":"Accra"},"Addis_Ababa":{"exemplarCity":"Addis Abeba"},"Algiers":{"exemplarCity":"Alger"},"Asmera":{"exemplarCity":"Asmara"},"Bamako":{"exemplarCity":"Bamako"},"Bangui":{"exemplarCity":"Bangui"},"Banjul":{"exemplarCity":"Banjul"},"Bissau":{"exemplarCity":"Bissau"},"Blantyre":{"exemplarCity":"Blantyre"},"Brazzaville":{"exemplarCity":"Brazzaville"},"Bujumbura":{"exemplarCity":"Bujumbura"},"Cairo":{"exemplarCity":"Kairo"},"Casablanca":{"exemplarCity":"Casablanca"},"Ceuta":{"exemplarCity":"Ceuta"},"Conakry":{"exemplarCity":"Conakry"},"Dakar":{"exemplarCity":"Dakar"},"Dar_es_Salaam":{"exemplarCity":"Dar-es-Salaam"},"Djibouti":{"exemplarCity":"Djibouti"},"Douala":{"exemplarCity":"Douala"},"El_Aaiun":{"exemplarCity":"El Aaiún"},"Freetown":{"exemplarCity":"Freetown"},"Gaborone":{"exemplarCity":"Gaborone"},"Harare":{"exemplarCity":"Harare"},"Johannesburg":{"exemplarCity":"Johannesburg"},"Juba":{"exemplarCity":"Juba"},"Kampala":{"exemplarCity":"Kampala"},"Khartoum":{"exemplarCity":"Khartoum"},"Kigali":{"exemplarCity":"Kigali"},"Kinshasa":{"exemplarCity":"Kinshasa"},"Lagos":{"exemplarCity":"Lagos"},"Libreville":{"exemplarCity":"Libreville"},"Lome":{"exemplarCity":"Lomé"},"Luanda":{"exemplarCity":"Luanda"},"Lubumbashi":{"exemplarCity":"Lubumbashi"},"Lusaka":{"exemplarCity":"Lusaka"},"Malabo":{"exemplarCity":"Malabo"},"Maputo":{"exemplarCity":"Maputo"},"Maseru":{"exemplarCity":"Maseru"},"Mbabane":{"exemplarCity":"Mbabane"},"Mogadishu":{"exemplarCity":"Mogadishu"},"Monrovia":{"exemplarCity":"Monrovia"},"Nairobi":{"exemplarCity":"Nairobi"},"Ndjamena":{"exemplarCity":"N’Djamena"},"Niamey":{"exemplarCity":"Niamey"},"Nouakchott":{"exemplarCity":"Nouakchott"},"Ouagadougou":{"exemplarCity":"Ouagadougou"},"Porto-Novo":{"exemplarCity":"Porto-Novo"},"Sao_Tome":{"exemplarCity":"São Tomé"},"Tripoli":{"exemplarCity":"Tripoli"},"Tunis":{"exemplarCity":"Tunis"},"Windhoek":{"exemplarCity":"Windhoek"}},"Asia":{"Aden":{"exemplarCity":"Aden"},"Almaty":{"exemplarCity":"Almaty"},"Amman":{"exemplarCity":"Amman"},"Anadyr":{"exemplarCity":"Anadyr"},"Aqtau":{"exemplarCity":"Aktau"},"Aqtobe":{"exemplarCity":"Aqtöbe"},"Ashgabat":{"exemplarCity":"Asjkhabad"},"Baghdad":{"exemplarCity":"Bagdad"},"Bahrain":{"exemplarCity":"Bahrain"},"Baku":{"exemplarCity":"Baku"},"Bangkok":{"exemplarCity":"Bangkok"},"Beirut":{"exemplarCity":"Beirut"},"Bishkek":{"exemplarCity":"Bisjkek"},"Brunei":{"exemplarCity":"Brunei"},"Calcutta":{"exemplarCity":"Kolkata"},"Chita":{"exemplarCity":"Chita"},"Choibalsan":{"exemplarCity":"Choybalsan"},"Colombo":{"exemplarCity":"Colombo"},"Damascus":{"exemplarCity":"Damaskus"},"Dhaka":{"exemplarCity":"Dhaka"},"Dili":{"exemplarCity":"Dili"},"Dubai":{"exemplarCity":"Dubai"},"Dushanbe":{"exemplarCity":"Dusjanbe"},"Gaza":{"exemplarCity":"Gaza"},"Hebron":{"exemplarCity":"Hebron"},"Hong_Kong":{"exemplarCity":"Hongkong"},"Hovd":{"exemplarCity":"Hovd"},"Irkutsk":{"exemplarCity":"Irkutsk"},"Jakarta":{"exemplarCity":"Jakarta"},"Jayapura":{"exemplarCity":"Jajapura"},"Jerusalem":{"exemplarCity":"Jerusalem"},"Kabul":{"exemplarCity":"Kabul"},"Kamchatka":{"exemplarCity":"Kamtsjatka"},"Karachi":{"exemplarCity":"Karachi"},"Katmandu":{"exemplarCity":"Katmandu"},"Khandyga":{"exemplarCity":"Khandyga"},"Krasnoyarsk":{"exemplarCity":"Krasnojarsk"},"Kuala_Lumpur":{"exemplarCity":"Kuala Lumpur"},"Kuching":{"exemplarCity":"Kuching"},"Kuwait":{"exemplarCity":"Kuwait"},"Macau":{"exemplarCity":"Macao"},"Magadan":{"exemplarCity":"Magadan"},"Makassar":{"exemplarCity":"Makassar"},"Manila":{"exemplarCity":"Manila"},"Muscat":{"exemplarCity":"Muskat"},"Nicosia":{"exemplarCity":"Nikosia"},"Novokuznetsk":{"exemplarCity":"Novokuznetsk"},"Novosibirsk":{"exemplarCity":"Novosibirsk"},"Omsk":{"exemplarCity":"Omsk"},"Oral":{"exemplarCity":"Uralsk"},"Phnom_Penh":{"exemplarCity":"Phnom Penh"},"Pontianak":{"exemplarCity":"Pontianak"},"Pyongyang":{"exemplarCity":"Pyongyang"},"Qatar":{"exemplarCity":"Qatar"},"Qyzylorda":{"exemplarCity":"Kyzylorda"},"Rangoon":{"exemplarCity":"Yangon"},"Riyadh":{"exemplarCity":"Riyadh"},"Saigon":{"exemplarCity":"Ho Chi Minh-byen"},"Sakhalin":{"exemplarCity":"Sakhalin"},"Samarkand":{"exemplarCity":"Samarkand"},"Seoul":{"exemplarCity":"Seoul"},"Shanghai":{"exemplarCity":"Shanghai"},"Singapore":{"exemplarCity":"Singapore"},"Srednekolymsk":{"exemplarCity":"Srednekolymsk"},"Taipei":{"exemplarCity":"Taipei"},"Tashkent":{"exemplarCity":"Tasjkent"},"Tbilisi":{"exemplarCity":"Tbilisi"},"Tehran":{"exemplarCity":"Teheran"},"Thimphu":{"exemplarCity":"Thimpu"},"Tokyo":{"exemplarCity":"Tokyo"},"Ulaanbaatar":{"exemplarCity":"Ulan Bator"},"Urumqi":{"exemplarCity":"Ürümqi"},"Ust-Nera":{"exemplarCity":"Ust-Nera"},"Vientiane":{"exemplarCity":"Vientiane"},"Vladivostok":{"exemplarCity":"Vladivostok"},"Yakutsk":{"exemplarCity":"Jakutsk"},"Yekaterinburg":{"exemplarCity":"Jekaterinburg"},"Yerevan":{"exemplarCity":"Jerevan"}},"Indian":{"Antananarivo":{"exemplarCity":"Antananarivo"},"Chagos":{"exemplarCity":"Chagos"},"Christmas":{"exemplarCity":"Christmasøya"},"Cocos":{"exemplarCity":"Kokosøyene"},"Comoro":{"exemplarCity":"Komorene"},"Kerguelen":{"exemplarCity":"Kerguelen"},"Mahe":{"exemplarCity":"Mahe"},"Maldives":{"exemplarCity":"Maldivene"},"Mauritius":{"exemplarCity":"Mauritius"},"Mayotte":{"exemplarCity":"Mayotte"},"Reunion":{"exemplarCity":"Réunion"}},"Australia":{"Adelaide":{"exemplarCity":"Adelaide"},"Brisbane":{"exemplarCity":"Brisbane"},"Broken_Hill":{"exemplarCity":"Broken Hill"},"Currie":{"exemplarCity":"Currie"},"Darwin":{"exemplarCity":"Darwin"},"Eucla":{"exemplarCity":"Eucla"},"Hobart":{"exemplarCity":"Hobart"},"Lindeman":{"exemplarCity":"Lindeman"},"Lord_Howe":{"exemplarCity":"Lord Howe"},"Melbourne":{"exemplarCity":"Melbourne"},"Perth":{"exemplarCity":"Perth"},"Sydney":{"exemplarCity":"Sydney"}},"Pacific":{"Apia":{"exemplarCity":"Apia"},"Auckland":{"exemplarCity":"Auckland"},"Bougainville":{"exemplarCity":"Bougainville"},"Chatham":{"exemplarCity":"Chatham"},"Easter":{"exemplarCity":"Påskeøya"},"Efate":{"exemplarCity":"Efate"},"Enderbury":{"exemplarCity":"Enderbury"},"Fakaofo":{"exemplarCity":"Fakaofo"},"Fiji":{"exemplarCity":"Fiji"},"Funafuti":{"exemplarCity":"Funafuti"},"Galapagos":{"exemplarCity":"Galápagosøyene"},"Gambier":{"exemplarCity":"Gambier"},"Guadalcanal":{"exemplarCity":"Guadalcanal"},"Guam":{"exemplarCity":"Guam"},"Honolulu":{"exemplarCity":"Honolulu"},"Johnston":{"exemplarCity":"Johnston"},"Kiritimati":{"exemplarCity":"Kiritimati"},"Kosrae":{"exemplarCity":"Kosrae"},"Kwajalein":{"exemplarCity":"Kwajalein"},"Majuro":{"exemplarCity":"Majuro"},"Marquesas":{"exemplarCity":"Marquesas"},"Midway":{"exemplarCity":"Midway"},"Nauru":{"exemplarCity":"Nauru"},"Niue":{"exemplarCity":"Niue"},"Norfolk":{"exemplarCity":"Norfolk"},"Noumea":{"exemplarCity":"Nouméa"},"Pago_Pago":{"exemplarCity":"Pago Pago"},"Palau":{"exemplarCity":"Palau"},"Pitcairn":{"exemplarCity":"Pitcairn"},"Ponape":{"exemplarCity":"Pohnpei"},"Port_Moresby":{"exemplarCity":"Port Moresby"},"Rarotonga":{"exemplarCity":"Rarotonga"},"Saipan":{"exemplarCity":"Saipan"},"Tahiti":{"exemplarCity":"Tahiti"},"Tarawa":{"exemplarCity":"Tarawa"},"Tongatapu":{"exemplarCity":"Tongatapu"},"Truk":{"exemplarCity":"Chuuk"},"Wake":{"exemplarCity":"Wake"},"Wallis":{"exemplarCity":"Wallis"}},"Arctic":{"Longyearbyen":{"exemplarCity":"Longyearbyen"}},"Antarctica":{"Casey":{"exemplarCity":"Casey"},"Davis":{"exemplarCity":"Davis"},"DumontDUrville":{"exemplarCity":"Dumont d’Urville"},"Macquarie":{"exemplarCity":"Macquarie"},"Mawson":{"exemplarCity":"Mawson"},"McMurdo":{"exemplarCity":"McMurdo"},"Palmer":{"exemplarCity":"Palmer"},"Rothera":{"exemplarCity":"Rothera"},"Syowa":{"exemplarCity":"Syowa"},"Troll":{"exemplarCity":"Troll"},"Vostok":{"exemplarCity":"Vostok"}},"Etc":{"GMT":{"exemplarCity":"GMT"},"GMT1":{"exemplarCity":"GMT+1"},"GMT10":{"exemplarCity":"GMT+10"},"GMT11":{"exemplarCity":"GMT+11"},"GMT12":{"exemplarCity":"GMT+12"},"GMT2":{"exemplarCity":"GMT+2"},"GMT3":{"exemplarCity":"GMT+3"},"GMT4":{"exemplarCity":"GMT+4"},"GMT5":{"exemplarCity":"GMT+5"},"GMT6":{"exemplarCity":"GMT+6"},"GMT7":{"exemplarCity":"GMT+7"},"GMT8":{"exemplarCity":"GMT+8"},"GMT9":{"exemplarCity":"GMT+9"},"GMT-1":{"exemplarCity":"GMT-1"},"GMT-10":{"exemplarCity":"GMT-10"},"GMT-11":{"exemplarCity":"GMT-11"},"GMT-12":{"exemplarCity":"GMT-12"},"GMT-13":{"exemplarCity":"GMT-13"},"GMT-14":{"exemplarCity":"GMT-14"},"GMT-2":{"exemplarCity":"GMT-2"},"GMT-3":{"exemplarCity":"GMT-3"},"GMT-4":{"exemplarCity":"GMT-4"},"GMT-5":{"exemplarCity":"GMT-5"},"GMT-6":{"exemplarCity":"GMT-6"},"GMT-7":{"exemplarCity":"GMT-7"},"GMT-8":{"exemplarCity":"GMT-8"},"GMT-9":{"exemplarCity":"GMT-9"},"Unknown":{"exemplarCity":"ukjent by"}}},"metazone":{"Acre":{"long":{"generic":"Acre-tid","standard":"Acre normaltid","daylight":"Acre sommertid"}},"Afghanistan":{"long":{"standard":"afghansk tid"}},"Africa_Central":{"long":{"standard":"sentralafrikansk tid"}},"Africa_Eastern":{"long":{"standard":"østafrikansk tid"}},"Africa_Southern":{"long":{"standard":"sørafrikansk tid"}},"Africa_Western":{"long":{"generic":"vestafrikansk tid","standard":"vestafrikansk normaltid","daylight":"vestafrikansk sommertid"}},"Alaska":{"long":{"generic":"alaskisk tid","standard":"alaskisk normaltid","daylight":"alaskisk sommertid"}},"Almaty":{"long":{"generic":"Almaty-tid","standard":"Almaty, standardtid","daylight":"Almaty, sommertid"}},"Amazon":{"long":{"generic":"tidssone for Amazonas","standard":"normaltid for Amazonas","daylight":"sommertid for Amazonas"}},"America_Central":{"long":{"generic":"tidssone for det sentrale Nord-Amerika","standard":"normaltid for det sentrale Nord-Amerika","daylight":"sommertid for det sentrale Nord-Amerika"}},"America_Eastern":{"long":{"generic":"tidssone for den nordamerikanske østkysten","standard":"normaltid for den nordamerikanske østkysten","daylight":"sommertid for den nordamerikanske østkysten"}},"America_Mountain":{"long":{"generic":"tidssone for Rocky Mountains (USA)","standard":"normaltid for Rocky Mountains (USA)","daylight":"sommertid for Rocky Mountains (USA)"}},"America_Pacific":{"long":{"generic":"tidssone for den nordamerikanske Stillehavskysten","standard":"normaltid for den nordamerikanske Stillehavskysten","daylight":"sommertid for den nordamerikanske Stillehavskysten"}},"Anadyr":{"long":{"generic":"Russisk (Anadyr) tid","standard":"Russisk (Anadyr) normaltid","daylight":"Russisk (Anadyr) sommertid"}},"Apia":{"long":{"generic":"tidssone for Apia","standard":"normaltid for Apia","daylight":"sommetid for Apia"}},"Aqtau":{"long":{"generic":"Aqtau-tid","standard":"Aqtau, standardtid","daylight":"Aqtau, sommertid"}},"Aqtobe":{"long":{"generic":"Aqtobe-tid","standard":"Aqtobe, standardtid","daylight":"Aqtobe, sommertid"}},"Arabian":{"long":{"generic":"arabisk tid","standard":"arabisk standardtid","daylight":"arabisk sommertid"}},"Argentina":{"long":{"generic":"argentinsk tid","standard":"argentinsk normaltid","daylight":"argentinsk sommertid"}},"Argentina_Western":{"long":{"generic":"vestargentinsk tid","standard":"vestargentinsk normaltid","daylight":"vestargentinsk sommertid"}},"Armenia":{"long":{"generic":"armensk tid","standard":"armensk normaltid","daylight":"armensk sommertid"}},"Atlantic":{"long":{"generic":"atlanterhavskystlig tid","standard":"atlanterhavskystlig standardtid","daylight":"atlanterhavskystlig sommertid"}},"Australia_Central":{"long":{"generic":"sentralaustralsk tid","standard":"sentralaustralsk normaltid","daylight":"sentralaustralsk sommertid"}},"Australia_CentralWestern":{"long":{"generic":"vest-sentralaustralsk tid","standard":"vest-sentralaustralsk normaltid","daylight":"vest-sentralaustralsk sommertid"}},"Australia_Eastern":{"long":{"generic":"østaustralsk tid","standard":"østaustralsk normaltid","daylight":"østaustralsk sommertid"}},"Australia_Western":{"long":{"generic":"vestaustralsk tid","standard":"vestaustralsk normaltid","daylight":"vestaustralsk sommertid"}},"Azerbaijan":{"long":{"generic":"aserbajdsjansk tid","standard":"aserbajdsjansk normaltid","daylight":"aserbajdsjansk sommertid"}},"Azores":{"long":{"generic":"asorisk tid","standard":"asorisk normaltid","daylight":"asorisk sommertid"}},"Bangladesh":{"long":{"generic":"bangladeshisk tid","standard":"bangladeshisk normaltid","daylight":"bangladeshisk sommertid"}},"Bhutan":{"long":{"standard":"bhutansk tid"}},"Bolivia":{"long":{"standard":"boliviansk tid"}},"Brasilia":{"long":{"generic":"tidssone for Brasilia","standard":"normaltid for Brasilia","daylight":"sommertid for Brasilia"}},"Brunei":{"long":{"standard":"tidssone for Brunei Darussalam"}},"Cape_Verde":{"long":{"generic":"tidssone for Kapp Verde","standard":"normaltid for Kapp Verde","daylight":"sommertid for Kapp Verde"}},"Casey":{"long":{"standard":"Casey-tid"}},"Chamorro":{"long":{"standard":"tidssone for Chamorro"}},"Chatham":{"long":{"generic":"tidssone for Chatham","standard":"normaltid for Chatham","daylight":"sommertid for Chatham"}},"Chile":{"long":{"generic":"chilensk tid","standard":"chilensk normaltid","daylight":"chilensk sommertid"}},"China":{"long":{"generic":"kinesisk tid","standard":"kinesisk standardtid","daylight":"kinesisk sommertid"}},"Choibalsan":{"long":{"generic":"tidssone for Tsjojbalsan","standard":"normaltid for Tsjojbalsan","daylight":"sommertid for Tsjojbalsan"}},"Christmas":{"long":{"standard":"tidssone for Christmasøya"}},"Cocos":{"long":{"standard":"tidssone for Kokosøyene"}},"Colombia":{"long":{"generic":"colombiansk tid","standard":"colombiansk normaltid","daylight":"colombiansk sommertid"}},"Cook":{"long":{"generic":"tidssone for Cookøyene","standard":"normaltid for Cookøyene","daylight":"halv sommertid for Cookøyene"}},"Cuba":{"long":{"generic":"cubansk tid","standard":"cubansk normaltid","daylight":"cubansk sommertid"}},"Davis":{"long":{"standard":"tidssone for Davis"}},"DumontDUrville":{"long":{"standard":"tidssone for Dumont d’Urville"}},"East_Timor":{"long":{"standard":"østtimoresisk tid"}},"Easter":{"long":{"generic":"tidssone for Påskeøya","standard":"normaltid for Påskeøya","daylight":"sommertid for Påskeøya"}},"Ecuador":{"long":{"standard":"ecuadoriansk tid"}},"Europe_Central":{"long":{"generic":"sentraleuropeisk tid","standard":"sentraleuropeisk normaltid","daylight":"sentraleuropeisk sommertid"},"short":{"generic":"CET","standard":"CET","daylight":"CEST"}},"Europe_Eastern":{"long":{"generic":"østeuropeisk tid","standard":"østeuropeisk normaltid","daylight":"østeuropeisk sommertid"},"short":{"generic":"EET","standard":"EET","daylight":"EEST"}},"Europe_Further_Eastern":{"long":{"standard":"fjern-østeuropeisk tid"}},"Europe_Western":{"long":{"generic":"vesteuropeisk tid","standard":"vesteuropeisk normaltid","daylight":"vesteuropeisk sommertid"},"short":{"generic":"WET","standard":"WET","daylight":"WEST"}},"Falkland":{"long":{"generic":"tidssone for Falklandsøyene","standard":"normaltid for Falklandsøyene","daylight":"sommertid for Falklandsøyene"}},"Fiji":{"long":{"generic":"fijiansk tid","standard":"fijiansk normaltid","daylight":"fijiansk sommertid"}},"French_Guiana":{"long":{"standard":"tidssone for Fransk Guyana"}},"French_Southern":{"long":{"standard":"tidssone for De franske sørterritorier"}},"GMT":{"long":{"standard":"Greenwich middeltid"},"short":{"standard":"GMT"}},"Galapagos":{"long":{"standard":"tidssone for Galápagosøyene"}},"Gambier":{"long":{"standard":"tidssone for Gambier"}},"Georgia":{"long":{"generic":"georgisk tid","standard":"georgisk normaltid","daylight":"georgisk sommertid"}},"Gilbert_Islands":{"long":{"standard":"tidssone for Gilbertøyene"}},"Greenland_Eastern":{"long":{"generic":"østgrønlandsk tid","standard":"østgrønlandsk normaltid","daylight":"østgrønlandsk sommertid"}},"Greenland_Western":{"long":{"generic":"vestgrønlandsk tid","standard":"vestgrønlandsk normaltid","daylight":"vestgrønlandsk sommertid"}},"Guam":{"long":{"standard":"Guam-tid"}},"Gulf":{"long":{"standard":"tidssone for Persiabukta"}},"Guyana":{"long":{"standard":"guyansk tid"}},"Hawaii_Aleutian":{"long":{"generic":"tidssone for Hawaii og Aleutene","standard":"normaltid for Hawaii og Aleutene","daylight":"sommertid for Hawaii og Aleutene"}},"Hong_Kong":{"long":{"generic":"tidssone for Hongkong","standard":"normaltid for Hongkong","daylight":"sommertid for Hongkong"}},"Hovd":{"long":{"generic":"tidssone for Khovd","standard":"normaltid for Khovd","daylight":"sommertid for Khovd"}},"India":{"long":{"standard":"indisk tid"}},"Indian_Ocean":{"long":{"standard":"tidssone for Indiahavet"}},"Indochina":{"long":{"standard":"indokinesisk tid"}},"Indonesia_Central":{"long":{"standard":"sentralindonesisk tid"}},"Indonesia_Eastern":{"long":{"standard":"østindonesisk tid"}},"Indonesia_Western":{"long":{"standard":"vestindonesisk tid"}},"Iran":{"long":{"generic":"iransk tid","standard":"iransk normaltid","daylight":"iransk sommertid"}},"Irkutsk":{"long":{"generic":"tidssone for Irkutsk","standard":"normaltid for Irkutsk","daylight":"sommertid for Irkutsk"}},"Israel":{"long":{"generic":"israelsk tid","standard":"israelsk normaltid","daylight":"israelsk sommertid"}},"Japan":{"long":{"generic":"japansk tid","standard":"japansk normaltid","daylight":"japansk sommertid"}},"Kamchatka":{"long":{"generic":"Russisk (Petropavlovsk-Kamtsjatskij) tid","standard":"Russisk (Petropavlovsk-Kamtsjatskij) normaltid","daylight":"Russisk (Petropavlovsk-Kamtsjatskij) sommertid"}},"Kazakhstan_Eastern":{"long":{"standard":"østkasakhstansk tid"}},"Kazakhstan_Western":{"long":{"standard":"vestkasakhstansk tid"}},"Korea":{"long":{"generic":"koreansk tid","standard":"koreansk normaltid","daylight":"koreansk sommertid"}},"Kosrae":{"long":{"standard":"tidssone for Kosrae"}},"Krasnoyarsk":{"long":{"generic":"tidssone for Krasnojarsk","standard":"normaltid for Krasnojarsk","daylight":"sommertid for Krasnojarsk"}},"Kyrgystan":{"long":{"standard":"kirgisisk tid"}},"Lanka":{"long":{"standard":"Lanka-tid"}},"Line_Islands":{"long":{"standard":"tidssone for Linjeøyene"}},"Lord_Howe":{"long":{"generic":"tidssone for Lord Howe-øya","standard":"normaltid for Lord Howe-øya","daylight":"sommertid for Lord Howe-øya"}},"Macau":{"long":{"generic":"Macau-tid","standard":"Macau, standardtid","daylight":"Macau, sommertid"}},"Macquarie":{"long":{"standard":"tidssone for Macquarieøya"}},"Magadan":{"long":{"generic":"tidssone for Magadan","standard":"normaltid for Magadan","daylight":"sommertid for Magadan"}},"Malaysia":{"long":{"standard":"malaysisk tid"}},"Maldives":{"long":{"standard":"maldivisk tid"}},"Marquesas":{"long":{"standard":"tidssone for Marquesasøyene"}},"Marshall_Islands":{"long":{"standard":"tidssone for Marshalløyene"}},"Mauritius":{"long":{"generic":"mauritisk tid","standard":"mauritisk normaltid","daylight":"mauritisk sommertid"}},"Mawson":{"long":{"standard":"tidssone for Mawson"}},"Mexico_Northwest":{"long":{"generic":"tidssone for nordvestlige Mexico","standard":"normaltid for nordvestlige Mexico","daylight":"sommertid for nordvestlige Mexico"}},"Mexico_Pacific":{"long":{"generic":"tidssone for den meksikanske Stillehavskysten","standard":"normaltid for den meksikanske Stillehavskysten","daylight":"sommertid for den meksikanske Stillehavskysten"}},"Mongolia":{"long":{"generic":"tidssone for Ulan Bator","standard":"normaltid for Ulan Bator","daylight":"sommertid for Ulan Bator"}},"Moscow":{"long":{"generic":"tidssone for Moskva","standard":"normaltid for Moskva","daylight":"sommertid for Moskva"}},"Myanmar":{"long":{"standard":"myanmarsk tid"}},"Nauru":{"long":{"standard":"naurisk tid"}},"Nepal":{"long":{"standard":"nepalsk tid"}},"New_Caledonia":{"long":{"generic":"kaledonsk tid","standard":"kaledonsk normaltid","daylight":"kaledonsk sommertid"}},"New_Zealand":{"long":{"generic":"newzealandsk tid","standard":"newzealandsk normaltid","daylight":"newzealandsk sommertid"}},"Newfoundland":{"long":{"generic":"tidssone for Newfoundland","standard":"normaltid for Newfoundland","daylight":"sommertid for Newfoundland"}},"Niue":{"long":{"standard":"tidssone for Niue"}},"Norfolk":{"long":{"standard":"tidssone for Norfolkøya"}},"Noronha":{"long":{"generic":"tidssone for Fernando de Noronha","standard":"normaltid for Fernando de Noronha","daylight":"sommertid for Fernando de Noronha"}},"North_Mariana":{"long":{"standard":"Nord-Marianene-tid"}},"Novosibirsk":{"long":{"generic":"tidssone for Novosibirsk","standard":"normaltid for Novosibirsk","daylight":"sommertid for Novosibirsk"}},"Omsk":{"long":{"generic":"tidssone for Omsk","standard":"normaltid for Omsk","daylight":"sommertid for Omsk"}},"Pakistan":{"long":{"generic":"pakistansk tid","standard":"pakistansk normaltid","daylight":"pakistansk sommertid"}},"Palau":{"long":{"standard":"palauisk tid"}},"Papua_New_Guinea":{"long":{"standard":"papuansk tid"}},"Paraguay":{"long":{"generic":"paraguayansk tid","standard":"paraguayansk normaltid","daylight":"paraguayansk sommertid"}},"Peru":{"long":{"generic":"peruansk tid","standard":"peruansk normaltid","daylight":"peruansk sommertid"}},"Philippines":{"long":{"generic":"filippinsk tid","standard":"filippinsk normaltid","daylight":"filippinsk sommertid"}},"Phoenix_Islands":{"long":{"standard":"tidssone for Phoenixøyene"}},"Pierre_Miquelon":{"long":{"generic":"tidssone for Saint-Pierre-et-Miquelon","standard":"normaltid for Saint-Pierre-et-Miquelon","daylight":"sommertid for Saint-Pierre-et-Miquelon"}},"Pitcairn":{"long":{"standard":"tidssone for Pitcairn"}},"Ponape":{"long":{"standard":"tidssone for Pohnpei"}},"Qyzylorda":{"long":{"generic":"Qyzylorda-tid","standard":"Qyzylorda, standardtid","daylight":"Qyzylorda, sommertid"}},"Reunion":{"long":{"standard":"tidssone for Réunion"}},"Rothera":{"long":{"standard":"tidssone for Rothera"}},"Sakhalin":{"long":{"generic":"tidssone for Sakhalin","standard":"normaltid for Sakhalin","daylight":"sommertid for Sakhalin"}},"Samara":{"long":{"generic":"Russisk (Samara) tid","standard":"Russisk (Samara) normaltid","daylight":"Russisk (Samara) sommertid"}},"Samoa":{"long":{"generic":"samoansk tid","standard":"samoansk normaltid","daylight":"samoansk sommertid"}},"Seychelles":{"long":{"standard":"seychellisk tid"}},"Singapore":{"long":{"standard":"singaporsk tid"}},"Solomon":{"long":{"standard":"tidssone for Salomonøyene"}},"South_Georgia":{"long":{"standard":"tidssone for Sør-Georgia"}},"Suriname":{"long":{"standard":"surinamsk tid"}},"Syowa":{"long":{"standard":"tidssone for Syowa"}},"Tahiti":{"long":{"standard":"tahitisk tid"}},"Taipei":{"long":{"generic":"tidssone for Taipei","standard":"normaltid for Taipei","daylight":"sommertid for Taipei"}},"Tajikistan":{"long":{"standard":"tadsjikisk tid"}},"Tokelau":{"long":{"standard":"tidssone for Tokelau"}},"Tonga":{"long":{"generic":"tongansk tid","standard":"tongansk normaltid","daylight":"tongansk sommertid"}},"Truk":{"long":{"standard":"tidssone for Chuukøyene"}},"Turkmenistan":{"long":{"generic":"turkmensk tid","standard":"turkmensk normaltid","daylight":"turkmensk sommertid"}},"Tuvalu":{"long":{"standard":"tuvalsk tid"}},"Uruguay":{"long":{"generic":"uruguayansk tid","standard":"uruguayansk normaltid","daylight":"uruguayansk sommertid"}},"Uzbekistan":{"long":{"generic":"usbekisk tid","standard":"usbekisk normaltid","daylight":"usbekisk sommertid"}},"Vanuatu":{"long":{"generic":"vanuatisk tid","standard":"vanuatisk normaltid","daylight":"vanuatisk sommertid"}},"Venezuela":{"long":{"standard":"venezuelansk tid"}},"Vladivostok":{"long":{"generic":"tidssone for Vladivostok","standard":"normaltid for Vladivostok","daylight":"sommertid for Vladivostok"}},"Volgograd":{"long":{"generic":"tidssone for Volgograd","standard":"normaltid for Volgograd","daylight":"sommertid for Volgograd"}},"Vostok":{"long":{"standard":"tidssone for Vostok"}},"Wake":{"long":{"standard":"tidssone for Wake Island"}},"Wallis":{"long":{"standard":"tidssone for Wallis- og Futunaøyene"}},"Yakutsk":{"long":{"generic":"tidssone for Jakutsk","standard":"normaltid for Jakutsk","daylight":"sommertid for Jakutsk"}},"Yekaterinburg":{"long":{"generic":"tidssone for Jekaterinburg","standard":"normaltid for Jekaterinburg","daylight":"sommertid for Jekaterinburg"}}}}