{"long":{"_compoundPattern":"%1$s per %2$s","acceleration":{"g-force":{"_name":"g-kraft","one":"%1$s g-kraft","other":"%1$s g-kraft"},"meter-per-second-squared":{"_name":"meter per sekund²","one":"%1$s meter per sekund²","other":"%1$s meter per sekund²"}},"angle":{"arc-minute":{"_name":"bueminutter","one":"%1$s bueminutt","other":"%1$s bueminutter"},"arc-second":{"_name":"buesekunder","one":"%1$s buesekund","other":"%1$s buesekunder"},"degree":{"_name":"grader","one":"%1$s grad","other":"%1$s grader"},"radian":{"_name":"radianer","one":"%1$s radian","other":"%1$s radianer"}},"area":{"acre":{"_name":"acres","one":"%1$s acre","other":"%1$s acres"},"hectare":{"_name":"hektar","one":"%1$s hektar","other":"%1$s hektar"},"square-centimeter":{"_name":"kvadratcentimeter","one":"%1$s kvadratcentimeter","other":"%1$s kvadratcentimeter"},"square-foot":{"_name":"kvadratfot","one":"%1$s kvadratfot","other":"%1$s kvadratfot"},"square-inch":{"_name":"kvadrattommer","one":"%1$s kvadrattomme","other":"%1$s kvadrattommer"},"square-kilometer":{"_name":"kvadratkilometer","one":"%1$s kvadratkilometer","other":"%1$s kvadratkilometer"},"square-meter":{"_name":"kvadratmeter","one":"%1$s kvadratmeter","other":"%1$s kvadratmeter"},"square-mile":{"_name":"engelske kvadratmil","one":"%1$s engelsk kvadratmil","other":"%1$s engelske kvadratmil"},"square-yard":{"_name":"kvadratyard","one":"%1$s kvadratyard","other":"%1$s kvadratyard"}},"consumption":{"liter-per-kilometer":{"_name":"liter per kilometer","one":"%1$s liter per kilometer","other":"%1$s liter per kilometer"},"mile-per-gallon":{"_name":"engelske mil per gallon","one":"%1$s engelsk mil per gallon","other":"%1$s engelske mil per gallon"}},"digital":{"bit":{"_name":"bit","one":"%1$s bit","other":"%1$s bit"},"byte":{"_name":"byte","one":"%1$s byte","other":"%1$s byte"},"gigabit":{"_name":"gigabit","one":"%1$s gigabit","other":"%1$s gigabit"},"gigabyte":{"_name":"gigabyte","one":"%1$s gigabyte","other":"%1$s gigabyte"},"kilobit":{"_name":"kilobit","one":"%1$s kilobit","other":"%1$s kilobit"},"kilobyte":{"_name":"kilobyte","one":"%1$s kilobyte","other":"%1$s kilobyte"},"megabit":{"_name":"megabit","one":"%1$s megabit","other":"%1$s megabit"},"megabyte":{"_name":"megabyte","one":"%1$s megabyte","other":"%1$s megabyte"},"terabit":{"_name":"terabit","one":"%1$s terabit","other":"%1$s terabit"},"terabyte":{"_name":"terabyte","one":"%1$s terabyte","other":"%1$s terabyte"}},"duration":{"day":{"_name":"døgn","one":"%1$s døgn","other":"%1$s døgn"},"hour":{"_name":"timer","one":"%1$s time","other":"%1$s timer","_per":"%1$s per time"},"microsecond":{"_name":"mikrosekunder","one":"%1$s mikrosekund","other":"%1$s mikrosekunder"},"millisecond":{"_name":"millisekunder","one":"%1$s millisekund","other":"%1$s millisekunder"},"minute":{"_name":"minutter","one":"%1$s minutt","other":"%1$s minutter"},"month":{"_name":"måneder","one":"%1$s måned","other":"%1$s måneder"},"nanosecond":{"_name":"nanosekunder","one":"%1$s nanosekund","other":"%1$s nanosekunder"},"second":{"_name":"sekunder","one":"%1$s sekund","other":"%1$s sekunder","_per":"%1$s per sekund"},"week":{"_name":"uker","one":"%1$s uke","other":"%1$s uker"},"year":{"_name":"år","one":"%1$s år","other":"%1$s år"}},"electric":{"ampere":{"_name":"ampere","one":"%1$s ampere","other":"%1$s ampere"},"milliampere":{"_name":"milliampere","one":"%1$s milliampere","other":"%1$s milliampere"},"ohm":{"_name":"ohm","one":"%1$s ohm","other":"%1$s ohm"},"volt":{"_name":"volt","one":"%1$s volt","other":"%1$s volt"}},"energy":{"calorie":{"_name":"kalorier","one":"%1$s kalori","other":"%1$s kalorier"},"foodcalorie":{"_name":"kalorier","one":"%1$s kalori","other":"%1$s kalorier"},"joule":{"_name":"joule","one":"%1$s joule","other":"%1$s joule"},"kilocalorie":{"_name":"kilokalorier","one":"%1$s kilokalori","other":"%1$s kilokalorier"},"kilojoule":{"_name":"kilojoule","one":"%1$s kilojoule","other":"%1$s kilojoule"},"kilowatt-hour":{"_name":"kilowattimer","one":"%1$s kilowattime","other":"%1$s kilowattimer"}},"frequency":{"gigahertz":{"_name":"gigahertz","one":"%1$s gigahertz","other":"%1$s gigahertz"},"hertz":{"_name":"hertz","one":"%1$s hertz","other":"%1$s hertz"},"kilohertz":{"_name":"kilohertz","one":"%1$s kilohertz","other":"%1$s kilohertz"},"megahertz":{"_name":"megahertz","one":"%1$s megahertz","other":"%1$s megahertz"}},"length":{"astronomical-unit":{"_name":"astronomiske enheter","one":"%1$s astronomisk enhet","other":"%1$s astronomiske enheter"},"centimeter":{"_name":"centimeter","one":"%1$s centimeter","other":"%1$s centimeter"},"decimeter":{"_name":"desimeter","one":"%1$s desimeter","other":"%1$s desimeter"},"fathom":{"_name":"fm","other":"%1$s fm"},"foot":{"_name":"fot","one":"%1$s fot","other":"%1$s fot"},"furlong":{"_name":"fur","other":"%1$s fur"},"inch":{"_name":"tommer","one":"%1$s tomme","other":"%1$s tommer"},"kilometer":{"_name":"kilometer","one":"%1$s kilometer","other":"%1$s kilometer"},"light-year":{"_name":"lysår","one":"%1$s lysår","other":"%1$s lysår"},"meter":{"_name":"meter","one":"%1$s meter","other":"%1$s meter"},"micrometer":{"_name":"mikrometer","one":"%1$s mikrometer","other":"%1$s mikrometer"},"mile":{"_name":"engelske mil","one":"%1$s engelsk mil","other":"%1$s engelske mil"},"millimeter":{"_name":"millimeter","one":"%1$s millimeter","other":"%1$s millimeter"},"nanometer":{"_name":"nanometer","one":"%1$s nanometer","other":"%1$s nanometer"},"nautical-mile":{"_name":"nautiske mil","one":"%1$s nautisk mil","other":"%1$s nautiske mil"},"parsec":{"_name":"parsec","one":"%1$s parsec","other":"%1$s parsec"},"picometer":{"_name":"pikometer","one":"%1$s pikometer","other":"%1$s pikometer"},"yard":{"_name":"yard","one":"%1$s yard","other":"%1$s yard"}},"light":{"lux":{"_name":"lux","one":"%1$s lux","other":"%1$s lux"}},"mass":{"carat":{"_name":"karat","one":"%1$s karat","other":"%1$s karat"},"gram":{"_name":"gram","one":"%1$s gram","other":"%1$s gram"},"kilogram":{"_name":"kilogram","one":"%1$s kilogram","other":"%1$s kilogram"},"metric-ton":{"_name":"tonn","one":"%1$s tonn","other":"%1$s tonn"},"microgram":{"_name":"mikrogram","one":"%1$s mikrogram","other":"%1$s mikrogram"},"milligram":{"_name":"milligram","one":"%1$s milligram","other":"%1$s milligram"},"ounce":{"_name":"unser","one":"%1$s unse","other":"%1$s unser"},"ounce-troy":{"_name":"troy ounce","one":"%1$s troy ounce","other":"%1$s troy ounce"},"pound":{"_name":"pund","one":"%1$s pund","other":"%1$s pund"},"stone":{"_name":"engelske steiner","one":"%1$s engelsk stein","other":"%1$s engelske steiner"},"ton":{"_name":"amerikanske tonn","one":"%1$s amerikansk tonn","other":"%1$s amerikanske tonn"}},"power":{"gigawatt":{"_name":"gigawatt","one":"%1$s gigawatt","other":"%1$s gigawatt"},"horsepower":{"_name":"hestekrefter","one":"%1$s hestekraft","other":"%1$s hestekrefter"},"kilowatt":{"_name":"kilowatt","one":"%1$s kilowatt","other":"%1$s kilowatt"},"megawatt":{"_name":"megawatt","one":"%1$s megawatt","other":"%1$s megawatt"},"milliwatt":{"_name":"milliwatt","one":"%1$s milliwatt","other":"%1$s milliwatt"},"watt":{"_name":"watt","one":"%1$s watt","other":"%1$s watt"}},"pressure":{"hectopascal":{"_name":"hektopascal","one":"%1$s hektopascal","other":"%1$s hektopascal"},"inch-hg":{"_name":"tommer kvikksølv","one":"%1$s tomme kvikksølv","other":"%1$s tommer kvikksølv"},"millibar":{"_name":"millibar","one":"%1$s millibar","other":"%1$s millibar"},"millimeter-of-mercury":{"_name":"millimeter kvikksølv","one":"%1$s millimeter kvikksølv","other":"%1$s millimeter kvikksølv"},"pound-per-square-inch":{"_name":"pund per kvadrattomme","one":"%1$s pund per kvadrattomme","other":"%1$s pund per kvadrattomme"}},"proportion":{"karat":{"_name":"karat","one":"%1$s karat","other":"%1$s karat"}},"speed":{"kilometer-per-hour":{"_name":"kilometer per time","one":"%1$s kilometer per time","other":"%1$s kilometer per time"},"meter-per-second":{"_name":"meter per sekund","one":"%1$s meter per sekund","other":"%1$s meter per sekund"},"mile-per-hour":{"_name":"engelske mil per time","one":"%1$s engelsk mil per time","other":"%1$s engelske mil per time"}},"temperature":{"celsius":{"_name":"grader celsius","one":"%1$s grad celsius","other":"%1$s grader celsius"},"fahrenheit":{"_name":"grader fahrenheit","one":"%1$s grad fahrenheit","other":"%1$s grader fahrenheit"},"generic":{"_name":"°","other":"%1$s°"},"kelvin":{"_name":"kelvin","one":"%1$s kelvin","other":"%1$s kelvin"}},"volume":{"acre-foot":{"_name":"acre-fot","one":"%1$s acre-fot","other":"%1$s acre-fot"},"bushel":{"_name":"bu","other":"%1$s bu"},"centiliter":{"_name":"centiliter","one":"%1$s centiliter","other":"%1$s centiliter"},"cubic-centimeter":{"_name":"kubikkcentimeter","one":"%1$s kubikkcentimeter","other":"%1$s kubikkcentimeter"},"cubic-foot":{"_name":"kubikkfot","one":"%1$s kubikkfot","other":"%1$s kubikkfot"},"cubic-inch":{"_name":"kubikktommer","one":"%1$s kubikktomme","other":"%1$s kubikktommer"},"cubic-kilometer":{"_name":"kubikkilometer","one":"%1$s kubikkilometer","other":"%1$s kubikkilometer"},"cubic-meter":{"_name":"kubikkmeter","one":"%1$s kubikkmeter","other":"%1$s kubikkmeter"},"cubic-mile":{"_name":"engelske kubikkmil","one":"%1$s engelsk kubikkmil","other":"%1$s engelske kubikkmil"},"cubic-yard":{"_name":"kubikkyard","one":"%1$s kubikkyard","other":"%1$s kubikkyard"},"cup":{"_name":"kopper","one":"%1$s kopp","other":"%1$s kopper"},"deciliter":{"_name":"desiliter","one":"%1$s desiliter","other":"%1$s desiliter"},"fluid-ounce":{"_name":"væskeunser","one":"%1$s væskeunse","other":"%1$s væskeunser"},"gallon":{"_name":"gallon","one":"%1$s gallon","other":"%1$s gallon"},"hectoliter":{"_name":"hektoliter","one":"%1$s hektoliter","other":"%1$s hektoliter"},"liter":{"_name":"liter","one":"%1$s liter","other":"%1$s liter"},"megaliter":{"_name":"megaliter","one":"%1$s megaliter","other":"%1$s megaliter"},"milliliter":{"_name":"milliliter","one":"%1$s milliliter","other":"%1$s milliliter"},"pint":{"_name":"pint","one":"%1$s pint","other":"%1$s pint"},"quart":{"_name":"quart","one":"%1$s quart","other":"%1$s quart"},"tablespoon":{"_name":"spiseskjeer","one":"%1$s spiseskje","other":"%1$s spiseskjeer"},"teaspoon":{"_name":"teskjeer","one":"%1$s teskje","other":"%1$s teskjeer"}}},"short":{"_compoundPattern":"%1$s/%2$s","acceleration":{"g-force":{"_name":"g-kraft","one":"%1$s G","other":"%1$s G"},"meter-per-second-squared":{"_name":"meter/s²","one":"%1$s m/s²","other":"%1$s m/s²"}},"angle":{"arc-minute":{"_name":"bueminutter","one":"%1$s bmin","other":"%1$s bmin"},"arc-second":{"_name":"buesekunder","one":"%1$s bsek","other":"%1$s bsek"},"degree":{"_name":"grader","one":"%1$s°","other":"%1$s°"},"radian":{"_name":"radianer","one":"%1$s rad","other":"%1$s rad"}},"area":{"acre":{"_name":"acres","one":"%1$s ac","other":"%1$s ac"},"hectare":{"_name":"hektar","one":"%1$s ha","other":"%1$s ha"},"square-centimeter":{"_name":"cm²","one":"%1$s cm²","other":"%1$s cm²"},"square-foot":{"_name":"kvadratfot","one":"%1$s fot²","other":"%1$s fot²"},"square-inch":{"_name":"in²","one":"%1$s in²","other":"%1$s in²"},"square-kilometer":{"_name":"km²","one":"%1$s km²","other":"%1$s km²"},"square-meter":{"_name":"m²","one":"%1$s m²","other":"%1$s m²"},"square-mile":{"_name":"engelske kvadratmil","one":"%1$s mile²","other":"%1$s mile²"},"square-yard":{"_name":"yd²","one":"%1$s yd²","other":"%1$s yd²"}},"consumption":{"liter-per-kilometer":{"_name":"liter/km","one":"%1$s l/km","other":"%1$s l/km"},"mile-per-gallon":{"_name":"eng. mil/gal","one":"%1$s mpg","other":"%1$s mpg"}},"digital":{"bit":{"_name":"bit","one":"%1$s bit","other":"%1$s bit"},"byte":{"_name":"byte","one":"%1$s byte","other":"%1$s byte"},"gigabit":{"_name":"Gbit","one":"%1$s Gb","other":"%1$s Gb"},"gigabyte":{"_name":"GB","one":"%1$s GB","other":"%1$s GB"},"kilobit":{"_name":"kbit","one":"%1$s kb","other":"%1$s kb"},"kilobyte":{"_name":"kB","one":"%1$s kB","other":"%1$s kB"},"megabit":{"_name":"Mbit","one":"%1$s Mb","other":"%1$s Mb"},"megabyte":{"_name":"MB","one":"%1$s MB","other":"%1$s MB"},"terabit":{"_name":"Tb","one":"%1$s Tb","other":"%1$s Tb"},"terabyte":{"_name":"TB","one":"%1$s TB","other":"%1$s TB"}},"duration":{"day":{"_name":"døgn","one":"%1$s d","other":"%1$s d"},"hour":{"_name":"timer","one":"%1$s t","other":"%1$s t","_per":"%1$s/t"},"microsecond":{"_name":"μs","one":"%1$s μs","other":"%1$s μs"},"millisecond":{"_name":"ms","one":"%1$s ms","other":"%1$s ms"},"minute":{"_name":"min","one":"%1$s min","other":"%1$s min"},"month":{"_name":"måneder","one":"%1$s mnd","other":"%1$s mnd"},"nanosecond":{"_name":"ns","one":"%1$s ns","other":"%1$s ns"},"second":{"_name":"sek","one":"%1$s sek","other":"%1$s sek","_per":"%1$s/s"},"week":{"_name":"uker","one":"%1$s u","other":"%1$s u"},"year":{"_name":"år","one":"%1$s år","other":"%1$s år"}},"electric":{"ampere":{"_name":"ampere","one":"%1$s A","other":"%1$s A"},"milliampere":{"_name":"milliampere","one":"%1$s mA","other":"%1$s mA"},"ohm":{"_name":"ohm","one":"%1$s Ω","other":"%1$s Ω"},"volt":{"_name":"volt","one":"%1$s V","other":"%1$s V"}},"energy":{"calorie":{"_name":"cal","one":"%1$s cal","other":"%1$s cal"},"foodcalorie":{"_name":"kcal","one":"%1$s kcal","other":"%1$s kcal"},"joule":{"_name":"joule","one":"%1$s J","other":"%1$s J"},"kilocalorie":{"_name":"kcal","one":"%1$s kcal","other":"%1$s kcal"},"kilojoule":{"_name":"kilojoule","one":"%1$s kJ","other":"%1$s kJ"},"kilowatt-hour":{"_name":"kWh","one":"%1$s kWh","other":"%1$s kWh"}},"frequency":{"gigahertz":{"_name":"GHz","one":"%1$s GHz","other":"%1$s GHz"},"hertz":{"_name":"Hz","one":"%1$s Hz","other":"%1$s Hz"},"kilohertz":{"_name":"kHz","one":"%1$s kHz","other":"%1$s kHz"},"megahertz":{"_name":"MHz","one":"%1$s MHz","other":"%1$s MHz"}},"length":{"astronomical-unit":{"_name":"au","one":"%1$s au","other":"%1$s au"},"centimeter":{"_name":"cm","one":"%1$s cm","other":"%1$s cm"},"decimeter":{"_name":"dm","one":"%1$s dm","other":"%1$s dm"},"fathom":{"_name":"fm","other":"%1$s fm"},"foot":{"_name":"fot","one":"%1$s fot","other":"%1$s fot"},"furlong":{"_name":"fur","other":"%1$s fur"},"inch":{"_name":"tommer","one":"%1$s tomme","other":"%1$s tommer"},"kilometer":{"_name":"km","one":"%1$s km","other":"%1$s km"},"light-year":{"_name":"lysår","one":"%1$s lysår","other":"%1$s lysår"},"meter":{"_name":"meter","one":"%1$s m","other":"%1$s m"},"micrometer":{"_name":"µm","one":"%1$s µm","other":"%1$s µm"},"mile":{"_name":"engelske mil","one":"%1$s mile","other":"%1$s mile"},"millimeter":{"_name":"mm","one":"%1$s mm","other":"%1$s mm"},"nanometer":{"_name":"nm","one":"%1$s nm","other":"%1$s nm"},"nautical-mile":{"_name":"nmi","one":"%1$s nmi","other":"%1$s nmi"},"parsec":{"_name":"parsec","one":"%1$s pc","other":"%1$s pc"},"picometer":{"_name":"pm","one":"%1$s pm","other":"%1$s pm"},"yard":{"_name":"yard","one":"%1$s yard","other":"%1$s yard"}},"light":{"lux":{"_name":"lux","one":"%1$s lx","other":"%1$s lx"}},"mass":{"carat":{"_name":"karat","one":"%1$s c","other":"%1$s c"},"gram":{"_name":"gram","one":"%1$s g","other":"%1$s g"},"kilogram":{"_name":"kg","one":"%1$s kg","other":"%1$s kg"},"metric-ton":{"_name":"tonn","one":"%1$s tonn","other":"%1$s tonn"},"microgram":{"_name":"µg","one":"%1$s µg","other":"%1$s µg"},"milligram":{"_name":"mg","one":"%1$s mg","other":"%1$s mg"},"ounce":{"_name":"unser","one":"%1$s unse","other":"%1$s unser"},"ounce-troy":{"_name":"oz tr","one":"%1$s oz tr","other":"%1$s oz tr"},"pound":{"_name":"pund","one":"%1$s pund","other":"%1$s pund"},"stone":{"_name":"eng. steiner","one":"%1$s eng. stein","other":"%1$s eng. stein"},"ton":{"_name":"amerikanske tonn","one":"%1$s am. tonn","other":"%1$s am. tonn"}},"power":{"gigawatt":{"_name":"GW","one":"%1$s GW","other":"%1$s GW"},"horsepower":{"_name":"hk","one":"%1$s hk","other":"%1$s hk"},"kilowatt":{"_name":"kW","one":"%1$s kW","other":"%1$s kW"},"megawatt":{"_name":"MW","one":"%1$s MW","other":"%1$s MW"},"milliwatt":{"_name":"mW","one":"%1$s mW","other":"%1$s mW"},"watt":{"_name":"watt","one":"%1$s W","other":"%1$s W"}},"pressure":{"hectopascal":{"_name":"hPa","one":"%1$s hPa","other":"%1$s hPa"},"inch-hg":{"_name":"inHg","one":"%1$s inHg","other":"%1$s inHg"},"millibar":{"_name":"mbar","one":"%1$s mbar","other":"%1$s mbar"},"millimeter-of-mercury":{"_name":"mmHg","one":"%1$s mmHg","other":"%1$s mmHg"},"pound-per-square-inch":{"_name":"psi","one":"%1$s psi","other":"%1$s psi"}},"proportion":{"karat":{"_name":"karat","one":"%1$s kt","other":"%1$s kt"}},"speed":{"kilometer-per-hour":{"_name":"km/time","one":"%1$s km/t","other":"%1$s km/t"},"meter-per-second":{"_name":"meter/s","one":"%1$s m/s","other":"%1$s m/s"},"mile-per-hour":{"_name":"engelske mil/t","one":"%1$s mile/t","other":"%1$s mile/t"}},"temperature":{"celsius":{"_name":"°C","one":"%1$s °C","other":"%1$s °C"},"fahrenheit":{"_name":"°F","one":"%1$s °F","other":"%1$s °F"},"generic":{"_name":"°","other":"%1$s°"},"kelvin":{"_name":"K","one":"%1$s K","other":"%1$s K"}},"volume":{"acre-foot":{"_name":"acre-fot","one":"%1$s ac-fot","other":"%1$s ac-fot"},"bushel":{"_name":"bu","other":"%1$s bu"},"centiliter":{"_name":"cl","one":"%1$s cl","other":"%1$s cl"},"cubic-centimeter":{"_name":"cm³","one":"%1$s cm³","other":"%1$s cm³"},"cubic-foot":{"_name":"fot³","one":"%1$s fot³","other":"%1$s fot³"},"cubic-inch":{"_name":"tommer³","one":"%1$s tommer³","other":"%1$s tommer³"},"cubic-kilometer":{"_name":"km³","one":"%1$s km³","other":"%1$s km³"},"cubic-meter":{"_name":"m³","one":"%1$s m³","other":"%1$s m³"},"cubic-mile":{"_name":"engelske kubikkmil","one":"%1$s mile³","other":"%1$s mile³"},"cubic-yard":{"_name":"yard³","one":"%1$s yard³","other":"%1$s yard³"},"cup":{"_name":"kopper","one":"%1$s kopp","other":"%1$s kopper"},"deciliter":{"_name":"dl","one":"%1$s dl","other":"%1$s dl"},"fluid-ounce":{"_name":"væskeunse","one":"%1$s fl oz","other":"%1$s fl oz"},"gallon":{"_name":"gal","one":"%1$s gal","other":"%1$s gal"},"hectoliter":{"_name":"hl","one":"%1$s hl","other":"%1$s hl"},"liter":{"_name":"liter","one":"%1$s l","other":"%1$s l"},"megaliter":{"_name":"Ml","one":"%1$s Ml","other":"%1$s Ml"},"milliliter":{"_name":"ml","one":"%1$s ml","other":"%1$s ml"},"pint":{"_name":"pint","one":"%1$s pt","other":"%1$s pt"},"quart":{"_name":"qt","one":"%1$s qt","other":"%1$s qt"},"tablespoon":{"_name":"ss","one":"%1$s ss","other":"%1$s ss"},"teaspoon":{"_name":"ts","one":"%1$s ts","other":"%1$s ts"}}},"narrow":{"_compoundPattern":"%1$s/%2$s","acceleration":{"g-force":{"_name":"G","one":"%1$sG","other":"%1$sG"},"meter-per-second-squared":{"_name":"m/s²","one":"%1$sm/s²","other":"%1$sm/s²"}},"angle":{"arc-minute":{"_name":"buemin","one":"%1$s′","other":"%1$s′"},"arc-second":{"_name":"buesek","one":"%1$s″","other":"%1$s″"},"degree":{"_name":"grader","one":"%1$s°","other":"%1$s°"},"radian":{"_name":"rad","one":"%1$srad","other":"%1$srad"}},"area":{"acre":{"_name":"acres","one":"%1$s ac","other":"%1$s ac"},"hectare":{"_name":"hektar","one":"%1$sha","other":"%1$sha"},"square-centimeter":{"_name":"cm²","one":"%1$scm²","other":"%1$scm²"},"square-foot":{"_name":"kvadratfot","one":"%1$sfot²","other":"%1$sfot²"},"square-inch":{"_name":"in²","one":"%1$s in²","other":"%1$s in²"},"square-kilometer":{"_name":"km²","one":"%1$skm²","other":"%1$skm²"},"square-meter":{"_name":"m²","one":"%1$sm²","other":"%1$sm²"},"square-mile":{"_name":"engelske kvadratmil","one":"%1$s eng mil²","other":"%1$s eng mil²"},"square-yard":{"_name":"yd²","one":"%1$s yd²","other":"%1$s yd²"}},"consumption":{"liter-per-kilometer":{"_name":"L/km","one":"%1$sL/km","other":"%1$sL/km"},"mile-per-gallon":{"_name":"eng. mil/gal","one":"%1$s mpg","other":"%1$s mpg"}},"digital":{"bit":{"_name":"bit","one":"%1$s bit","other":"%1$s bit"},"byte":{"_name":"byte","one":"%1$s byte","other":"%1$s byte"},"gigabit":{"_name":"Gbit","one":"%1$s Gb","other":"%1$s Gb"},"gigabyte":{"_name":"GB","one":"%1$s GB","other":"%1$s GB"},"kilobit":{"_name":"kbit","one":"%1$s kb","other":"%1$s kb"},"kilobyte":{"_name":"kB","one":"%1$s kB","other":"%1$s kB"},"megabit":{"_name":"Mbit","one":"%1$s Mb","other":"%1$s Mb"},"megabyte":{"_name":"MB","one":"%1$s MB","other":"%1$s MB"},"terabit":{"_name":"Tb","one":"%1$s Tb","other":"%1$s Tb"},"terabyte":{"_name":"TB","one":"%1$s TB","other":"%1$s TB"}},"duration":{"day":{"_name":"døgn","one":"%1$sd","other":"%1$sd"},"hour":{"_name":"time","one":"%1$st","other":"%1$st","_per":"%1$s/h"},"microsecond":{"_name":"μs","one":"%1$sμs","other":"%1$sμs"},"millisecond":{"_name":"ms","one":"%1$sms","other":"%1$sms"},"minute":{"_name":"min","one":"%1$sm","other":"%1$sm"},"month":{"_name":"måned","one":"%1$s m","other":"%1$s m"},"nanosecond":{"_name":"ns","one":"%1$sns","other":"%1$sns"},"second":{"_name":"sek","one":"%1$ss","other":"%1$ss","_per":"%1$s/s"},"week":{"_name":"uke","one":"%1$su","other":"%1$su"},"year":{"_name":"år","one":"%1$så","other":"%1$så"}},"electric":{"ampere":{"_name":"ampere","one":"%1$s A","other":"%1$s A"},"milliampere":{"_name":"milliampere","one":"%1$s mA","other":"%1$s mA"},"ohm":{"_name":"ohm","one":"%1$s Ω","other":"%1$s Ω"},"volt":{"_name":"volt","one":"%1$s V","other":"%1$s V"}},"energy":{"calorie":{"_name":"cal","one":"%1$s cal","other":"%1$s cal"},"foodcalorie":{"_name":"kcal","one":"%1$s kcal","other":"%1$s kcal"},"joule":{"_name":"joule","one":"%1$s J","other":"%1$s J"},"kilocalorie":{"_name":"kcal","one":"%1$s kcal","other":"%1$s kcal"},"kilojoule":{"_name":"kilojoule","one":"%1$s kJ","other":"%1$s kJ"},"kilowatt-hour":{"_name":"kWh","one":"%1$s kWh","other":"%1$s kWh"}},"frequency":{"gigahertz":{"_name":"GHz","one":"%1$s GHz","other":"%1$s GHz"},"hertz":{"_name":"Hz","one":"%1$s Hz","other":"%1$s Hz"},"kilohertz":{"_name":"kHz","one":"%1$s kHz","other":"%1$s kHz"},"megahertz":{"_name":"MHz","one":"%1$s MHz","other":"%1$s MHz"}},"length":{"astronomical-unit":{"_name":"ae","one":"%1$sae","other":"%1$sae"},"centimeter":{"_name":"cm","one":"%1$scm","other":"%1$scm"},"decimeter":{"_name":"dm","one":"%1$sdm","other":"%1$sdm"},"fathom":{"_name":"fm","other":"%1$s fm"},"foot":{"_name":"fot","one":"%1$s fot","other":"%1$s fot"},"furlong":{"_name":"fur","other":"%1$s fur"},"inch":{"_name":"tom","one":"%1$s tomme","other":"%1$s tommer"},"kilometer":{"_name":"km","one":"%1$skm","other":"%1$skm"},"light-year":{"_name":"lysår","one":"%1$s lysår","other":"%1$s lysår"},"meter":{"_name":"meter","one":"%1$sm","other":"%1$sm"},"micrometer":{"_name":"µm","one":"%1$sµm","other":"%1$sµm"},"mile":{"_name":"eng.mil","one":"%1$s eng mil","other":"%1$s eng mil"},"millimeter":{"_name":"mm","one":"%1$smm","other":"%1$smm"},"nanometer":{"_name":"nm","one":"%1$snm","other":"%1$snm"},"nautical-mile":{"_name":"nmi","one":"%1$s nmi","other":"%1$s nmi"},"parsec":{"_name":"parsec","one":"%1$s pc","other":"%1$s pc"},"picometer":{"_name":"pm","one":"%1$spm","other":"%1$spm"},"yard":{"_name":"yard","one":"%1$s yard","other":"%1$s yard"}},"light":{"lux":{"_name":"lux","one":"%1$slx","other":"%1$slx"}},"mass":{"carat":{"_name":"karat","one":"%1$s karat","other":"%1$s karat"},"gram":{"_name":"gram","one":"%1$sg","other":"%1$sg"},"kilogram":{"_name":"kg","one":"%1$skg","other":"%1$skg"},"metric-ton":{"_name":"tonn","one":"%1$st","other":"%1$st"},"microgram":{"_name":"µg","one":"%1$sµg","other":"%1$sµg"},"milligram":{"_name":"mg","one":"%1$smg","other":"%1$smg"},"ounce":{"_name":"unser","one":"%1$s unse","other":"%1$s unser"},"ounce-troy":{"_name":"troyunser","one":"%1$s tr.uns","other":"%1$s tr.uns"},"pound":{"_name":"skålpund","one":"%1$s pund","other":"%1$s pund"},"stone":{"_name":"eng. steiner","one":"%1$sen.stein","other":"%1$sen.stein"},"ton":{"_name":"eng. k. tonn","one":"%1$sen.k.ton","other":"%1$sen.k.ton"}},"power":{"gigawatt":{"_name":"GW","one":"%1$s GW","other":"%1$s GW"},"horsepower":{"_name":"hk","one":"%1$shk","other":"%1$shk"},"kilowatt":{"_name":"kW","one":"%1$skW","other":"%1$skW"},"megawatt":{"_name":"MW","one":"%1$s MW","other":"%1$s MW"},"milliwatt":{"_name":"mW","one":"%1$s mW","other":"%1$s mW"},"watt":{"_name":"watt","one":"%1$sW","other":"%1$sW"}},"pressure":{"hectopascal":{"_name":"hPa","one":"%1$shPa","other":"%1$shPa"},"inch-hg":{"_name":"inHg","one":"%1$sʹʹ Hg","other":"%1$sʹʹ Hg"},"millibar":{"_name":"mbar","one":"%1$smbar","other":"%1$smbar"},"millimeter-of-mercury":{"_name":"mmHg","one":"%1$s mmHg","other":"%1$s mmHg"},"pound-per-square-inch":{"_name":"psi","one":"%1$s psi","other":"%1$s psi"}},"proportion":{"karat":{"_name":"karat","one":"%1$s kt","other":"%1$s kt"}},"speed":{"kilometer-per-hour":{"_name":"km/t","one":"%1$skm/t","other":"%1$skm/t"},"meter-per-second":{"_name":"m/s","one":"%1$sm/s","other":"%1$sm/s"},"mile-per-hour":{"_name":"eng.mil/h","one":"%1$s eng mil/t","other":"%1$s eng mil/t"}},"temperature":{"celsius":{"_name":"°C","one":"%1$s°","other":"%1$s°"},"fahrenheit":{"_name":"°F","one":"%1$s°F","other":"%1$s°F"},"generic":{"_name":"°","other":"%1$s°"},"kelvin":{"_name":"K","one":"%1$sK","other":"%1$sK"}},"volume":{"acre-foot":{"_name":"acre-fot","one":"%1$s ac-fot","other":"%1$s ac-fot"},"bushel":{"_name":"bu","other":"%1$s bu"},"centiliter":{"_name":"cl","one":"%1$scL","other":"%1$scL"},"cubic-centimeter":{"_name":"cm³","one":"%1$scm³","other":"%1$scm³"},"cubic-foot":{"_name":"fot³","one":"%1$s fot³","other":"%1$s fot³"},"cubic-inch":{"_name":"tommer³","one":"%1$s tom³","other":"%1$s tom³"},"cubic-kilometer":{"_name":"km³","one":"%1$skm³","other":"%1$skm³"},"cubic-meter":{"_name":"m³","one":"%1$sm³","other":"%1$sm³"},"cubic-mile":{"_name":"engelske kubikkmil","one":"%1$s eng mil³","other":"%1$s eng mil³"},"cubic-yard":{"_name":"yard³","one":"%1$s yard³","other":"%1$s yard³"},"cup":{"_name":"kopper","one":"%1$s kopper","other":"%1$s kopper"},"deciliter":{"_name":"dl","one":"%1$sdL","other":"%1$sdL"},"fluid-ounce":{"_name":"væskeunse","one":"%1$s fl oz","other":"%1$s fl oz"},"gallon":{"_name":"gal","one":"%1$s gal","other":"%1$s gal"},"hectoliter":{"_name":"hl","one":"%1$shL","other":"%1$shL"},"liter":{"_name":"liter","one":"%1$sl","other":"%1$sl"},"megaliter":{"_name":"Ml","one":"%1$sML","other":"%1$sML"},"milliliter":{"_name":"ml","one":"%1$smL","other":"%1$smL"},"pint":{"_name":"pint","one":"%1$s pt","other":"%1$s pt"},"quart":{"_name":"qt","one":"%1$s qt","other":"%1$s qt"},"tablespoon":{"_name":"ss","one":"%1$s ss","other":"%1$s ss"},"teaspoon":{"_name":"ts","one":"%1$s ts","other":"%1$s ts"}}},"_durationPattern":{"hm":"h.mm","hms":"h.mm.ss","ms":"m.ss"}}