{"months":{"format":{"abbreviated":{"1":"M01","2":"M02","3":"M03","4":"M04","5":"M05","6":"M06","7":"M07","8":"M08","9":"M09","10":"M10","11":"M11","12":"M12"},"narrow":{"1":"1","2":"2","3":"3","4":"4","5":"5","6":"6","7":"7","8":"8","9":"9","10":"10","11":"11","12":"12"},"wide":{"1":"M01","2":"M02","3":"M03","4":"M04","5":"M05","6":"M06","7":"M07","8":"M08","9":"M09","10":"M10","11":"M11","12":"M12"}},"stand-alone":{"abbreviated":{"1":"M01","2":"M02","3":"M03","4":"M04","5":"M05","6":"M06","7":"M07","8":"M08","9":"M09","10":"M10","11":"M11","12":"M12"},"narrow":{"1":"1","2":"2","3":"3","4":"4","5":"5","6":"6","7":"7","8":"8","9":"9","10":"10","11":"11","12":"12"},"wide":{"1":"M01","2":"M02","3":"M03","4":"M04","5":"M05","6":"M06","7":"M07","8":"M08","9":"M09","10":"M10","11":"M11","12":"M12"}}},"days":{"format":{"abbreviated":{"sun":"Sun","mon":"Mon","tue":"Tue","wed":"Wed","thu":"Thu","fri":"Fri","sat":"Sat"},"narrow":{"sun":"S","mon":"M","tue":"T","wed":"W","thu":"T","fri":"F","sat":"S"},"short":{"sun":"Sun","mon":"Mon","tue":"Tue","wed":"Wed","thu":"Thu","fri":"Fri","sat":"Sat"},"wide":{"sun":"Sun","mon":"Mon","tue":"Tue","wed":"Wed","thu":"Thu","fri":"Fri","sat":"Sat"}},"stand-alone":{"abbreviated":{"sun":"Sun","mon":"Mon","tue":"Tue","wed":"Wed","thu":"Thu","fri":"Fri","sat":"Sat"},"narrow":{"sun":"S","mon":"M","tue":"T","wed":"W","thu":"T","fri":"F","sat":"S"},"short":{"sun":"Sun","mon":"Mon","tue":"Tue","wed":"Wed","thu":"Thu","fri":"Fri","sat":"Sat"},"wide":{"sun":"Sun","mon":"Mon","tue":"Tue","wed":"Wed","thu":"Thu","fri":"Fri","sat":"Sat"}}},"quarters":{"format":{"abbreviated":{"1":"Q1","2":"Q2","3":"Q3","4":"Q4"},"narrow":{"1":"1","2":"2","3":"3","4":"4"},"wide":{"1":"Q1","2":"Q2","3":"Q3","4":"Q4"}},"stand-alone":{"abbreviated":{"1":"Q1","2":"Q2","3":"Q3","4":"Q4"},"narrow":{"1":"1","2":"2","3":"3","4":"4"},"wide":{"1":"Q1","2":"Q2","3":"Q3","4":"Q4"}}},"dayPeriods":{"format":{"abbreviated":{"am":"AM","noon":"noon","pm":"PM"},"narrow":{"am":"a","noon":"n","pm":"p"},"wide":{"am":"AM","noon":"noon","pm":"PM"}},"stand-alone":{"abbreviated":{"am":"AM","noon":"noon","pm":"PM"},"narrow":{"am":"a","noon":"n","pm":"p"},"wide":{"am":"AM","noon":"noon","pm":"PM"}}},"eras":{"wide":{"0":"BCE","0-alt-variant":"BCE","1":"CE","1-alt-variant":"CE"},"abbreviated":{"0":"BCE","0-alt-variant":"BCE","1":"CE","1-alt-variant":"CE"},"narrow":{"0":"BCE","0-alt-variant":"BCE","1":"CE","1-alt-variant":"CE"}},"dateFormats":{"full":"y MMMM d, EEEE","long":"y MMMM d","medium":"y MMM d","short":"y-MM-dd"},"timeFormats":{"full":"HH:mm:ss zzzz","long":"HH:mm:ss z","medium":"HH:mm:ss","short":"HH:mm"},"dateTimeFormats":{"full":"%2$s %1$s","long":"%2$s %1$s","medium":"%2$s %1$s","short":"%2$s %1$s"}}