{"ADP":{"name":"ADP"},"AED":{"name":"AED"},"AFA":{"name":"AFA"},"AFN":{"name":"AFN"},"ALL":{"name":"ALL"},"AMD":{"name":"AMD"},"ANG":{"name":"ANG"},"AOA":{"name":"AOA","symbolNarrow":"Kz"},"AOK":{"name":"AOK"},"AON":{"name":"AON"},"AOR":{"name":"AOR"},"ARA":{"name":"ARA"},"ARL":{"name":"ARL"},"ARM":{"name":"ARM"},"ARP":{"name":"ARP"},"ARS":{"name":"ARS","symbolNarrow":"$"},"ATS":{"name":"ATS"},"AUD":{"symbol":"A$","name":"AUD","symbolNarrow":"$"},"AWG":{"name":"AWG"},"AZM":{"name":"AZM"},"AZN":{"name":"AZN"},"BAD":{"name":"BAD"},"BAM":{"name":"BAM","symbolNarrow":"KM"},"BAN":{"name":"BAN"},"BBD":{"name":"BBD","symbolNarrow":"$"},"BDT":{"name":"BDT","symbolNarrow":"৳"},"BEC":{"name":"BEC"},"BEF":{"name":"BEF"},"BEL":{"name":"BEL"},"BGL":{"name":"BGL"},"BGM":{"name":"BGM"},"BGN":{"name":"BGN"},"BGO":{"name":"BGO"},"BHD":{"name":"BHD"},"BIF":{"name":"BIF"},"BMD":{"name":"BMD","symbolNarrow":"$"},"BND":{"name":"BND","symbolNarrow":"$"},"BOB":{"name":"BOB","symbolNarrow":"Bs"},"BOL":{"name":"BOL"},"BOP":{"name":"BOP"},"BOV":{"name":"BOV"},"BRB":{"name":"BRB"},"BRC":{"name":"BRC"},"BRE":{"name":"BRE"},"BRL":{"symbol":"R$","name":"BRL","symbolNarrow":"R$"},"BRN":{"name":"BRN"},"BRR":{"name":"BRR"},"BRZ":{"name":"BRZ"},"BSD":{"name":"BSD","symbolNarrow":"$"},"BTN":{"name":"BTN"},"BUK":{"name":"BUK"},"BWP":{"name":"BWP","symbolNarrow":"P"},"BYB":{"name":"BYB"},"BYR":{"name":"BYR","symbolNarrow":"р."},"BZD":{"name":"BZD","symbolNarrow":"$"},"CAD":{"symbol":"CA$","name":"CAD","symbolNarrow":"$"},"CDF":{"name":"CDF"},"CHE":{"name":"CHE"},"CHF":{"name":"CHF"},"CHW":{"name":"CHW"},"CLE":{"name":"CLE"},"CLF":{"name":"CLF"},"CLP":{"name":"CLP","symbolNarrow":"$"},"CNY":{"symbol":"CN¥","name":"CNY","symbolNarrow":"¥"},"COP":{"name":"COP","symbolNarrow":"$"},"COU":{"name":"COU"},"CRC":{"name":"CRC","symbolNarrow":"₡"},"CSD":{"name":"CSD"},"CSK":{"name":"CSK"},"CUC":{"name":"CUC","symbolNarrow":"$"},"CUP":{"name":"CUP","symbolNarrow":"$"},"CVE":{"name":"CVE"},"CYP":{"name":"CYP"},"CZK":{"name":"CZK","symbolNarrow":"Kč"},"DDM":{"name":"DDM"},"DEM":{"name":"DEM"},"DJF":{"name":"DJF"},"DKK":{"name":"DKK","symbolNarrow":"kr"},"DOP":{"name":"DOP","symbolNarrow":"$"},"DZD":{"name":"DZD"},"ECS":{"name":"ECS"},"ECV":{"name":"ECV"},"EEK":{"name":"EEK"},"EGP":{"name":"EGP","symbolNarrow":"E£"},"ERN":{"name":"ERN"},"ESA":{"name":"ESA"},"ESB":{"name":"ESB"},"ESP":{"name":"ESP","symbolNarrow":"₧"},"ETB":{"name":"ETB"},"EUR":{"symbol":"€","name":"EUR","symbolNarrow":"€"},"FIM":{"name":"FIM"},"FJD":{"name":"FJD","symbolNarrow":"$"},"FKP":{"name":"FKP","symbolNarrow":"£"},"FRF":{"name":"FRF"},"GBP":{"symbol":"£","name":"GBP","symbolNarrow":"£"},"GEK":{"name":"GEK"},"GEL":{"name":"GEL"},"GHC":{"name":"GHC"},"GHS":{"name":"GHS"},"GIP":{"name":"GIP","symbolNarrow":"£"},"GMD":{"name":"GMD"},"GNF":{"name":"GNF","symbolNarrow":"FG"},"GNS":{"name":"GNS"},"GQE":{"name":"GQE"},"GRD":{"name":"GRD"},"GTQ":{"name":"GTQ","symbolNarrow":"Q"},"GWE":{"name":"GWE"},"GWP":{"name":"GWP"},"GYD":{"name":"GYD","symbolNarrow":"$"},"HKD":{"symbol":"HK$","name":"HKD","symbolNarrow":"$"},"HNL":{"name":"HNL","symbolNarrow":"L"},"HRD":{"name":"HRD"},"HRK":{"name":"HRK","symbolNarrow":"kn"},"HTG":{"name":"HTG"},"HUF":{"name":"HUF","symbolNarrow":"Ft"},"IDR":{"name":"IDR","symbolNarrow":"Rp"},"IEP":{"name":"IEP"},"ILP":{"name":"ILP"},"ILS":{"symbol":"₪","name":"ILS","symbolNarrow":"₪"},"INR":{"symbol":"₹","name":"INR","symbolNarrow":"₹"},"IQD":{"name":"IQD"},"IRR":{"name":"IRR"},"ISK":{"name":"ISK","symbolNarrow":"kr"},"ITL":{"name":"ITL"},"JMD":{"name":"JMD","symbolNarrow":"$"},"JOD":{"name":"JOD"},"JPY":{"symbol":"JP¥","name":"JPY","symbolNarrow":"¥"},"KES":{"name":"KES"},"KGS":{"name":"KGS"},"KHR":{"name":"KHR","symbolNarrow":"៛"},"KMF":{"name":"KMF","symbolNarrow":"CF"},"KPW":{"name":"KPW","symbolNarrow":"₩"},"KRH":{"name":"KRH"},"KRO":{"name":"KRO"},"KRW":{"symbol":"₩","name":"KRW","symbolNarrow":"₩"},"KWD":{"name":"KWD"},"KYD":{"name":"KYD","symbolNarrow":"$"},"KZT":{"name":"KZT","symbolNarrow":"₸"},"LAK":{"name":"LAK","symbolNarrow":"₭"},"LBP":{"name":"LBP","symbolNarrow":"L£"},"LKR":{"name":"LKR","symbolNarrow":"Rs"},"LRD":{"name":"LRD","symbolNarrow":"$"},"LSL":{"name":"LSL"},"LTL":{"name":"LTL","symbolNarrow":"Lt"},"LTT":{"name":"LTT"},"LUC":{"name":"LUC"},"LUF":{"name":"LUF"},"LUL":{"name":"LUL"},"LVL":{"name":"LVL","symbolNarrow":"Ls"},"LVR":{"name":"LVR"},"LYD":{"name":"LYD"},"MAD":{"name":"MAD"},"MAF":{"name":"MAF"},"MCF":{"name":"MCF"},"MDC":{"name":"MDC"},"MDL":{"name":"MDL"},"MGA":{"name":"MGA","symbolNarrow":"Ar"},"MGF":{"name":"MGF"},"MKD":{"name":"MKD"},"MKN":{"name":"MKN"},"MLF":{"name":"MLF"},"MMK":{"name":"MMK","symbolNarrow":"K"},"MNT":{"name":"MNT","symbolNarrow":"₮"},"MOP":{"name":"MOP"},"MRO":{"name":"MRO"},"MTL":{"name":"MTL"},"MTP":{"name":"MTP"},"MUR":{"name":"MUR","symbolNarrow":"Rs"},"MVR":{"name":"MVR"},"MWK":{"name":"MWK"},"MXN":{"symbol":"MX$","name":"MXN","symbolNarrow":"$"},"MXP":{"name":"MXP"},"MXV":{"name":"MXV"},"MYR":{"name":"MYR","symbolNarrow":"RM"},"MZE":{"name":"MZE"},"MZM":{"name":"MZM"},"MZN":{"name":"MZN"},"NAD":{"name":"NAD","symbolNarrow":"$"},"NGN":{"name":"NGN","symbolNarrow":"₦"},"NIC":{"name":"NIC"},"NIO":{"name":"NIO","symbolNarrow":"C$"},"NLG":{"name":"NLG"},"NOK":{"name":"NOK","symbolNarrow":"kr"},"NPR":{"name":"NPR","symbolNarrow":"Rs"},"NZD":{"symbol":"NZ$","name":"NZD","symbolNarrow":"$"},"OMR":{"name":"OMR"},"PAB":{"name":"PAB"},"PEI":{"name":"PEI"},"PEN":{"name":"PEN"},"PES":{"name":"PES"},"PGK":{"name":"PGK"},"PHP":{"name":"PHP","symbolNarrow":"₱"},"PKR":{"name":"PKR","symbolNarrow":"Rs"},"PLN":{"name":"PLN","symbolNarrow":"zł"},"PLZ":{"name":"PLZ"},"PTE":{"name":"PTE"},"PYG":{"name":"PYG","symbolNarrow":"₲"},"QAR":{"name":"QAR"},"RHD":{"name":"RHD"},"ROL":{"name":"ROL"},"RON":{"name":"RON"},"RSD":{"name":"RSD"},"RUB":{"name":"RUB","symbolAlt":"₽"},"RUR":{"name":"RUR","symbolNarrow":"р."},"RWF":{"name":"RWF","symbolNarrow":"RF"},"SAR":{"name":"SAR"},"SBD":{"name":"SBD","symbolNarrow":"$"},"SCR":{"name":"SCR"},"SDD":{"name":"SDD"},"SDG":{"name":"SDG"},"SDP":{"name":"SDP"},"SEK":{"name":"SEK","symbolNarrow":"kr"},"SGD":{"name":"SGD","symbolNarrow":"$"},"SHP":{"name":"SHP","symbolNarrow":"£"},"SIT":{"name":"SIT"},"SKK":{"name":"SKK"},"SLL":{"name":"SLL"},"SOS":{"name":"SOS"},"SRD":{"name":"SRD","symbolNarrow":"$"},"SRG":{"name":"SRG"},"SSP":{"name":"SSP","symbolNarrow":"£"},"STD":{"name":"STD","symbolNarrow":"Db"},"SUR":{"name":"SUR"},"SVC":{"name":"SVC"},"SYP":{"name":"SYP","symbolNarrow":"£"},"SZL":{"name":"SZL"},"THB":{"name":"THB","symbolNarrow":"฿"},"TJR":{"name":"TJR"},"TJS":{"name":"TJS"},"TMM":{"name":"TMM"},"TMT":{"name":"TMT"},"TND":{"name":"TND"},"TOP":{"name":"TOP","symbolNarrow":"T$"},"TPE":{"name":"TPE"},"TRL":{"name":"TRL"},"TRY":{"name":"TRY","symbolNarrow":"₺","symbolAlt":"TL"},"TTD":{"name":"TTD","symbolNarrow":"$"},"TWD":{"symbol":"NT$","name":"TWD","symbolNarrow":"NT$"},"TZS":{"name":"TZS"},"UAH":{"name":"UAH","symbolNarrow":"₴"},"UAK":{"name":"UAK"},"UGS":{"name":"UGS"},"UGX":{"name":"UGX"},"USD":{"symbol":"US$","name":"USD","symbolNarrow":"$"},"USN":{"name":"USN"},"USS":{"name":"USS"},"UYI":{"name":"UYI"},"UYP":{"name":"UYP"},"UYU":{"name":"UYU","symbolNarrow":"$"},"UZS":{"name":"UZS"},"VEB":{"name":"VEB"},"VEF":{"name":"VEF","symbolNarrow":"Bs"},"VND":{"symbol":"₫","name":"VND","symbolNarrow":"₫"},"VNN":{"name":"VNN"},"VUV":{"name":"VUV"},"WST":{"name":"WST"},"XAF":{"symbol":"FCFA","name":"XAF"},"XAG":{"name":"XAG"},"XAU":{"name":"XAU"},"XBA":{"name":"XBA"},"XBB":{"name":"XBB"},"XBC":{"name":"XBC"},"XBD":{"name":"XBD"},"XCD":{"symbol":"EC$","name":"XCD","symbolNarrow":"$"},"XDR":{"name":"XDR"},"XEU":{"name":"XEU"},"XFO":{"name":"XFO"},"XFU":{"name":"XFU"},"XOF":{"symbol":"CFA","name":"XOF"},"XPD":{"name":"XPD"},"XPF":{"symbol":"CFPF","name":"XPF"},"XPT":{"name":"XPT"},"XRE":{"name":"XRE"},"XSU":{"name":"XSU"},"XTS":{"name":"XTS"},"XUA":{"name":"XUA"},"XXX":{"name":"XXX"},"YDD":{"name":"YDD"},"YER":{"name":"YER"},"YUD":{"name":"YUD"},"YUM":{"name":"YUM"},"YUN":{"name":"YUN"},"YUR":{"name":"YUR"},"ZAL":{"name":"ZAL"},"ZAR":{"name":"ZAR","symbolNarrow":"R"},"ZMK":{"name":"ZMK"},"ZMW":{"name":"ZMW","symbolNarrow":"ZK"},"ZRN":{"name":"ZRN"},"ZRZ":{"name":"ZRZ"},"ZWD":{"name":"ZWD"},"ZWL":{"name":"ZWL"},"ZWR":{"name":"ZWR"},"ALK":{"name":"Albanian Lek (1946–1965)","pluralName":{"one":"Albanian lek (1946–1965)","other":"Albanian lekë (1946–1965)"}},"CNX":{"name":"Chinese People’s Bank Dollar","pluralName":{"one":"Chinese People’s Bank dollar","other":"Chinese People’s Bank dollars"}},"ILR":{"name":"Israeli Sheqel (1980–1985)","pluralName":{"one":"Israeli sheqel (1980–1985)","other":"Israeli sheqels (1980–1985)"}},"ISJ":{"name":"Icelandic Króna (1918–1981)","pluralName":{"one":"Icelandic króna (1918–1981)","other":"Icelandic krónur (1918–1981)"}},"MVP":{"name":"Maldivian Rupee (1947–1981)","pluralName":{"one":"Maldivian rupee (1947–1981)","other":"Maldivian rupees (1947–1981)"}}}