{"era":{"displayName":"Era"},"year":{"displayName":"Year","relative-type--1":"last year","relative-type-0":"this year","relative-type-1":"next year","relativeTime-type-future":{"relativeTimePattern-count-other":"+{0} y"},"relativeTime-type-past":{"relativeTimePattern-count-other":"-{0} y"}},"year-short":{"displayName":"Year","relative-type--1":"last year","relative-type-0":"this year","relative-type-1":"next year","relativeTime-type-future":{"relativeTimePattern-count-other":"+{0} y"},"relativeTime-type-past":{"relativeTimePattern-count-other":"-{0} y"}},"year-narrow":{"displayName":"Year","relative-type--1":"last year","relative-type-0":"this year","relative-type-1":"next year","relativeTime-type-future":{"relativeTimePattern-count-other":"+{0} y"},"relativeTime-type-past":{"relativeTimePattern-count-other":"-{0} y"}},"quarter":{"displayName":"Quarter","relative-type--1":"last quarter","relative-type-0":"this quarter","relative-type-1":"next quarter","relativeTime-type-future":{"relativeTimePattern-count-other":"+{0} Q"},"relativeTime-type-past":{"relativeTimePattern-count-other":"-{0} Q"}},"quarter-short":{"displayName":"Quarter","relative-type--1":"last quarter","relative-type-0":"this quarter","relative-type-1":"next quarter","relativeTime-type-future":{"relativeTimePattern-count-other":"+{0} Q"},"relativeTime-type-past":{"relativeTimePattern-count-other":"-{0} Q"}},"quarter-narrow":{"displayName":"Quarter","relative-type--1":"last quarter","relative-type-0":"this quarter","relative-type-1":"next quarter","relativeTime-type-future":{"relativeTimePattern-count-other":"+{0} Q"},"relativeTime-type-past":{"relativeTimePattern-count-other":"-{0} Q"}},"month":{"displayName":"Month","relative-type--1":"last month","relative-type-0":"this month","relative-type-1":"next month","relativeTime-type-future":{"relativeTimePattern-count-other":"+{0} m"},"relativeTime-type-past":{"relativeTimePattern-count-other":"-{0} m"}},"month-short":{"displayName":"Month","relative-type--1":"last month","relative-type-0":"this month","relative-type-1":"next month","relativeTime-type-future":{"relativeTimePattern-count-other":"+{0} m"},"relativeTime-type-past":{"relativeTimePattern-count-other":"-{0} m"}},"month-narrow":{"displayName":"Month","relative-type--1":"last month","relative-type-0":"this month","relative-type-1":"next month","relativeTime-type-future":{"relativeTimePattern-count-other":"+{0} m"},"relativeTime-type-past":{"relativeTimePattern-count-other":"-{0} m"}},"week":{"displayName":"Week","relative-type--1":"last week","relative-type-0":"this week","relative-type-1":"next week","relativeTime-type-future":{"relativeTimePattern-count-other":"+{0} w"},"relativeTime-type-past":{"relativeTimePattern-count-other":"-{0} w"}},"week-short":{"displayName":"Week","relative-type--1":"last week","relative-type-0":"this week","relative-type-1":"next week","relativeTime-type-future":{"relativeTimePattern-count-other":"+{0} w"},"relativeTime-type-past":{"relativeTimePattern-count-other":"-{0} w"}},"week-narrow":{"displayName":"Week","relative-type--1":"last week","relative-type-0":"this week","relative-type-1":"next week","relativeTime-type-future":{"relativeTimePattern-count-other":"+{0} w"},"relativeTime-type-past":{"relativeTimePattern-count-other":"-{0} w"}},"day":{"displayName":"Day","relative-type--1":"yesterday","relative-type-0":"today","relative-type-1":"tomorrow","relativeTime-type-future":{"relativeTimePattern-count-other":"+{0} d"},"relativeTime-type-past":{"relativeTimePattern-count-other":"-{0} d"}},"day-short":{"displayName":"Day","relative-type--1":"yesterday","relative-type-0":"today","relative-type-1":"tomorrow","relativeTime-type-future":{"relativeTimePattern-count-other":"+{0} d"},"relativeTime-type-past":{"relativeTimePattern-count-other":"-{0} d"}},"day-narrow":{"displayName":"Day","relative-type--1":"yesterday","relative-type-0":"today","relative-type-1":"tomorrow","relativeTime-type-future":{"relativeTimePattern-count-other":"+{0} d"},"relativeTime-type-past":{"relativeTimePattern-count-other":"-{0} d"}},"weekday":{"displayName":"Day of the Week"},"sun":{"relative-type--1":"last Sunday","relative-type-0":"this Sunday","relative-type-1":"next Sunday"},"sun-short":{"relative-type--1":"last Sunday","relative-type-0":"this Sunday","relative-type-1":"next Sunday"},"sun-narrow":{"relative-type--1":"last Sunday","relative-type-0":"this Sunday","relative-type-1":"next Sunday"},"mon":{"relative-type--1":"last Monday","relative-type-0":"this Monday","relative-type-1":"next Monday"},"mon-short":{"relative-type--1":"last Monday","relative-type-0":"this Monday","relative-type-1":"next Monday"},"mon-narrow":{"relative-type--1":"last Monday","relative-type-0":"this Monday","relative-type-1":"next Monday"},"tue":{"relative-type--1":"last Tuesday","relative-type-0":"this Tuesday","relative-type-1":"next Tuesday"},"tue-short":{"relative-type--1":"last Tuesday","relative-type-0":"this Tuesday","relative-type-1":"next Tuesday"},"tue-narrow":{"relative-type--1":"last Tuesday","relative-type-0":"this Tuesday","relative-type-1":"next Tuesday"},"wed":{"relative-type--1":"last Wednesday","relative-type-0":"this Wednesday","relative-type-1":"next Wednesday"},"wed-short":{"relative-type--1":"last Wednesday","relative-type-0":"this Wednesday","relative-type-1":"next Wednesday"},"wed-narrow":{"relative-type--1":"last Wednesday","relative-type-0":"this Wednesday","relative-type-1":"next Wednesday"},"thu":{"relative-type--1":"last Thursday","relative-type-0":"this Thursday","relative-type-1":"next Thursday"},"thu-short":{"relative-type--1":"last Thursday","relative-type-0":"this Thursday","relative-type-1":"next Thursday"},"thu-narrow":{"relative-type--1":"last Thursday","relative-type-0":"this Thursday","relative-type-1":"next Thursday"},"fri":{"relative-type--1":"last Friday","relative-type-0":"this Friday","relative-type-1":"next Friday"},"fri-short":{"relative-type--1":"last Friday","relative-type-0":"this Friday","relative-type-1":"next Friday"},"fri-narrow":{"relative-type--1":"last Friday","relative-type-0":"this Friday","relative-type-1":"next Friday"},"sat":{"relative-type--1":"last Saturday","relative-type-0":"this Saturday","relative-type-1":"next Saturday"},"sat-short":{"relative-type--1":"last Saturday","relative-type-0":"this Saturday","relative-type-1":"next Saturday"},"sat-narrow":{"relative-type--1":"last Saturday","relative-type-0":"this Saturday","relative-type-1":"next Saturday"},"dayperiod":{"displayName":"Dayperiod"},"hour":{"displayName":"Hour","relativeTime-type-future":{"relativeTimePattern-count-other":"+{0} h"},"relativeTime-type-past":{"relativeTimePattern-count-other":"-{0} h"}},"hour-short":{"displayName":"Hour","relativeTime-type-future":{"relativeTimePattern-count-other":"+{0} h"},"relativeTime-type-past":{"relativeTimePattern-count-other":"-{0} h"}},"hour-narrow":{"displayName":"Hour","relativeTime-type-future":{"relativeTimePattern-count-other":"+{0} h"},"relativeTime-type-past":{"relativeTimePattern-count-other":"-{0} h"}},"minute":{"displayName":"Minute","relativeTime-type-future":{"relativeTimePattern-count-other":"+{0} min"},"relativeTime-type-past":{"relativeTimePattern-count-other":"-{0} min"}},"minute-short":{"displayName":"Minute","relativeTime-type-future":{"relativeTimePattern-count-other":"+{0} min"},"relativeTime-type-past":{"relativeTimePattern-count-other":"-{0} min"}},"minute-narrow":{"displayName":"Minute","relativeTime-type-future":{"relativeTimePattern-count-other":"+{0} min"},"relativeTime-type-past":{"relativeTimePattern-count-other":"-{0} min"}},"second":{"displayName":"Second","relative-type-0":"now","relativeTime-type-future":{"relativeTimePattern-count-other":"+{0} s"},"relativeTime-type-past":{"relativeTimePattern-count-other":"-{0} s"}},"second-short":{"displayName":"Second","relative-type-0":"now","relativeTime-type-future":{"relativeTimePattern-count-other":"+{0} s"},"relativeTime-type-past":{"relativeTimePattern-count-other":"-{0} s"}},"second-narrow":{"displayName":"Second","relative-type-0":"now","relativeTime-type-future":{"relativeTimePattern-count-other":"+{0} s"},"relativeTime-type-past":{"relativeTimePattern-count-other":"-{0} s"}},"zone":{"displayName":"Zone"}}