{"localeDisplayPattern":{"localePattern":"%1$s (%2$s)","localeSeparator":"%1$s, %2$s","localeKeyTypePattern":"%1$s: %2$s"},"keys":{"calendar":"calendar","collation":"collation","currency":"currency","numbers":"numbers"},"types":{"calendar":{"buddhist":"buddhist","chinese":"chinese","coptic":"coptic","dangi":"dangi","ethiopic":"ethiopic","ethiopic-amete-alem":"ethiopic-amete-alem","gregorian":"gregorian","hebrew":"hebrew","indian":"indian","islamic":"islamic","islamic-civil":"islamic-civil","islamic-rgsa":"islamic-rgsa","islamic-tbla":"islamic-tbla","islamic-umalqura":"islamic-umalqura","iso8601":"iso8601","japanese":"japanese","persian":"persian","roc":"roc"},"collation":{"big5han":"big5han","dictionary":"dictionary","ducet":"ducet","eor":"eor","gb2312han":"gb2312han","phonebook":"phonebook","pinyin":"pinyin","reformed":"reformed","search":"search","searchjl":"searchjl","standard":"standard","stroke":"stroke","traditional":"traditional","unihan":"unihan","zhuyin":"zhuyin"},"numbers":{"arab":"arab","arabext":"arabext","armn":"armn","armnlow":"armnlow","bali":"bali","beng":"beng","brah":"brah","cakm":"cakm","cham":"cham","deva":"deva","ethi":"ethi","fullwide":"fullwide","geor":"geor","grek":"grek","greklow":"greklow","gujr":"gujr","guru":"guru","hanidec":"hanidec","hans":"hans","hansfin":"hansfin","hant":"hant","hantfin":"hantfin","hebr":"hebr","java":"java","jpan":"jpan","jpanfin":"jpanfin","kali":"kali","khmr":"khmr","knda":"knda","lana":"lana","lanatham":"lanatham","laoo":"laoo","latn":"latn","lepc":"lepc","limb":"limb","mlym":"mlym","mong":"mong","mtei":"mtei","mymr":"mymr","mymrshan":"mymrshan","nkoo":"nkoo","olck":"olck","orya":"orya","osma":"osma","roman":"roman","romanlow":"romanlow","saur":"saur","shrd":"shrd","sora":"sora","sund":"sund","takr":"takr","talu":"talu","taml":"taml","tamldec":"tamldec","telu":"telu","thai":"thai","tibt":"tibt","vaii":"vaii"}},"codePatterns":{"language":"%1$s","script":"%1$s","territory":"%1$s"}}