{"hourFormat":"+HH:mm;-HH:mm","gmtFormat":"GMT%1$s","gmtZeroFormat":"GMT","regionFormat":"%1$s","regionFormat-type-standard":"%1$s (+0)","regionFormat-type-daylight":"%1$s (+1)","fallbackFormat":"%2$s (%1$s)","zone":{"America":{"Adak":{"exemplarCity":"Adak"},"Anchorage":{"exemplarCity":"Anchorage"},"Anguilla":{"exemplarCity":"Anguilla"},"Antigua":{"exemplarCity":"Antigua"},"Araguaina":{"exemplarCity":"Araguaina"},"Argentina":{"La_Rioja":{"exemplarCity":"La Rioja"},"Rio_Gallegos":{"exemplarCity":"Rio Gallegos"},"Salta":{"exemplarCity":"Salta"},"San_Juan":{"exemplarCity":"San Juan"},"San_Luis":{"exemplarCity":"San Luis"},"Tucuman":{"exemplarCity":"Tucuman"},"Ushuaia":{"exemplarCity":"Ushuaia"}},"Aruba":{"exemplarCity":"Aruba"},"Asuncion":{"exemplarCity":"Asuncion"},"Bahia":{"exemplarCity":"Bahia"},"Bahia_Banderas":{"exemplarCity":"Bahia Banderas"},"Barbados":{"exemplarCity":"Barbados"},"Belem":{"exemplarCity":"Belem"},"Belize":{"exemplarCity":"Belize"},"Blanc-Sablon":{"exemplarCity":"Blanc-Sablon"},"Boa_Vista":{"exemplarCity":"Boa Vista"},"Bogota":{"exemplarCity":"Bogota"},"Boise":{"exemplarCity":"Boise"},"Buenos_Aires":{"exemplarCity":"Buenos Aires"},"Cambridge_Bay":{"exemplarCity":"Cambridge Bay"},"Campo_Grande":{"exemplarCity":"Campo Grande"},"Cancun":{"exemplarCity":"Cancun"},"Caracas":{"exemplarCity":"Caracas"},"Catamarca":{"exemplarCity":"Catamarca"},"Cayenne":{"exemplarCity":"Cayenne"},"Cayman":{"exemplarCity":"Cayman"},"Chicago":{"exemplarCity":"Chicago"},"Chihuahua":{"exemplarCity":"Chihuahua"},"Coral_Harbour":{"exemplarCity":"Atikokan"},"Cordoba":{"exemplarCity":"Cordoba"},"Costa_Rica":{"exemplarCity":"Costa Rica"},"Creston":{"exemplarCity":"Creston"},"Cuiaba":{"exemplarCity":"Cuiaba"},"Curacao":{"exemplarCity":"Curacao"},"Danmarkshavn":{"exemplarCity":"Danmarkshavn"},"Dawson":{"exemplarCity":"Dawson"},"Dawson_Creek":{"exemplarCity":"Dawson Creek"},"Denver":{"exemplarCity":"Denver"},"Detroit":{"exemplarCity":"Detroit"},"Dominica":{"exemplarCity":"Dominica"},"Edmonton":{"exemplarCity":"Edmonton"},"Eirunepe":{"exemplarCity":"Eirunepe"},"El_Salvador":{"exemplarCity":"El Salvador"},"Fortaleza":{"exemplarCity":"Fortaleza"},"Glace_Bay":{"exemplarCity":"Glace Bay"},"Godthab":{"exemplarCity":"Nuuk"},"Goose_Bay":{"exemplarCity":"Goose Bay"},"Grand_Turk":{"exemplarCity":"Grand Turk"},"Grenada":{"exemplarCity":"Grenada"},"Guadeloupe":{"exemplarCity":"Guadeloupe"},"Guatemala":{"exemplarCity":"Guatemala"},"Guayaquil":{"exemplarCity":"Guayaquil"},"Guyana":{"exemplarCity":"Guyana"},"Halifax":{"exemplarCity":"Halifax"},"Havana":{"exemplarCity":"Havana"},"Hermosillo":{"exemplarCity":"Hermosillo"},"Indiana":{"Knox":{"exemplarCity":"Knox, Indiana"},"Marengo":{"exemplarCity":"Marengo, Indiana"},"Petersburg":{"exemplarCity":"Petersburg, Indiana"},"Tell_City":{"exemplarCity":"Tell City, Indiana"},"Vevay":{"exemplarCity":"Vevay, Indiana"},"Vincennes":{"exemplarCity":"Vincennes, Indiana"},"Winamac":{"exemplarCity":"Winamac, Indiana"}},"Indianapolis":{"exemplarCity":"Indianapolis"},"Inuvik":{"exemplarCity":"Inuvik"},"Iqaluit":{"exemplarCity":"Iqaluit"},"Jamaica":{"exemplarCity":"Jamaica"},"Jujuy":{"exemplarCity":"Jujuy"},"Juneau":{"exemplarCity":"Juneau"},"Kentucky":{"Monticello":{"exemplarCity":"Monticello, Kentucky"}},"Kralendijk":{"exemplarCity":"Kralendijk"},"La_Paz":{"exemplarCity":"La Paz"},"Lima":{"exemplarCity":"Lima"},"Los_Angeles":{"exemplarCity":"Los Angeles"},"Louisville":{"exemplarCity":"Louisville"},"Lower_Princes":{"exemplarCity":"Lower Prince’s Quarter"},"Maceio":{"exemplarCity":"Maceio"},"Managua":{"exemplarCity":"Managua"},"Manaus":{"exemplarCity":"Manaus"},"Marigot":{"exemplarCity":"Marigot"},"Martinique":{"exemplarCity":"Martinique"},"Matamoros":{"exemplarCity":"Matamoros"},"Mazatlan":{"exemplarCity":"Mazatlan"},"Mendoza":{"exemplarCity":"Mendoza"},"Menominee":{"exemplarCity":"Menominee"},"Merida":{"exemplarCity":"Merida"},"Metlakatla":{"exemplarCity":"Metlakatla"},"Mexico_City":{"exemplarCity":"Mexico City"},"Miquelon":{"exemplarCity":"Miquelon"},"Moncton":{"exemplarCity":"Moncton"},"Monterrey":{"exemplarCity":"Monterrey"},"Montevideo":{"exemplarCity":"Montevideo"},"Montserrat":{"exemplarCity":"Montserrat"},"Nassau":{"exemplarCity":"Nassau"},"New_York":{"exemplarCity":"New York"},"Nipigon":{"exemplarCity":"Nipigon"},"Nome":{"exemplarCity":"Nome"},"Noronha":{"exemplarCity":"Noronha"},"North_Dakota":{"Beulah":{"exemplarCity":"Beulah, North Dakota"},"Center":{"exemplarCity":"Center, North Dakota"},"New_Salem":{"exemplarCity":"New Salem, North Dakota"}},"Ojinaga":{"exemplarCity":"Ojinaga"},"Panama":{"exemplarCity":"Panama"},"Pangnirtung":{"exemplarCity":"Pangnirtung"},"Paramaribo":{"exemplarCity":"Paramaribo"},"Phoenix":{"exemplarCity":"Phoenix"},"Port-au-Prince":{"exemplarCity":"Port-au-Prince"},"Port_of_Spain":{"exemplarCity":"Port of Spain"},"Porto_Velho":{"exemplarCity":"Porto Velho"},"Puerto_Rico":{"exemplarCity":"Puerto Rico"},"Rainy_River":{"exemplarCity":"Rainy River"},"Rankin_Inlet":{"exemplarCity":"Rankin Inlet"},"Recife":{"exemplarCity":"Recife"},"Regina":{"exemplarCity":"Regina"},"Resolute":{"exemplarCity":"Resolute"},"Rio_Branco":{"exemplarCity":"Rio Branco"},"Santa_Isabel":{"exemplarCity":"Santa Isabel"},"Santarem":{"exemplarCity":"Santarem"},"Santiago":{"exemplarCity":"Santiago"},"Santo_Domingo":{"exemplarCity":"Santo Domingo"},"Sao_Paulo":{"exemplarCity":"Sao Paulo"},"Scoresbysund":{"exemplarCity":"Ittoqqortoormiit"},"Sitka":{"exemplarCity":"Sitka"},"St_Barthelemy":{"exemplarCity":"St. Barthelemy"},"St_Johns":{"exemplarCity":"St. John’s"},"St_Kitts":{"exemplarCity":"St. Kitts"},"St_Lucia":{"exemplarCity":"St. Lucia"},"St_Thomas":{"exemplarCity":"St. Thomas"},"St_Vincent":{"exemplarCity":"St. Vincent"},"Swift_Current":{"exemplarCity":"Swift Current"},"Tegucigalpa":{"exemplarCity":"Tegucigalpa"},"Thule":{"exemplarCity":"Thule"},"Thunder_Bay":{"exemplarCity":"Thunder Bay"},"Tijuana":{"exemplarCity":"Tijuana"},"Toronto":{"exemplarCity":"Toronto"},"Tortola":{"exemplarCity":"Tortola"},"Vancouver":{"exemplarCity":"Vancouver"},"Whitehorse":{"exemplarCity":"Whitehorse"},"Winnipeg":{"exemplarCity":"Winnipeg"},"Yakutat":{"exemplarCity":"Yakutat"},"Yellowknife":{"exemplarCity":"Yellowknife"}},"Atlantic":{"Azores":{"exemplarCity":"Azores"},"Bermuda":{"exemplarCity":"Bermuda"},"Canary":{"exemplarCity":"Canary"},"Cape_Verde":{"exemplarCity":"Cape Verde"},"Faeroe":{"exemplarCity":"Faroe"},"Madeira":{"exemplarCity":"Madeira"},"Reykjavik":{"exemplarCity":"Reykjavik"},"South_Georgia":{"exemplarCity":"South Georgia"},"St_Helena":{"exemplarCity":"St. Helena"},"Stanley":{"exemplarCity":"Stanley"}},"Europe":{"Amsterdam":{"exemplarCity":"Amsterdam"},"Andorra":{"exemplarCity":"Andorra"},"Athens":{"exemplarCity":"Athens"},"Belgrade":{"exemplarCity":"Belgrade"},"Berlin":{"exemplarCity":"Berlin"},"Bratislava":{"exemplarCity":"Bratislava"},"Brussels":{"exemplarCity":"Brussels"},"Bucharest":{"exemplarCity":"Bucharest"},"Budapest":{"exemplarCity":"Budapest"},"Busingen":{"exemplarCity":"Busingen"},"Chisinau":{"exemplarCity":"Chisinau"},"Copenhagen":{"exemplarCity":"Copenhagen"},"Dublin":{"exemplarCity":"Dublin"},"Gibraltar":{"exemplarCity":"Gibraltar"},"Guernsey":{"exemplarCity":"Guernsey"},"Helsinki":{"exemplarCity":"Helsinki"},"Isle_of_Man":{"exemplarCity":"Isle of Man"},"Istanbul":{"exemplarCity":"Istanbul"},"Jersey":{"exemplarCity":"Jersey"},"Kaliningrad":{"exemplarCity":"Kaliningrad"},"Kiev":{"exemplarCity":"Kiev"},"Lisbon":{"exemplarCity":"Lisbon"},"Ljubljana":{"exemplarCity":"Ljubljana"},"London":{"exemplarCity":"London"},"Luxembourg":{"exemplarCity":"Luxembourg"},"Madrid":{"exemplarCity":"Madrid"},"Malta":{"exemplarCity":"Malta"},"Mariehamn":{"exemplarCity":"Mariehamn"},"Minsk":{"exemplarCity":"Minsk"},"Monaco":{"exemplarCity":"Monaco"},"Moscow":{"exemplarCity":"Moscow"},"Oslo":{"exemplarCity":"Oslo"},"Paris":{"exemplarCity":"Paris"},"Podgorica":{"exemplarCity":"Podgorica"},"Prague":{"exemplarCity":"Prague"},"Riga":{"exemplarCity":"Riga"},"Rome":{"exemplarCity":"Rome"},"Samara":{"exemplarCity":"Samara"},"San_Marino":{"exemplarCity":"San Marino"},"Sarajevo":{"exemplarCity":"Sarajevo"},"Simferopol":{"exemplarCity":"Simferopol"},"Skopje":{"exemplarCity":"Skopje"},"Sofia":{"exemplarCity":"Sofia"},"Stockholm":{"exemplarCity":"Stockholm"},"Tallinn":{"exemplarCity":"Tallinn"},"Tirane":{"exemplarCity":"Tirane"},"Uzhgorod":{"exemplarCity":"Uzhgorod"},"Vaduz":{"exemplarCity":"Vaduz"},"Vatican":{"exemplarCity":"Vatican"},"Vienna":{"exemplarCity":"Vienna"},"Vilnius":{"exemplarCity":"Vilnius"},"Volgograd":{"exemplarCity":"Volgograd"},"Warsaw":{"exemplarCity":"Warsaw"},"Zagreb":{"exemplarCity":"Zagreb"},"Zaporozhye":{"exemplarCity":"Zaporozhye"},"Zurich":{"exemplarCity":"Zurich"}},"Africa":{"Abidjan":{"exemplarCity":"Abidjan"},"Accra":{"exemplarCity":"Accra"},"Addis_Ababa":{"exemplarCity":"Addis Ababa"},"Algiers":{"exemplarCity":"Algiers"},"Asmera":{"exemplarCity":"Asmara"},"Bamako":{"exemplarCity":"Bamako"},"Bangui":{"exemplarCity":"Bangui"},"Banjul":{"exemplarCity":"Banjul"},"Bissau":{"exemplarCity":"Bissau"},"Blantyre":{"exemplarCity":"Blantyre"},"Brazzaville":{"exemplarCity":"Brazzaville"},"Bujumbura":{"exemplarCity":"Bujumbura"},"Cairo":{"exemplarCity":"Cairo"},"Casablanca":{"exemplarCity":"Casablanca"},"Ceuta":{"exemplarCity":"Ceuta"},"Conakry":{"exemplarCity":"Conakry"},"Dakar":{"exemplarCity":"Dakar"},"Dar_es_Salaam":{"exemplarCity":"Dar es Salaam"},"Djibouti":{"exemplarCity":"Djibouti"},"Douala":{"exemplarCity":"Douala"},"El_Aaiun":{"exemplarCity":"El Aaiun"},"Freetown":{"exemplarCity":"Freetown"},"Gaborone":{"exemplarCity":"Gaborone"},"Harare":{"exemplarCity":"Harare"},"Johannesburg":{"exemplarCity":"Johannesburg"},"Juba":{"exemplarCity":"Juba"},"Kampala":{"exemplarCity":"Kampala"},"Khartoum":{"exemplarCity":"Khartoum"},"Kigali":{"exemplarCity":"Kigali"},"Kinshasa":{"exemplarCity":"Kinshasa"},"Lagos":{"exemplarCity":"Lagos"},"Libreville":{"exemplarCity":"Libreville"},"Lome":{"exemplarCity":"Lome"},"Luanda":{"exemplarCity":"Luanda"},"Lubumbashi":{"exemplarCity":"Lubumbashi"},"Lusaka":{"exemplarCity":"Lusaka"},"Malabo":{"exemplarCity":"Malabo"},"Maputo":{"exemplarCity":"Maputo"},"Maseru":{"exemplarCity":"Maseru"},"Mbabane":{"exemplarCity":"Mbabane"},"Mogadishu":{"exemplarCity":"Mogadishu"},"Monrovia":{"exemplarCity":"Monrovia"},"Nairobi":{"exemplarCity":"Nairobi"},"Ndjamena":{"exemplarCity":"Ndjamena"},"Niamey":{"exemplarCity":"Niamey"},"Nouakchott":{"exemplarCity":"Nouakchott"},"Ouagadougou":{"exemplarCity":"Ouagadougou"},"Porto-Novo":{"exemplarCity":"Porto-Novo"},"Sao_Tome":{"exemplarCity":"Sao Tome"},"Tripoli":{"exemplarCity":"Tripoli"},"Tunis":{"exemplarCity":"Tunis"},"Windhoek":{"exemplarCity":"Windhoek"}},"Asia":{"Aden":{"exemplarCity":"Aden"},"Almaty":{"exemplarCity":"Almaty"},"Amman":{"exemplarCity":"Amman"},"Anadyr":{"exemplarCity":"Anadyr"},"Aqtau":{"exemplarCity":"Aqtau"},"Aqtobe":{"exemplarCity":"Aqtobe"},"Ashgabat":{"exemplarCity":"Ashgabat"},"Baghdad":{"exemplarCity":"Baghdad"},"Bahrain":{"exemplarCity":"Bahrain"},"Baku":{"exemplarCity":"Baku"},"Bangkok":{"exemplarCity":"Bangkok"},"Beirut":{"exemplarCity":"Beirut"},"Bishkek":{"exemplarCity":"Bishkek"},"Brunei":{"exemplarCity":"Brunei"},"Calcutta":{"exemplarCity":"Kolkata"},"Chita":{"exemplarCity":"Chita"},"Choibalsan":{"exemplarCity":"Choibalsan"},"Colombo":{"exemplarCity":"Colombo"},"Damascus":{"exemplarCity":"Damascus"},"Dhaka":{"exemplarCity":"Dhaka"},"Dili":{"exemplarCity":"Dili"},"Dubai":{"exemplarCity":"Dubai"},"Dushanbe":{"exemplarCity":"Dushanbe"},"Gaza":{"exemplarCity":"Gaza"},"Hebron":{"exemplarCity":"Hebron"},"Hong_Kong":{"exemplarCity":"Hong Kong"},"Hovd":{"exemplarCity":"Hovd"},"Irkutsk":{"exemplarCity":"Irkutsk"},"Jakarta":{"exemplarCity":"Jakarta"},"Jayapura":{"exemplarCity":"Jayapura"},"Jerusalem":{"exemplarCity":"Jerusalem"},"Kabul":{"exemplarCity":"Kabul"},"Kamchatka":{"exemplarCity":"Kamchatka"},"Karachi":{"exemplarCity":"Karachi"},"Katmandu":{"exemplarCity":"Kathmandu"},"Khandyga":{"exemplarCity":"Khandyga"},"Krasnoyarsk":{"exemplarCity":"Krasnoyarsk"},"Kuala_Lumpur":{"exemplarCity":"Kuala Lumpur"},"Kuching":{"exemplarCity":"Kuching"},"Kuwait":{"exemplarCity":"Kuwait"},"Macau":{"exemplarCity":"Macau"},"Magadan":{"exemplarCity":"Magadan"},"Makassar":{"exemplarCity":"Makassar"},"Manila":{"exemplarCity":"Manila"},"Muscat":{"exemplarCity":"Muscat"},"Nicosia":{"exemplarCity":"Nicosia"},"Novokuznetsk":{"exemplarCity":"Novokuznetsk"},"Novosibirsk":{"exemplarCity":"Novosibirsk"},"Omsk":{"exemplarCity":"Omsk"},"Oral":{"exemplarCity":"Oral"},"Phnom_Penh":{"exemplarCity":"Phnom Penh"},"Pontianak":{"exemplarCity":"Pontianak"},"Pyongyang":{"exemplarCity":"Pyongyang"},"Qatar":{"exemplarCity":"Qatar"},"Qyzylorda":{"exemplarCity":"Qyzylorda"},"Rangoon":{"exemplarCity":"Rangoon"},"Riyadh":{"exemplarCity":"Riyadh"},"Saigon":{"exemplarCity":"Ho Chi Minh"},"Sakhalin":{"exemplarCity":"Sakhalin"},"Samarkand":{"exemplarCity":"Samarkand"},"Seoul":{"exemplarCity":"Seoul"},"Shanghai":{"exemplarCity":"Shanghai"},"Singapore":{"exemplarCity":"Singapore"},"Srednekolymsk":{"exemplarCity":"Srednekolymsk"},"Taipei":{"exemplarCity":"Taipei"},"Tashkent":{"exemplarCity":"Tashkent"},"Tbilisi":{"exemplarCity":"Tbilisi"},"Tehran":{"exemplarCity":"Tehran"},"Thimphu":{"exemplarCity":"Thimphu"},"Tokyo":{"exemplarCity":"Tokyo"},"Ulaanbaatar":{"exemplarCity":"Ulaanbaatar"},"Urumqi":{"exemplarCity":"Urumqi"},"Ust-Nera":{"exemplarCity":"Ust-Nera"},"Vientiane":{"exemplarCity":"Vientiane"},"Vladivostok":{"exemplarCity":"Vladivostok"},"Yakutsk":{"exemplarCity":"Yakutsk"},"Yekaterinburg":{"exemplarCity":"Yekaterinburg"},"Yerevan":{"exemplarCity":"Yerevan"}},"Indian":{"Antananarivo":{"exemplarCity":"Antananarivo"},"Chagos":{"exemplarCity":"Chagos"},"Christmas":{"exemplarCity":"Christmas"},"Cocos":{"exemplarCity":"Cocos"},"Comoro":{"exemplarCity":"Comoro"},"Kerguelen":{"exemplarCity":"Kerguelen"},"Mahe":{"exemplarCity":"Mahe"},"Maldives":{"exemplarCity":"Maldives"},"Mauritius":{"exemplarCity":"Mauritius"},"Mayotte":{"exemplarCity":"Mayotte"},"Reunion":{"exemplarCity":"Reunion"}},"Australia":{"Adelaide":{"exemplarCity":"Adelaide"},"Brisbane":{"exemplarCity":"Brisbane"},"Broken_Hill":{"exemplarCity":"Broken Hill"},"Currie":{"exemplarCity":"Currie"},"Darwin":{"exemplarCity":"Darwin"},"Eucla":{"exemplarCity":"Eucla"},"Hobart":{"exemplarCity":"Hobart"},"Lindeman":{"exemplarCity":"Lindeman"},"Lord_Howe":{"exemplarCity":"Lord Howe"},"Melbourne":{"exemplarCity":"Melbourne"},"Perth":{"exemplarCity":"Perth"},"Sydney":{"exemplarCity":"Sydney"}},"Pacific":{"Apia":{"exemplarCity":"Apia"},"Auckland":{"exemplarCity":"Auckland"},"Bougainville":{"exemplarCity":"Bougainville"},"Chatham":{"exemplarCity":"Chatham"},"Easter":{"exemplarCity":"Easter"},"Efate":{"exemplarCity":"Efate"},"Enderbury":{"exemplarCity":"Enderbury"},"Fakaofo":{"exemplarCity":"Fakaofo"},"Fiji":{"exemplarCity":"Fiji"},"Funafuti":{"exemplarCity":"Funafuti"},"Galapagos":{"exemplarCity":"Galapagos"},"Gambier":{"exemplarCity":"Gambier"},"Guadalcanal":{"exemplarCity":"Guadalcanal"},"Guam":{"exemplarCity":"Guam"},"Honolulu":{"exemplarCity":"Honolulu"},"Johnston":{"exemplarCity":"Johnston"},"Kiritimati":{"exemplarCity":"Kiritimati"},"Kosrae":{"exemplarCity":"Kosrae"},"Kwajalein":{"exemplarCity":"Kwajalein"},"Majuro":{"exemplarCity":"Majuro"},"Marquesas":{"exemplarCity":"Marquesas"},"Midway":{"exemplarCity":"Midway"},"Nauru":{"exemplarCity":"Nauru"},"Niue":{"exemplarCity":"Niue"},"Norfolk":{"exemplarCity":"Norfolk"},"Noumea":{"exemplarCity":"Noumea"},"Pago_Pago":{"exemplarCity":"Pago Pago"},"Palau":{"exemplarCity":"Palau"},"Pitcairn":{"exemplarCity":"Pitcairn"},"Ponape":{"exemplarCity":"Pohnpei"},"Port_Moresby":{"exemplarCity":"Port Moresby"},"Rarotonga":{"exemplarCity":"Rarotonga"},"Saipan":{"exemplarCity":"Saipan"},"Tahiti":{"exemplarCity":"Tahiti"},"Tarawa":{"exemplarCity":"Tarawa"},"Tongatapu":{"exemplarCity":"Tongatapu"},"Truk":{"exemplarCity":"Chuuk"},"Wake":{"exemplarCity":"Wake"},"Wallis":{"exemplarCity":"Wallis"}},"Arctic":{"Longyearbyen":{"exemplarCity":"Longyearbyen"}},"Antarctica":{"Casey":{"exemplarCity":"Casey"},"Davis":{"exemplarCity":"Davis"},"DumontDUrville":{"exemplarCity":"Dumont d’Urville"},"Macquarie":{"exemplarCity":"Macquarie"},"Mawson":{"exemplarCity":"Mawson"},"McMurdo":{"exemplarCity":"McMurdo"},"Palmer":{"exemplarCity":"Palmer"},"Rothera":{"exemplarCity":"Rothera"},"Syowa":{"exemplarCity":"Syowa"},"Troll":{"exemplarCity":"Troll"},"Vostok":{"exemplarCity":"Vostok"}},"Etc":{"GMT":{"exemplarCity":"GMT"},"GMT1":{"exemplarCity":"GMT+1"},"GMT10":{"exemplarCity":"GMT+10"},"GMT11":{"exemplarCity":"GMT+11"},"GMT12":{"exemplarCity":"GMT+12"},"GMT2":{"exemplarCity":"GMT+2"},"GMT3":{"exemplarCity":"GMT+3"},"GMT4":{"exemplarCity":"GMT+4"},"GMT5":{"exemplarCity":"GMT+5"},"GMT6":{"exemplarCity":"GMT+6"},"GMT7":{"exemplarCity":"GMT+7"},"GMT8":{"exemplarCity":"GMT+8"},"GMT9":{"exemplarCity":"GMT+9"},"GMT-1":{"exemplarCity":"GMT-1"},"GMT-10":{"exemplarCity":"GMT-10"},"GMT-11":{"exemplarCity":"GMT-11"},"GMT-12":{"exemplarCity":"GMT-12"},"GMT-13":{"exemplarCity":"GMT-13"},"GMT-14":{"exemplarCity":"GMT-14"},"GMT-2":{"exemplarCity":"GMT-2"},"GMT-3":{"exemplarCity":"GMT-3"},"GMT-4":{"exemplarCity":"GMT-4"},"GMT-5":{"exemplarCity":"GMT-5"},"GMT-6":{"exemplarCity":"GMT-6"},"GMT-7":{"exemplarCity":"GMT-7"},"GMT-8":{"exemplarCity":"GMT-8"},"GMT-9":{"exemplarCity":"GMT-9"},"Unknown":{"exemplarCity":"Unknown"}}}}