{"long":{"_compoundPattern":"%1$s/%2$s","acceleration":{"g-force":{"_name":"g-force","other":"%1$s G"},"meter-per-second-squared":{"_name":"m/s²","other":"%1$s m/s²"}},"angle":{"arc-minute":{"_name":"arcmin","other":"%1$s′"},"arc-second":{"_name":"arcsec","other":"%1$s″"},"degree":{"_name":"deg","other":"%1$s°"},"radian":{"_name":"rad","other":"%1$s rad"}},"area":{"acre":{"_name":"acre","other":"%1$s ac"},"hectare":{"_name":"hectare","other":"%1$s ha"},"square-centimeter":{"_name":"cm²","other":"%1$s cm²"},"square-foot":{"_name":"ft²","other":"%1$s ft²"},"square-inch":{"_name":"in²","other":"%1$s in²"},"square-kilometer":{"_name":"km²","other":"%1$s km²"},"square-meter":{"_name":"m²","other":"%1$s m²"},"square-mile":{"_name":"mi²","other":"%1$s mi²"},"square-yard":{"_name":"yd²","other":"%1$s yd²"}},"consumption":{"liter-per-kilometer":{"_name":"L/km","other":"%1$s L/km"},"mile-per-gallon":{"_name":"mpg","other":"%1$s mpg"}},"digital":{"bit":{"_name":"bit","other":"%1$s bit"},"byte":{"_name":"byte","other":"%1$s byte"},"gigabit":{"_name":"Gb","other":"%1$s Gb"},"gigabyte":{"_name":"GB","other":"%1$s GB"},"kilobit":{"_name":"kb","other":"%1$s kb"},"kilobyte":{"_name":"kB","other":"%1$s kB"},"megabit":{"_name":"Mb","other":"%1$s Mb"},"megabyte":{"_name":"MB","other":"%1$s MB"},"terabit":{"_name":"Tb","other":"%1$s Tb"},"terabyte":{"_name":"TB","other":"%1$s TB"}},"duration":{"day":{"_name":"day","other":"%1$s d"},"hour":{"_name":"hr","other":"%1$s h","_per":"%1$s/h"},"microsecond":{"_name":"μs","other":"%1$s μs"},"millisecond":{"_name":"ms","other":"%1$s ms"},"minute":{"_name":"min","other":"%1$s min"},"month":{"_name":"mon","other":"%1$s m"},"nanosecond":{"_name":"ns","other":"%1$s ns"},"second":{"_name":"sec","other":"%1$s s","_per":"%1$s/s"},"week":{"_name":"wk","other":"%1$s w"},"year":{"_name":"yr","other":"%1$s y"}},"electric":{"ampere":{"_name":"amp","other":"%1$s A"},"milliampere":{"_name":"mA","other":"%1$s mA"},"ohm":{"_name":"ohm","other":"%1$s Ω"},"volt":{"_name":"volt","other":"%1$s V"}},"energy":{"calorie":{"_name":"cal","other":"%1$s cal"},"foodcalorie":{"_name":"Cal","other":"%1$s Cal"},"joule":{"_name":"joule","other":"%1$s J"},"kilocalorie":{"_name":"kcal","other":"%1$s kcal"},"kilojoule":{"_name":"kJ","other":"%1$s kJ"},"kilowatt-hour":{"_name":"kWh","other":"%1$s kWh"}},"frequency":{"gigahertz":{"_name":"GHz","other":"%1$s GHz"},"hertz":{"_name":"Hz","other":"%1$s Hz"},"kilohertz":{"_name":"kHz","other":"%1$s kHz"},"megahertz":{"_name":"MHz","other":"%1$s MHz"}},"length":{"astronomical-unit":{"_name":"au","other":"%1$s au"},"centimeter":{"_name":"cm","other":"%1$s cm"},"decimeter":{"_name":"dm","other":"%1$s dm"},"fathom":{"_name":"fm","other":"%1$s fm"},"foot":{"_name":"ft","other":"%1$s ft"},"furlong":{"_name":"fur","other":"%1$s fur"},"inch":{"_name":"in","other":"%1$s in"},"kilometer":{"_name":"km","other":"%1$s km"},"light-year":{"_name":"ly","other":"%1$s ly"},"meter":{"_name":"meter","other":"%1$s m"},"micrometer":{"_name":"µm","other":"%1$s µm"},"mile":{"_name":"mi","other":"%1$s mi"},"millimeter":{"_name":"mm","other":"%1$s mm"},"nanometer":{"_name":"nm","other":"%1$s nm"},"nautical-mile":{"_name":"nmi","other":"%1$s nmi"},"parsec":{"_name":"pc","other":"%1$s pc"},"picometer":{"_name":"pm","other":"%1$s pm"},"yard":{"_name":"yd","other":"%1$s yd"}},"light":{"lux":{"_name":"lx","other":"%1$s lx"}},"mass":{"carat":{"_name":"CD","other":"%1$s CD"},"gram":{"_name":"gram","other":"%1$s g"},"kilogram":{"_name":"kg","other":"%1$s kg"},"metric-ton":{"_name":"t","other":"%1$s t"},"microgram":{"_name":"µg","other":"%1$s µg"},"milligram":{"_name":"mg","other":"%1$s mg"},"ounce":{"_name":"oz","other":"%1$s oz"},"ounce-troy":{"_name":"oz t","other":"%1$s oz t"},"pound":{"_name":"lb","other":"%1$s lb"},"stone":{"_name":"st","other":"%1$s st"},"ton":{"_name":"tn","other":"%1$s tn"}},"power":{"gigawatt":{"_name":"GW","other":"%1$s GW"},"horsepower":{"_name":"hp","other":"%1$s hp"},"kilowatt":{"_name":"kW","other":"%1$s kW"},"megawatt":{"_name":"MW","other":"%1$s MW"},"milliwatt":{"_name":"mW","other":"%1$s mW"},"watt":{"_name":"watt","other":"%1$s W"}},"pressure":{"hectopascal":{"_name":"hPa","other":"%1$s hPa"},"inch-hg":{"_name":"inHg","other":"%1$s inHg"},"millibar":{"_name":"mbar","other":"%1$s mbar"},"millimeter-of-mercury":{"_name":"mm Hg","other":"%1$s mm Hg"},"pound-per-square-inch":{"_name":"psi","other":"%1$s psi"}},"proportion":{"karat":{"_name":"kt","other":"%1$s kt"}},"speed":{"kilometer-per-hour":{"_name":"km/h","other":"%1$s km/h"},"meter-per-second":{"_name":"m/s","other":"%1$s m/s"},"mile-per-hour":{"_name":"mi/h","other":"%1$s mi/h"}},"temperature":{"celsius":{"_name":"°C","other":"%1$s°C"},"fahrenheit":{"_name":"°F","other":"%1$s°F"},"generic":{"_name":"°","other":"%1$s°"},"kelvin":{"_name":"K","other":"%1$s K"}},"volume":{"acre-foot":{"_name":"ac ft","other":"%1$s ac ft"},"bushel":{"_name":"bu","other":"%1$s bu"},"centiliter":{"_name":"cL","other":"%1$s cL"},"cubic-centimeter":{"_name":"cm³","other":"%1$s cm³"},"cubic-foot":{"_name":"ft³","other":"%1$s ft³"},"cubic-inch":{"_name":"in³","other":"%1$s in³"},"cubic-kilometer":{"_name":"km³","other":"%1$s km³"},"cubic-meter":{"_name":"m³","other":"%1$s m³"},"cubic-mile":{"_name":"mi³","other":"%1$s mi³"},"cubic-yard":{"_name":"yd³","other":"%1$s yd³"},"cup":{"_name":"cup","other":"%1$s c"},"deciliter":{"_name":"dL","other":"%1$s dL"},"fluid-ounce":{"_name":"fl oz","other":"%1$s fl oz"},"gallon":{"_name":"gal","other":"%1$s gal"},"hectoliter":{"_name":"hL","other":"%1$s hL"},"liter":{"_name":"liter","other":"%1$s l"},"megaliter":{"_name":"ML","other":"%1$s ML"},"milliliter":{"_name":"mL","other":"%1$s mL"},"pint":{"_name":"pt","other":"%1$s pt"},"quart":{"_name":"qt","other":"%1$s qt"},"tablespoon":{"_name":"tbsp","other":"%1$s tbsp"},"teaspoon":{"_name":"tsp","other":"%1$s tsp"}}},"short":{"_compoundPattern":"%1$s/%2$s","acceleration":{"g-force":{"_name":"g-force","other":"%1$s G"},"meter-per-second-squared":{"_name":"m/s²","other":"%1$s m/s²"}},"angle":{"arc-minute":{"_name":"arcmin","other":"%1$s′"},"arc-second":{"_name":"arcsec","other":"%1$s″"},"degree":{"_name":"deg","other":"%1$s°"},"radian":{"_name":"rad","other":"%1$s rad"}},"area":{"acre":{"_name":"acre","other":"%1$s ac"},"hectare":{"_name":"hectare","other":"%1$s ha"},"square-centimeter":{"_name":"cm²","other":"%1$s cm²"},"square-foot":{"_name":"ft²","other":"%1$s ft²"},"square-inch":{"_name":"in²","other":"%1$s in²"},"square-kilometer":{"_name":"km²","other":"%1$s km²"},"square-meter":{"_name":"m²","other":"%1$s m²"},"square-mile":{"_name":"mi²","other":"%1$s mi²"},"square-yard":{"_name":"yd²","other":"%1$s yd²"}},"consumption":{"liter-per-kilometer":{"_name":"L/km","other":"%1$s L/km"},"mile-per-gallon":{"_name":"mpg","other":"%1$s mpg"}},"digital":{"bit":{"_name":"bit","other":"%1$s bit"},"byte":{"_name":"byte","other":"%1$s byte"},"gigabit":{"_name":"Gb","other":"%1$s Gb"},"gigabyte":{"_name":"GB","other":"%1$s GB"},"kilobit":{"_name":"kb","other":"%1$s kb"},"kilobyte":{"_name":"kB","other":"%1$s kB"},"megabit":{"_name":"Mb","other":"%1$s Mb"},"megabyte":{"_name":"MB","other":"%1$s MB"},"terabit":{"_name":"Tb","other":"%1$s Tb"},"terabyte":{"_name":"TB","other":"%1$s TB"}},"duration":{"day":{"_name":"day","other":"%1$s d"},"hour":{"_name":"hr","other":"%1$s h","_per":"%1$s/h"},"microsecond":{"_name":"μs","other":"%1$s μs"},"millisecond":{"_name":"ms","other":"%1$s ms"},"minute":{"_name":"min","other":"%1$s min"},"month":{"_name":"mon","other":"%1$s m"},"nanosecond":{"_name":"ns","other":"%1$s ns"},"second":{"_name":"sec","other":"%1$s s","_per":"%1$s/s"},"week":{"_name":"wk","other":"%1$s w"},"year":{"_name":"yr","other":"%1$s y"}},"electric":{"ampere":{"_name":"amp","other":"%1$s A"},"milliampere":{"_name":"mA","other":"%1$s mA"},"ohm":{"_name":"ohm","other":"%1$s Ω"},"volt":{"_name":"volt","other":"%1$s V"}},"energy":{"calorie":{"_name":"cal","other":"%1$s cal"},"foodcalorie":{"_name":"Cal","other":"%1$s Cal"},"joule":{"_name":"joule","other":"%1$s J"},"kilocalorie":{"_name":"kcal","other":"%1$s kcal"},"kilojoule":{"_name":"kJ","other":"%1$s kJ"},"kilowatt-hour":{"_name":"kWh","other":"%1$s kWh"}},"frequency":{"gigahertz":{"_name":"GHz","other":"%1$s GHz"},"hertz":{"_name":"Hz","other":"%1$s Hz"},"kilohertz":{"_name":"kHz","other":"%1$s kHz"},"megahertz":{"_name":"MHz","other":"%1$s MHz"}},"length":{"astronomical-unit":{"_name":"au","other":"%1$s au"},"centimeter":{"_name":"cm","other":"%1$s cm"},"decimeter":{"_name":"dm","other":"%1$s dm"},"fathom":{"_name":"fm","other":"%1$s fm"},"foot":{"_name":"ft","other":"%1$s ft"},"furlong":{"_name":"fur","other":"%1$s fur"},"inch":{"_name":"in","other":"%1$s in"},"kilometer":{"_name":"km","other":"%1$s km"},"light-year":{"_name":"ly","other":"%1$s ly"},"meter":{"_name":"meter","other":"%1$s m"},"micrometer":{"_name":"µm","other":"%1$s µm"},"mile":{"_name":"mi","other":"%1$s mi"},"millimeter":{"_name":"mm","other":"%1$s mm"},"nanometer":{"_name":"nm","other":"%1$s nm"},"nautical-mile":{"_name":"nmi","other":"%1$s nmi"},"parsec":{"_name":"pc","other":"%1$s pc"},"picometer":{"_name":"pm","other":"%1$s pm"},"yard":{"_name":"yd","other":"%1$s yd"}},"light":{"lux":{"_name":"lx","other":"%1$s lx"}},"mass":{"carat":{"_name":"CD","other":"%1$s CD"},"gram":{"_name":"gram","other":"%1$s g"},"kilogram":{"_name":"kg","other":"%1$s kg"},"metric-ton":{"_name":"t","other":"%1$s t"},"microgram":{"_name":"µg","other":"%1$s µg"},"milligram":{"_name":"mg","other":"%1$s mg"},"ounce":{"_name":"oz","other":"%1$s oz"},"ounce-troy":{"_name":"oz t","other":"%1$s oz t"},"pound":{"_name":"lb","other":"%1$s lb"},"stone":{"_name":"st","other":"%1$s st"},"ton":{"_name":"tn","other":"%1$s tn"}},"power":{"gigawatt":{"_name":"GW","other":"%1$s GW"},"horsepower":{"_name":"hp","other":"%1$s hp"},"kilowatt":{"_name":"kW","other":"%1$s kW"},"megawatt":{"_name":"MW","other":"%1$s MW"},"milliwatt":{"_name":"mW","other":"%1$s mW"},"watt":{"_name":"watt","other":"%1$s W"}},"pressure":{"hectopascal":{"_name":"hPa","other":"%1$s hPa"},"inch-hg":{"_name":"inHg","other":"%1$s inHg"},"millibar":{"_name":"mbar","other":"%1$s mbar"},"millimeter-of-mercury":{"_name":"mm Hg","other":"%1$s mm Hg"},"pound-per-square-inch":{"_name":"psi","other":"%1$s psi"}},"proportion":{"karat":{"_name":"kt","other":"%1$s kt"}},"speed":{"kilometer-per-hour":{"_name":"km/h","other":"%1$s km/h"},"meter-per-second":{"_name":"m/s","other":"%1$s m/s"},"mile-per-hour":{"_name":"mi/h","other":"%1$s mi/h"}},"temperature":{"celsius":{"_name":"°C","other":"%1$s°C"},"fahrenheit":{"_name":"°F","other":"%1$s°F"},"generic":{"_name":"°","other":"%1$s°"},"kelvin":{"_name":"K","other":"%1$s K"}},"volume":{"acre-foot":{"_name":"ac ft","other":"%1$s ac ft"},"bushel":{"_name":"bu","other":"%1$s bu"},"centiliter":{"_name":"cL","other":"%1$s cL"},"cubic-centimeter":{"_name":"cm³","other":"%1$s cm³"},"cubic-foot":{"_name":"ft³","other":"%1$s ft³"},"cubic-inch":{"_name":"in³","other":"%1$s in³"},"cubic-kilometer":{"_name":"km³","other":"%1$s km³"},"cubic-meter":{"_name":"m³","other":"%1$s m³"},"cubic-mile":{"_name":"mi³","other":"%1$s mi³"},"cubic-yard":{"_name":"yd³","other":"%1$s yd³"},"cup":{"_name":"cup","other":"%1$s c"},"deciliter":{"_name":"dL","other":"%1$s dL"},"fluid-ounce":{"_name":"fl oz","other":"%1$s fl oz"},"gallon":{"_name":"gal","other":"%1$s gal"},"hectoliter":{"_name":"hL","other":"%1$s hL"},"liter":{"_name":"liter","other":"%1$s l"},"megaliter":{"_name":"ML","other":"%1$s ML"},"milliliter":{"_name":"mL","other":"%1$s mL"},"pint":{"_name":"pt","other":"%1$s pt"},"quart":{"_name":"qt","other":"%1$s qt"},"tablespoon":{"_name":"tbsp","other":"%1$s tbsp"},"teaspoon":{"_name":"tsp","other":"%1$s tsp"}}},"narrow":{"_compoundPattern":"%1$s/%2$s","acceleration":{"g-force":{"_name":"g-force","other":"%1$s G"},"meter-per-second-squared":{"_name":"m/s²","other":"%1$s m/s²"}},"angle":{"arc-minute":{"_name":"arcmin","other":"%1$s′"},"arc-second":{"_name":"arcsec","other":"%1$s″"},"degree":{"_name":"deg","other":"%1$s°"},"radian":{"_name":"rad","other":"%1$s rad"}},"area":{"acre":{"_name":"acre","other":"%1$s ac"},"hectare":{"_name":"hectare","other":"%1$s ha"},"square-centimeter":{"_name":"cm²","other":"%1$s cm²"},"square-foot":{"_name":"ft²","other":"%1$s ft²"},"square-inch":{"_name":"in²","other":"%1$s in²"},"square-kilometer":{"_name":"km²","other":"%1$s km²"},"square-meter":{"_name":"m²","other":"%1$s m²"},"square-mile":{"_name":"mi²","other":"%1$s mi²"},"square-yard":{"_name":"yd²","other":"%1$s yd²"}},"consumption":{"liter-per-kilometer":{"_name":"L/km","other":"%1$s L/km"},"mile-per-gallon":{"_name":"mpg","other":"%1$s mpg"}},"digital":{"bit":{"_name":"bit","other":"%1$s bit"},"byte":{"_name":"byte","other":"%1$s byte"},"gigabit":{"_name":"Gb","other":"%1$s Gb"},"gigabyte":{"_name":"GB","other":"%1$s GB"},"kilobit":{"_name":"kb","other":"%1$s kb"},"kilobyte":{"_name":"kB","other":"%1$s kB"},"megabit":{"_name":"Mb","other":"%1$s Mb"},"megabyte":{"_name":"MB","other":"%1$s MB"},"terabit":{"_name":"Tb","other":"%1$s Tb"},"terabyte":{"_name":"TB","other":"%1$s TB"}},"duration":{"day":{"_name":"day","other":"%1$s d"},"hour":{"_name":"hr","other":"%1$s h","_per":"%1$s/h"},"microsecond":{"_name":"μs","other":"%1$s μs"},"millisecond":{"_name":"ms","other":"%1$s ms"},"minute":{"_name":"min","other":"%1$s min"},"month":{"_name":"mon","other":"%1$s m"},"nanosecond":{"_name":"ns","other":"%1$s ns"},"second":{"_name":"sec","other":"%1$s s","_per":"%1$s/s"},"week":{"_name":"wk","other":"%1$s w"},"year":{"_name":"yr","other":"%1$s y"}},"electric":{"ampere":{"_name":"amp","other":"%1$s A"},"milliampere":{"_name":"mA","other":"%1$s mA"},"ohm":{"_name":"ohm","other":"%1$s Ω"},"volt":{"_name":"volt","other":"%1$s V"}},"energy":{"calorie":{"_name":"cal","other":"%1$s cal"},"foodcalorie":{"_name":"Cal","other":"%1$s Cal"},"joule":{"_name":"joule","other":"%1$s J"},"kilocalorie":{"_name":"kcal","other":"%1$s kcal"},"kilojoule":{"_name":"kJ","other":"%1$s kJ"},"kilowatt-hour":{"_name":"kWh","other":"%1$s kWh"}},"frequency":{"gigahertz":{"_name":"GHz","other":"%1$s GHz"},"hertz":{"_name":"Hz","other":"%1$s Hz"},"kilohertz":{"_name":"kHz","other":"%1$s kHz"},"megahertz":{"_name":"MHz","other":"%1$s MHz"}},"length":{"astronomical-unit":{"_name":"au","other":"%1$s au"},"centimeter":{"_name":"cm","other":"%1$s cm"},"decimeter":{"_name":"dm","other":"%1$s dm"},"fathom":{"_name":"fm","other":"%1$s fm"},"foot":{"_name":"ft","other":"%1$s ft"},"furlong":{"_name":"fur","other":"%1$s fur"},"inch":{"_name":"in","other":"%1$s in"},"kilometer":{"_name":"km","other":"%1$s km"},"light-year":{"_name":"ly","other":"%1$s ly"},"meter":{"_name":"meter","other":"%1$s m"},"micrometer":{"_name":"µm","other":"%1$s µm"},"mile":{"_name":"mi","other":"%1$s mi"},"millimeter":{"_name":"mm","other":"%1$s mm"},"nanometer":{"_name":"nm","other":"%1$s nm"},"nautical-mile":{"_name":"nmi","other":"%1$s nmi"},"parsec":{"_name":"pc","other":"%1$s pc"},"picometer":{"_name":"pm","other":"%1$s pm"},"yard":{"_name":"yd","other":"%1$s yd"}},"light":{"lux":{"_name":"lx","other":"%1$s lx"}},"mass":{"carat":{"_name":"CD","other":"%1$s CD"},"gram":{"_name":"gram","other":"%1$s g"},"kilogram":{"_name":"kg","other":"%1$s kg"},"metric-ton":{"_name":"t","other":"%1$s t"},"microgram":{"_name":"µg","other":"%1$s µg"},"milligram":{"_name":"mg","other":"%1$s mg"},"ounce":{"_name":"oz","other":"%1$s oz"},"ounce-troy":{"_name":"oz t","other":"%1$s oz t"},"pound":{"_name":"lb","other":"%1$s lb"},"stone":{"_name":"st","other":"%1$s st"},"ton":{"_name":"tn","other":"%1$s tn"}},"power":{"gigawatt":{"_name":"GW","other":"%1$s GW"},"horsepower":{"_name":"hp","other":"%1$s hp"},"kilowatt":{"_name":"kW","other":"%1$s kW"},"megawatt":{"_name":"MW","other":"%1$s MW"},"milliwatt":{"_name":"mW","other":"%1$s mW"},"watt":{"_name":"watt","other":"%1$s W"}},"pressure":{"hectopascal":{"_name":"hPa","other":"%1$s hPa"},"inch-hg":{"_name":"inHg","other":"%1$s inHg"},"millibar":{"_name":"mbar","other":"%1$s mbar"},"millimeter-of-mercury":{"_name":"mm Hg","other":"%1$s mm Hg"},"pound-per-square-inch":{"_name":"psi","other":"%1$s psi"}},"proportion":{"karat":{"_name":"kt","other":"%1$s kt"}},"speed":{"kilometer-per-hour":{"_name":"km/h","other":"%1$s km/h"},"meter-per-second":{"_name":"m/s","other":"%1$s m/s"},"mile-per-hour":{"_name":"mi/h","other":"%1$s mi/h"}},"temperature":{"celsius":{"_name":"°C","other":"%1$s°C"},"fahrenheit":{"_name":"°F","other":"%1$s°F"},"generic":{"_name":"°","other":"%1$s°"},"kelvin":{"_name":"K","other":"%1$s K"}},"volume":{"acre-foot":{"_name":"ac ft","other":"%1$s ac ft"},"bushel":{"_name":"bu","other":"%1$s bu"},"centiliter":{"_name":"cL","other":"%1$s cL"},"cubic-centimeter":{"_name":"cm³","other":"%1$s cm³"},"cubic-foot":{"_name":"ft³","other":"%1$s ft³"},"cubic-inch":{"_name":"in³","other":"%1$s in³"},"cubic-kilometer":{"_name":"km³","other":"%1$s km³"},"cubic-meter":{"_name":"m³","other":"%1$s m³"},"cubic-mile":{"_name":"mi³","other":"%1$s mi³"},"cubic-yard":{"_name":"yd³","other":"%1$s yd³"},"cup":{"_name":"cup","other":"%1$s c"},"deciliter":{"_name":"dL","other":"%1$s dL"},"fluid-ounce":{"_name":"fl oz","other":"%1$s fl oz"},"gallon":{"_name":"gal","other":"%1$s gal"},"hectoliter":{"_name":"hL","other":"%1$s hL"},"liter":{"_name":"liter","other":"%1$s l"},"megaliter":{"_name":"ML","other":"%1$s ML"},"milliliter":{"_name":"mL","other":"%1$s mL"},"pint":{"_name":"pt","other":"%1$s pt"},"quart":{"_name":"qt","other":"%1$s qt"},"tablespoon":{"_name":"tbsp","other":"%1$s tbsp"},"teaspoon":{"_name":"tsp","other":"%1$s tsp"}}},"_durationPattern":{"hm":"h:mm","hms":"h:mm:ss","ms":"m:ss"}}