{"months":{"format":{"abbreviated":{"1":"ian.","2":"feb.","3":"mar.","4":"apr.","5":"mai","6":"iun.","7":"iul.","8":"aug.","9":"sept.","10":"oct.","11":"nov.","12":"dec."},"narrow":{"1":"I","2":"F","3":"M","4":"A","5":"M","6":"I","7":"I","8":"A","9":"S","10":"O","11":"N","12":"D"},"wide":{"1":"ianuarie","2":"februarie","3":"martie","4":"aprilie","5":"mai","6":"iunie","7":"iulie","8":"august","9":"septembrie","10":"octombrie","11":"noiembrie","12":"decembrie"}},"stand-alone":{"abbreviated":{"1":"ian.","2":"feb.","3":"mar.","4":"apr.","5":"mai","6":"iun.","7":"iul.","8":"aug.","9":"sept.","10":"oct.","11":"nov.","12":"dec."},"narrow":{"1":"I","2":"F","3":"M","4":"A","5":"M","6":"I","7":"I","8":"A","9":"S","10":"O","11":"N","12":"D"},"wide":{"1":"Ianuarie","2":"Februarie","3":"Martie","4":"Aprilie","5":"Mai","6":"Iunie","7":"Iulie","8":"August","9":"Septembrie","10":"Octombrie","11":"Noiembrie","12":"Decembrie"}}},"days":{"format":{"abbreviated":{"sun":"Dum","mon":"Lun","tue":"Mar","wed":"Mie","thu":"Joi","fri":"Vin","sat":"Sâm"},"narrow":{"sun":"D","mon":"L","tue":"M","wed":"M","thu":"J","fri":"V","sat":"S"},"short":{"sun":"Du","mon":"Lu","tue":"Ma","wed":"Mi","thu":"Jo","fri":"Vi","sat":"Sâ"},"wide":{"sun":"duminică","mon":"luni","tue":"marți","wed":"miercuri","thu":"joi","fri":"vineri","sat":"sâmbătă"}},"stand-alone":{"abbreviated":{"sun":"Dum","mon":"Lun","tue":"Mar","wed":"Mie","thu":"Joi","fri":"Vin","sat":"Sâm"},"narrow":{"sun":"D","mon":"L","tue":"M","wed":"M","thu":"J","fri":"V","sat":"S"},"short":{"sun":"Du","mon":"Lu","tue":"Ma","wed":"Mi","thu":"Jo","fri":"Vi","sat":"Sâ"},"wide":{"sun":"Duminică","mon":"Luni","tue":"Marți","wed":"Miercuri","thu":"Joi","fri":"Vineri","sat":"Sâmbătă"}}},"quarters":{"format":{"abbreviated":{"1":"trim. I","2":"trim. II","3":"trim. III","4":"trim. IV"},"narrow":{"1":"1","2":"2","3":"3","4":"4"},"wide":{"1":"trimestrul I","2":"trimestrul al II-lea","3":"trimestrul al III-lea","4":"trimestrul al IV-lea"}},"stand-alone":{"abbreviated":{"1":"Trim. I","2":"Trim. II","3":"Trim. III","4":"Trim. IV"},"narrow":{"1":"1","2":"2","3":"3","4":"4"},"wide":{"1":"Trimestrul I","2":"Trimestrul al II-lea","3":"Trimestrul al III-lea","4":"Trimestrul al IV-lea"}}},"dayPeriods":{"format":{"abbreviated":{"am":"a.m.","noon":"la prânz","pm":"p.m."},"narrow":{"am":"a.m.","noon":"prânz","pm":"p.m."},"wide":{"am":"a.m.","noon":"la prânz","pm":"p.m."}},"stand-alone":{"abbreviated":{"am":"a.m.","noon":"la prânz","pm":"p.m."},"narrow":{"am":"a.m.","noon":"prânz","pm":"p.m."},"wide":{"am":"a.m.","noon":"la prânz","pm":"p.m."}}},"eras":{"wide":{"0":"înainte de Hristos","0-alt-variant":"înaintea erei noastre","1":"după Hristos","1-alt-variant":"era noastră"},"abbreviated":{"0":"î.Hr.","0-alt-variant":"î.e.n","1":"d.Hr.","1-alt-variant":"e.n."},"narrow":{"0":"î.Hr.","0-alt-variant":"î.e.n","1":"d.Hr.","1-alt-variant":"e.n."}},"dateFormats":{"full":"EEEE, d MMMM y","long":"d MMMM y","medium":"d MMM y","short":"dd.MM.y"},"timeFormats":{"full":"HH:mm:ss zzzz","long":"HH:mm:ss z","medium":"HH:mm:ss","short":"HH:mm"},"dateTimeFormats":{"full":"%2$s, %1$s","long":"%2$s, %1$s","medium":"%2$s, %1$s","short":"%2$s, %1$s"}}