{"ADP":{"name":"pesetă andorrană","pluralName":{"one":"pesetă andorrană","few":"pesete andorrane","other":"pesete andorrane"}},"AED":{"name":"dirham din Emiratele Arabe Unite","pluralName":{"one":"dirham din Emiratele Arabe Unite","few":"dirhami din Emiratele Arabe Unite","other":"dirhami din Emiratele Arabe Unite"}},"AFA":{"name":"AFA"},"AFN":{"name":"afgani afgan","pluralName":{"one":"afgani afgan","few":"afgani afgani","other":"afgani afgani"}},"ALL":{"name":"leka albaneză","pluralName":{"one":"leka albaneză","few":"leka albaneze","other":"leka albaneze"}},"AMD":{"name":"dram armenesc","pluralName":{"one":"dram armenesc","few":"drami armenești","other":"drami armenești"}},"ANG":{"name":"gulden din Antilele Olandeze","pluralName":{"one":"gulden din Antilele Olandeze","few":"guldeni din Antilele Olandeze","other":"guldeni din Antilele Olandeze"}},"AOA":{"name":"kwanza angoleză","pluralName":{"one":"kwanza angoleză","few":"kwanze angoleze","other":"kwanze angoleze"},"symbolNarrow":"Kz"},"AOK":{"name":"AOK"},"AON":{"name":"AON"},"AOR":{"name":"AOR"},"ARA":{"name":"ARA"},"ARL":{"name":"ARL"},"ARM":{"name":"ARM"},"ARP":{"name":"peso argentinian (1983–1985)","pluralName":{"one":"peso argentinian (1983–1985)","few":"pesos argentinieni (1983–1985)","other":"pesos argentinieni (1983–1985)"}},"ARS":{"name":"peso argentinian","pluralName":{"one":"peso argentinian","few":"pesos argentinieni","other":"pesos argentinieni"},"symbolNarrow":"$"},"ATS":{"name":"șiling austriac","pluralName":{"one":"șiling austriac","few":"șilingi austrieci","other":"șilingi austrieci"}},"AUD":{"name":"dolar australian","pluralName":{"one":"dolar australian","few":"dolari australieni","other":"dolari australieni"},"symbolNarrow":"$"},"AWG":{"name":"florin aruban","pluralName":{"one":"florin aruban","few":"florini arubani","other":"florini arubani"}},"AZM":{"name":"manat azer (1993–2006)"},"AZN":{"name":"manat azer","pluralName":{"one":"manat azer","few":"manați azeri","other":"manați azeri"}},"BAD":{"name":"dinar Bosnia-Herțegovina (1992–1994)","pluralName":{"one":"dinar Bosnia-Herțegovina (1992–1994)","few":"dinari Bosnia-Herțegovina","other":"dinari Bosnia-Herțegovina (1992–1994)"}},"BAM":{"name":"marcă convertibilă din Bosnia și Herțegovina","pluralName":{"one":"marcă convertibilă din Bosnia și Herțegovina","few":"mărci convertibile din Bosnia și Herțegovina","other":"mărci convertibile din Bosnia și Herțegovina"},"symbolNarrow":"KM"},"BAN":{"name":"BAN"},"BBD":{"name":"dolar Barbados","pluralName":{"one":"dolar Barbados","few":"dolari Barbados","other":"dolari Barbados"},"symbolNarrow":"$"},"BDT":{"name":"taka din Bangladesh","pluralName":{"one":"taka din Bangladesh","few":"taka din Bangladesh","other":"taka din Bangladesh"},"symbolNarrow":"৳"},"BEC":{"name":"franc belgian (convertibil)","pluralName":{"one":"franc belgian (convertibil)","few":"franci belgieni (convertibili)","other":"franci belgieni (convertibili)"}},"BEF":{"name":"franc belgian","pluralName":{"one":"franc belgian","few":"franci belgieni","other":"franci belgieni"}},"BEL":{"name":"franc belgian (financiar)","pluralName":{"one":"franc belgian (financiar)","few":"franci belgieni (financiari)","other":"franci belgieni (financiari)"}},"BGL":{"name":"BGL"},"BGM":{"name":"BGM"},"BGN":{"name":"leva bulgărească","pluralName":{"one":"leva bulgărească","few":"leva bulgărești","other":"leva bulgărești"}},"BGO":{"name":"BGO"},"BHD":{"name":"dinar din Bahrain","pluralName":{"one":"dinar din Bahrain","few":"dinari din Bahrain","other":"dinari din Bahrain"}},"BIF":{"name":"franc burundez","pluralName":{"one":"franc burundez","few":"franci burundezi","other":"franci burundezi"}},"BMD":{"name":"dolar din Bermuda","pluralName":{"one":"dolar din Bermuda","few":"dolari din Bermuda","other":"dolari din Bermuda"},"symbolNarrow":"$"},"BND":{"name":"dolar din Brunei","pluralName":{"one":"dolar din Brunei","few":"dolari din Brunei","other":"dolari Brunei"},"symbolNarrow":"$"},"BOB":{"name":"boliviano bolivian","pluralName":{"one":"boliviano bolivian","few":"boliviano bolivieni","other":"boliviano bolivieni"},"symbolNarrow":"Bs"},"BOL":{"name":"BOL"},"BOP":{"name":"peso bolivian","pluralName":{"one":"peso bolivian","few":"pesos bolivieni","other":"pesos bolivieni"}},"BOV":{"name":"mvdol bolivian"},"BRB":{"name":"BRB"},"BRC":{"name":"BRC"},"BRE":{"name":"cruzeiro brazilian (1990–1993)"},"BRL":{"name":"real brazilian","pluralName":{"one":"real brazilian","few":"reali brazilieni","other":"reali brazilieni"},"symbolNarrow":"R$"},"BRN":{"name":"BRN"},"BRR":{"name":"cruzeiro brazilian (1993–1994)"},"BRZ":{"name":"BRZ"},"BSD":{"name":"dolar din Bahamas","pluralName":{"one":"dolar din Bahamas","few":"dolari din Bahamas","other":"dolari din Bahamas"},"symbolNarrow":"$"},"BTN":{"name":"ngultrum din Bhutan","pluralName":{"one":"ngultrum din Bhutan","few":"ngultrum din Bhutan","other":"ngultrum din Bhutan"}},"BUK":{"name":"kyat birman"},"BWP":{"name":"pula Botswana","pluralName":{"one":"pulă Botswana","few":"pule Botswana","other":"pule Botswana"},"symbolNarrow":"P"},"BYB":{"name":"BYB"},"BYR":{"name":"rublă belarusă","pluralName":{"one":"rublă belarusă","few":"ruble belaruse","other":"ruble belaruse"},"symbolNarrow":"р."},"BZD":{"name":"dolar din Belize","pluralName":{"one":"dolar din Belize","few":"dolari din Belize","other":"dolari din Belize"},"symbolNarrow":"$"},"CAD":{"name":"dolar canadian","pluralName":{"one":"dolar canadian","few":"dolari canadieni","other":"dolari canadieni"},"symbolNarrow":"$"},"CDF":{"name":"franc congolez","pluralName":{"one":"franc congolez","few":"franci congolezi","other":"franci congolezi"}},"CHE":{"name":"CHE"},"CHF":{"name":"franc elvețian","pluralName":{"one":"franc elvețian","few":"franci elvețieni","other":"franci elvețieni"}},"CHW":{"name":"CHW"},"CLE":{"name":"CLE"},"CLF":{"name":"CLF"},"CLP":{"name":"peso chilian","pluralName":{"one":"peso chilian","few":"pesos chilieni","other":"pesos chilieni"},"symbolNarrow":"$"},"CNY":{"name":"yuan chinezesc","pluralName":{"one":"yuan chinezesc","few":"yuani chinezești","other":"yuani chinezești"},"symbolNarrow":"¥"},"COP":{"name":"peso columbian","pluralName":{"one":"peso columbian","few":"pesos columbieni","other":"pesos columbieni"},"symbolNarrow":"$"},"COU":{"name":"COU"},"CRC":{"name":"colon costarican","pluralName":{"one":"colon costarican","few":"coloni costaricani","other":"coloni costaricani"},"symbolNarrow":"₡"},"CSD":{"name":"dinar Serbia și Muntenegru (2002–2006)","pluralName":{"one":"dinar Serbia și Muntenegru (2002–2006)","few":"dinari Serbia și Muntenegru (2002–2006)","other":"dinari Serbia și Muntenegru (2002–2006)"}},"CSK":{"name":"CSK"},"CUC":{"name":"peso cubanez convertibil","pluralName":{"one":"peso cubanez convertibil","few":"pesos cubanezi convertibili","other":"pesos cubanezi convertibili"},"symbolNarrow":"$"},"CUP":{"name":"peso cubanez","pluralName":{"one":"peso cubanez","few":"pesos cubanezi","other":"pesos cubanezi"},"symbolNarrow":"$"},"CVE":{"name":"escudo din Capul Verde","pluralName":{"one":"escudo din Capul Verde","few":"escudo din Capul Verde","other":"escudo din Capul Verde"}},"CYP":{"name":"liră cipriotă","pluralName":{"one":"liră cipriotă","few":"lire cipriote","other":"lire cipriote"}},"CZK":{"name":"coroană cehă","pluralName":{"one":"coroană cehă","few":"coroane cehe","other":"coroane cehe"},"symbolNarrow":"Kč"},"DDM":{"name":"marcă est-germană","pluralName":{"one":"marcă est-germană","few":"mărci est-germane","other":"mărci est-germane"}},"DEM":{"name":"marcă germană","pluralName":{"one":"marcă germană","few":"mărci germane","other":"mărci germane"}},"DJF":{"name":"franc djiboutian","pluralName":{"one":"franc djiboutian","few":"franci djiboutieni","other":"franci djiboutieni"}},"DKK":{"name":"coroană daneză","pluralName":{"one":"coroană daneză","few":"coroane daneze","other":"coroane daneze"},"symbolNarrow":"kr"},"DOP":{"name":"peso dominican","pluralName":{"one":"peso dominican","few":"pesos dominicani","other":"pesos dominicani"},"symbolNarrow":"$"},"DZD":{"name":"dinar algerian","pluralName":{"one":"dinar algerian","few":"dinari algerieni","other":"dinari algerieni"}},"ECS":{"name":"sucre Ecuador"},"ECV":{"name":"ECV"},"EEK":{"name":"coroană estoniană","pluralName":{"one":"coroană estoniană","few":"coroane estoniene","other":"coroane estoniene"}},"EGP":{"name":"liră egipteană","pluralName":{"one":"liră egipteană","few":"lire egiptene","other":"lire egiptene"},"symbolNarrow":"E£"},"ERN":{"name":"nakfa eritreeană","pluralName":{"one":"nakfa eritreeană","few":"nakfa eritreene","other":"nakfa eritreene"}},"ESA":{"name":"peseta spaniolă (cont A)"},"ESB":{"name":"peseta spaniolă (cont convertibil)"},"ESP":{"name":"pesetă spaniolă","pluralName":{"one":"pesetă spaniolă","few":"pesete spaniole","other":"pesete spaniole"},"symbolNarrow":"₧"},"ETB":{"name":"birr etiopian","pluralName":{"one":"birr etiopian","few":"birri etiopieni","other":"birri etiopieni"}},"EUR":{"name":"euro","pluralName":{"one":"euro","few":"euro","other":"euro"},"symbolNarrow":"€"},"FIM":{"name":"marcă finlandeză","pluralName":{"one":"mărci finlandeze","few":"mărci finlandeze","other":"mărci finlandeze"}},"FJD":{"name":"dolar fijian","pluralName":{"one":"dolar fijian","few":"dolari fijieni","other":"dolari fijieni"},"symbolNarrow":"$"},"FKP":{"name":"liră din Insulele Falkland","pluralName":{"one":"liră din Insulele Falkland","few":"lire din Insulele Falkland","other":"lire din Insulele Falkland"},"symbolNarrow":"£"},"FRF":{"name":"franc francez","pluralName":{"one":"franc francez","few":"franci francezi","other":"franci francezi"}},"GBP":{"name":"liră sterlină","pluralName":{"one":"liră sterlină","few":"lire sterline","other":"lire sterline"},"symbolNarrow":"£"},"GEK":{"name":"GEK"},"GEL":{"name":"lari georgian","pluralName":{"one":"lari georgian","few":"lari georgieni","other":"lari georgieni"}},"GHC":{"name":"cedi Ghana (1979–2007)"},"GHS":{"name":"cedi ghanez","pluralName":{"one":"cedi ghanez","few":"cedi ghanezi","other":"cedi ghanezi"}},"GIP":{"name":"liră din Gibraltar","pluralName":{"one":"liră din Gibraltar","few":"lire din Gibraltar","other":"lire Gibraltar"},"symbolNarrow":"£"},"GMD":{"name":"dalasi din Gambia","pluralName":{"one":"dalasi din Gambia","few":"dalasi din Gambia","other":"dalasi din Gambia"}},"GNF":{"name":"franc guineean","pluralName":{"one":"franc guineean","few":"franci guineeni","other":"franci guineeni"},"symbolNarrow":"FG"},"GNS":{"name":"GNS"},"GQE":{"name":"GQE"},"GRD":{"name":"drahmă grecească","pluralName":{"one":"drahmă grecească","few":"drahme grecești","other":"drahme grecești"}},"GTQ":{"name":"quetzal guatemalez","pluralName":{"one":"quetzal guatemalez","few":"quetzali guatemalezi","other":"quetzali guatemalezi"},"symbolNarrow":"Q"},"GWE":{"name":"GWE"},"GWP":{"name":"peso Guineea-Bissau","pluralName":{"one":"peso Guineea-Bissau","few":"pesos Guineea-Bissau","other":"pesos Guineea-Bissau"}},"GYD":{"name":"dolar guyanez","pluralName":{"one":"dolar guyanez","few":"dolari guyanezi","other":"dolari guyanezi"},"symbolNarrow":"$"},"HKD":{"name":"dolar din Hong Kong","pluralName":{"one":"dolar din Hong Kong","few":"dolari din Hong Kong","other":"dolari din Hong Kong"},"symbolNarrow":"$"},"HNL":{"name":"lempira honduriană","pluralName":{"one":"lempiră honduriană","few":"lempire honduriene","other":"lempire honduriene"},"symbolNarrow":"L"},"HRD":{"name":"dinar croat","pluralName":{"one":"dinar croat","few":"dinari croați","other":"dinari croați"}},"HRK":{"name":"kuna croată","pluralName":{"one":"kuna croată","few":"kune croate","other":"kune croate"},"symbolNarrow":"kn"},"HTG":{"name":"gourde din Haiti","pluralName":{"one":"gourde din Haiti","few":"gourde din Haiti","other":"gourde din Haiti"}},"HUF":{"name":"forint maghiar","pluralName":{"one":"forint maghiar","few":"forinți maghiari","other":"forinți maghiari"},"symbolNarrow":"Ft"},"IDR":{"name":"rupie indoneziană","pluralName":{"one":"rupie indoneziană","few":"rupii indoneziene","other":"rupii indoneziene"},"symbolNarrow":"Rp"},"IEP":{"name":"liră irlandeză","pluralName":{"one":"liră irlandeză","few":"lire irlandeze","other":"lire irlandeze"}},"ILP":{"name":"liră israeliană","pluralName":{"one":"liră israeliană","few":"lire israeliene","other":"lire israeliene"}},"ILS":{"name":"șechel israelian nou","pluralName":{"one":"șechel israelian nou","few":"șecheli israelieni noi","other":"șecheli israelieni noi"},"symbolNarrow":"₪"},"INR":{"name":"rupie indiană","pluralName":{"one":"rupie indiană","few":"rupii indiene","other":"rupii indiene"},"symbolNarrow":"₹"},"IQD":{"name":"dinar irakian","pluralName":{"one":"dinar irakian","few":"dinari irakieni","other":"dinari irakieni"}},"IRR":{"name":"rial iranian","pluralName":{"one":"rial iranian","few":"riali iranieni","other":"riali iranieni"}},"ISK":{"name":"coroană islandeză","pluralName":{"one":"coroană islandeză","few":"coroane islandeze","other":"coroane islandeze"},"symbolNarrow":"kr"},"ITL":{"name":"liră italiană","pluralName":{"one":"liră italiană","few":"lire italiene","other":"lire italiene"}},"JMD":{"name":"dolar jamaican","pluralName":{"one":"dolar jamaican","few":"dolari jamaicani","other":"dolari jamaicani"},"symbolNarrow":"$"},"JOD":{"name":"dinar iordanian","pluralName":{"one":"dinar iordanian","few":"dinari iordanieni","other":"dinari iordanieni"}},"JPY":{"name":"yen japonez","pluralName":{"one":"yen japonez","few":"yeni japonezi","other":"yeni japonezi"},"symbolNarrow":"¥"},"KES":{"name":"șiling kenyan","pluralName":{"one":"șiling kenyan","few":"șilingi kenyeni","other":"șilingi kenyeni"}},"KGS":{"name":"som kârgâz","pluralName":{"one":"som kârgâz","few":"somi kârgâzi","other":"somi kârgâzi"}},"KHR":{"name":"riel cambodgian","pluralName":{"one":"riel cambodgian","few":"rieli cambodgieni","other":"rieli cambodgieni"},"symbolNarrow":"៛"},"KMF":{"name":"franc comorian","pluralName":{"one":"franc comorian","few":"franci comorieni","other":"franci comorieni"},"symbolNarrow":"CF"},"KPW":{"name":"won nord-coreean","pluralName":{"one":"won nord-coreean","few":"woni nord-coreeni","other":"woni nord-coreeni"},"symbolNarrow":"₩"},"KRH":{"name":"KRH"},"KRO":{"name":"KRO"},"KRW":{"name":"won sud-coreean","pluralName":{"one":"won sud-coreean","few":"woni sud-coreeni","other":"woni sud-coreeni"},"symbolNarrow":"₩"},"KWD":{"name":"dinar kuweitian","pluralName":{"one":"dinar kuweitian","few":"dinari kuweitieni","other":"dinari kuweitieni"}},"KYD":{"name":"dolar din Insulele Cayman","pluralName":{"one":"dolar din Insulele Cayman","few":"dolari din Insulele Cayman","other":"dolari din Insulele Cayman"},"symbolNarrow":"$"},"KZT":{"name":"tenge kazahă","pluralName":{"one":"tenge kazahă","few":"tenge kazahe","other":"tenge kazahe"},"symbolNarrow":"₸"},"LAK":{"name":"kip laoțian","pluralName":{"one":"kip laoțian","few":"kipi laoțieni","other":"kipi laoțieni"},"symbolNarrow":"₭"},"LBP":{"name":"liră libaneză","pluralName":{"one":"liră libaneză","few":"lire libaneze","other":"lire libaneze"},"symbolNarrow":"L£"},"LKR":{"name":"rupie din Sri Lanka","pluralName":{"one":"rupie din Sri Lanka","few":"rupii din Sri Lanka","other":"rupii Sri Lanka"},"symbolNarrow":"Rs"},"LRD":{"name":"dolar liberian","pluralName":{"one":"dolar liberian","few":"dolari liberieni","other":"dolari liberieni"},"symbolNarrow":"$"},"LSL":{"name":"loti lesothian"},"LTL":{"name":"litu lituanian","pluralName":{"one":"litu lituanian","few":"lite lituaniene","other":"lite lituaniene"},"symbolNarrow":"Lt"},"LTT":{"name":"LTT"},"LUC":{"name":"franc convertibil luxemburghez","pluralName":{"one":"franc convertibil luxemburghez","few":"franci convertibili luxemburghezi","other":"franci convertibili luxemburghezi"}},"LUF":{"name":"franc luxemburghez","pluralName":{"one":"franc luxemburghez","few":"franci luxemburghezi","other":"franci luxemburghezi"}},"LUL":{"name":"franc financiar luxemburghez","pluralName":{"one":"franc financiar luxemburghez","few":"franci financiari luxemburghezi","other":"franci financiari luxemburghezi"}},"LVL":{"name":"lats letonian","pluralName":{"one":"lats letonian","few":"lats letonieni","other":"lats letonieni"},"symbolNarrow":"Ls"},"LVR":{"name":"rublă Letonia","pluralName":{"one":"rublă Letonia","few":"ruble Letonia","other":"ruble Letonia"}},"LYD":{"name":"dinar libian","pluralName":{"one":"dinar libian","few":"dinari libieni","other":"dinari libieni"}},"MAD":{"name":"dirham marocan","pluralName":{"one":"dirham marocan","few":"dirhami marocani","other":"dirhami marocani"}},"MAF":{"name":"franc marocan","pluralName":{"one":"franc marocan","few":"franci marocani","other":"franci marocani"}},"MCF":{"name":"MCF"},"MDC":{"name":"MDC"},"MDL":{"name":"leu moldovenesc","pluralName":{"one":"leu moldovenesc","few":"lei moldovenești","other":"lei moldovenești"}},"MGA":{"name":"ariary malgaș","pluralName":{"one":"ariary malgaș","few":"ariary malgași","other":"ariary malgași"},"symbolNarrow":"Ar"},"MGF":{"name":"franc Madagascar","pluralName":{"one":"franc Madagascar","few":"franci Madagascar","other":"franci Madagascar"}},"MKD":{"name":"dinar macedonean","pluralName":{"one":"dinar macedonean","few":"dinari macedoneni","other":"dinari macedoneni"}},"MKN":{"name":"MKN"},"MLF":{"name":"franc Mali","pluralName":{"one":"franc Mali","few":"franci Mali","other":"franci Mali"}},"MMK":{"name":"kyat din Myanmar","pluralName":{"one":"kyat din Myanmar","few":"kyați din Myanmar","other":"kyați din Myanmar"},"symbolNarrow":"K"},"MNT":{"name":"tugrik mongol","pluralName":{"one":"tugrik mongol","few":"tugrici mongoli","other":"tugrici mongoli"},"symbolNarrow":"₮"},"MOP":{"name":"pataca din Macao","pluralName":{"one":"pataca din Macao","few":"pataca din Macao","other":"pataca din Macao"}},"MRO":{"name":"ouguiya mauritană","pluralName":{"one":"ouguiya mauritană","few":"ouguiya mauritane","other":"ouguiya mauritane"}},"MTL":{"name":"liră malteză","pluralName":{"one":"liră malteză","few":"lire malteze","other":"lire malteze"}},"MTP":{"name":"MTP"},"MUR":{"name":"rupie mauritiană","pluralName":{"one":"rupie mauritiană","few":"rupii mauritiene","other":"rupii mauritiene"},"symbolNarrow":"Rs"},"MVR":{"name":"rufiyaa maldiviană","pluralName":{"one":"rufiyaa maldiviană","few":"rufiyaa maldiviene","other":"rufiyaa maldiviene"}},"MWK":{"name":"kwacha malawiană","pluralName":{"one":"kwacha malawiană","few":"kwache malawiene","other":"kwache malawiene"}},"MXN":{"name":"peso mexican","pluralName":{"one":"peso mexican","few":"pesos mexicani","other":"pesos mexicani"},"symbolNarrow":"$"},"MXP":{"name":"peso mexican de argint (1861–1992)","pluralName":{"one":"peso mexican de argint (1861–1992)","few":"pesos mexicani de argint (1861–1992","other":"pesos mexicani de argint (1861–1992)"}},"MXV":{"name":"MXV"},"MYR":{"name":"ringgit malaiezian","pluralName":{"one":"ringgit malaiezian","few":"ringgit malaiezieni","other":"ringgit malaiezieni"},"symbolNarrow":"RM"},"MZE":{"name":"escudo Mozambic"},"MZM":{"name":"metical Mozambic vechi"},"MZN":{"name":"metical mozambican","pluralName":{"one":"metical mozambican","few":"metical mozambicani","other":"metical mozambicani"}},"NAD":{"name":"dolar namibian","pluralName":{"one":"dolar namibian","few":"dolari namibieni","other":"dolari namibieni"},"symbolNarrow":"$"},"NGN":{"name":"naira nigeriană","pluralName":{"one":"naira nigeriană","few":"naire nigeriene","other":"naire nigeriene"},"symbolNarrow":"₦"},"NIC":{"name":"cordoba nicaraguană (1988–1991)"},"NIO":{"name":"cordoba nicaraguană","pluralName":{"one":"cordoba nicaraguană","few":"cordobe nicaraguane","other":"cordobe nicaraguane"},"symbolNarrow":"C$"},"NLG":{"name":"gulden olandez","pluralName":{"one":"gulden olandez","few":"guldeni olandezi","other":"guldeni olandezi"}},"NOK":{"name":"coroană norvegiană","pluralName":{"one":"coroană norvegiană","few":"coroane norvegiene","other":"coroane norvegiene"},"symbolNarrow":"kr"},"NPR":{"name":"rupie nepaleză","pluralName":{"one":"rupie nepaleză","few":"rupii nepaleze","other":"rupii nepaleze"},"symbolNarrow":"Rs"},"NZD":{"name":"dolar neozeelandez","pluralName":{"one":"dolar neozeelandez","few":"dolari neozeelandezi","other":"dolari neozeelandezi"},"symbolNarrow":"$"},"OMR":{"name":"rial omanez","pluralName":{"one":"rial omanez","few":"riali omanezi","other":"riali omanezi"}},"PAB":{"name":"balboa panameză","pluralName":{"one":"balboa panameză","few":"balboa panameze","other":"balboa panameze"}},"PEI":{"name":"inti peruvian"},"PEN":{"name":"sol nou peruvian","pluralName":{"one":"sol nou peruvian","few":"soli noi peruvieni","other":"soli noi peruvieni"}},"PES":{"name":"sol peruvian (1863–1965)","pluralName":{"one":"sol peruvian (1863–1965)","few":"soli Peru (1863–1965)","other":"soli Peru (1863–1965)"}},"PGK":{"name":"kina din Papua-Noua Guinee","pluralName":{"one":"kina din Papua-Noua Guinee","few":"kina din Papua-Noua Guinee","other":"kina din Papua-Noua Guinee"}},"PHP":{"name":"peso filipinez","pluralName":{"one":"peso filipinez","few":"pesos filipinezi","other":"pesos filipinezi"},"symbolNarrow":"₱"},"PKR":{"name":"rupie pakistaneză","pluralName":{"one":"rupie pakistaneză","few":"rupii pakistaneze","other":"rupii pakistaneze"},"symbolNarrow":"Rs"},"PLN":{"name":"zlot polonez","pluralName":{"one":"zlot polonez","few":"zloți polonezi","other":"zloți polonezi"},"symbolNarrow":"zł"},"PLZ":{"name":"zlot polonez (1950–1995)","pluralName":{"one":"zlot polonez (1950–1995)","few":"zloți polonezi (1950–1995)","other":"zloți polonezi (1950–1995)"}},"PTE":{"name":"PTE"},"PYG":{"name":"guarani paraguayan","pluralName":{"one":"guarani paraguayan","few":"guarani paraguayeni","other":"guarani paraguayeni"},"symbolNarrow":"₲"},"QAR":{"name":"rial qatarian","pluralName":{"one":"rial qatarian","few":"riali qatarieni","other":"riali qatarieni"}},"RHD":{"name":"dolar rhodesian","pluralName":{"one":"dolar rhodesian","few":"dolari rhodesieni","other":"dolari rhodesieni"}},"ROL":{"name":"leu românesc (1952–2006)","pluralName":{"one":"leu românesc (1952–2006)","few":"lei românești (1952–2006)","other":"lei românești (1952–2006)"}},"RON":{"name":"leu românesc","pluralName":{"one":"leu românesc","few":"lei românești","other":"lei românești"}},"RSD":{"name":"dinar sârbesc","pluralName":{"one":"dinar sârbesc","few":"dinari sârbești","other":"dinari sârbești"}},"RUB":{"name":"rublă rusească","pluralName":{"one":"rublă rusească","few":"ruble rusești","other":"ruble rusești"},"symbolAlt":"₽"},"RUR":{"name":"RUR","symbolNarrow":"р."},"RWF":{"name":"franc rwandez","pluralName":{"one":"franc rwandez","few":"franci rwandezi","other":"franci rwandezi"},"symbolNarrow":"RF"},"SAR":{"name":"rial saudit","pluralName":{"one":"rial saudit","few":"riali saudiți","other":"riali saudiți"}},"SBD":{"name":"dolar din Insulele Solomon","pluralName":{"one":"dolar din Insulele Solomon","few":"dolari din Insulele Solomon","other":"dolari din Insulele Solomon"},"symbolNarrow":"$"},"SCR":{"name":"rupie din Seychelles","pluralName":{"one":"rupie din Seychelles","few":"rupii din Seychelles","other":"rupii din Seychelles"}},"SDD":{"name":"dinar sudanez","pluralName":{"one":"dinar sudanez","few":"dinari sudanezi","other":"dinari sudanezi"}},"SDG":{"name":"liră sudaneză","pluralName":{"one":"liră sudaneză","few":"lire sudaneze","other":"lire sudaneze"}},"SDP":{"name":"liră sudaneză (1957–1998)","pluralName":{"one":"liră sudaneză (1957–1998)","few":"lire sudaneze (1957–1998)","other":"lire sudaneze (1957–1998)"}},"SEK":{"name":"coroană suedeză","pluralName":{"one":"coroană suedeză","few":"coroane suedeze","other":"coroane suedeze"},"symbolNarrow":"kr"},"SGD":{"name":"dolar Singapore","pluralName":{"one":"dolar Singapore","few":"dolari Singapore","other":"dolari Singapore"},"symbolNarrow":"$"},"SHP":{"name":"liră Insula Sf. Elena","pluralName":{"one":"liră Insula Sf. Elena","few":"lire Insula Sf. Elena","other":"lire Insula Sf. Elena"},"symbolNarrow":"£"},"SIT":{"name":"tolar sloven","pluralName":{"one":"tolar sloven","few":"tolari sloveni","other":"tolari sloveni"}},"SKK":{"name":"coroană slovacă","pluralName":{"one":"coroană slovacă","few":"coroane slovace","other":"coroane slovace"}},"SLL":{"name":"leone din Sierra Leone","pluralName":{"one":"leone din Sierra Leone","few":"leoni din Sierra Leone","other":"leoni din Sierra Leone"}},"SOS":{"name":"șiling somalez","pluralName":{"one":"șiling somalez","few":"șilingi somalezi","other":"șilingi somalezi"}},"SRD":{"name":"dolar surinamez","pluralName":{"one":"dolar surinamez","few":"dolari surinamezi","other":"dolari surinamezi"},"symbolNarrow":"$"},"SRG":{"name":"gulden Surinam","pluralName":{"one":"gulden Surinam","few":"guldeni Surinam","other":"guldeni Surinam"}},"SSP":{"name":"liră sud-sudaneză","pluralName":{"one":"liră sud-sudaneză","few":"lire sud-sudaneze","other":"lire sud-sudaneze"},"symbolNarrow":"£"},"STD":{"name":"dobra Sao Tome și Principe","pluralName":{"one":"dobra Sao Tome și Principe","few":"dobre Sao Tome și Principe","other":"dobre Sao Tome și Principe"},"symbolNarrow":"Db"},"SUR":{"name":"rublă sovietică","pluralName":{"one":"rublă sovietică","few":"ruble sovietice","other":"ruble sovietice"}},"SVC":{"name":"colon El Salvador","pluralName":{"one":"colon El Salvador","few":"coloni El Salvador","other":"coloni El Salvador"}},"SYP":{"name":"liră siriană","pluralName":{"one":"liră siriană","few":"lire siriene","other":"lire siriene"},"symbolNarrow":"£"},"SZL":{"name":"lilangeni din Swaziland","pluralName":{"one":"lilangeni din Swaziland","few":"emalangeni din Swaziland","other":"emalangeni din Swaziland"}},"THB":{"name":"baht thailandez","pluralName":{"one":"baht thailandez","few":"bahți thailandezi","other":"bahți thailandezi"},"symbolNarrow":"฿"},"TJR":{"name":"rublă Tadjikistan","pluralName":{"one":"rublă Tadjikistan","few":"ruble Tadjikistan","other":"ruble Tadjikistan"}},"TJS":{"name":"somoni tadjic","pluralName":{"one":"somoni tajdic","few":"somoni tadjici","other":"somoni tadjici"}},"TMM":{"name":"manat turkmen (1993–2009)","pluralName":{"one":"manat turkmen (1993–2009)","few":"manat turkmeni (1993–2009)","other":"manat turkmeni (1993–2009)"}},"TMT":{"name":"manat turkmen","pluralName":{"one":"manat turkmen","few":"manat turkmeni","other":"manat turkmeni"}},"TND":{"name":"dinar tunisian","pluralName":{"one":"dinar tunisian","few":"dinari tunisieni","other":"dinari tunisieni"}},"TOP":{"name":"pa’anga tongană","pluralName":{"one":"pa’anga tongană","few":"pa’anga tongane","other":"pa’anga tongane"},"symbolNarrow":"T$"},"TPE":{"name":"TPE"},"TRL":{"name":"liră turcească (1922–2005)","pluralName":{"one":"liră turcească (1922–2005)","few":"liră turcească (1922–2005)","other":"lire turcești (1922–2005)"}},"TRY":{"name":"liră turcească","pluralName":{"one":"liră turcească","few":"lire turcești","other":"lire turcești"},"symbolNarrow":"₺","symbolAlt":"TL"},"TTD":{"name":"dolar din Trinidad-Tobago","pluralName":{"one":"dolar din Trinidad-Tobago","few":"dolari din Trinidad-Tobago","other":"dolari din Trinidad-Tobago"},"symbolNarrow":"$"},"TWD":{"name":"dolar nou din Taiwan","pluralName":{"one":"dolar nou din Taiwan","few":"dolari noi din Taiwan","other":"dolari noi Taiwan"},"symbolNarrow":"NT$"},"TZS":{"name":"șiling tanzanian","pluralName":{"one":"șiling tanzanian","few":"șilingi tanzanieni","other":"șilingi tanzanieni"}},"UAH":{"name":"hryvna ucraineană","pluralName":{"one":"hryvna ucrainiană","few":"hryvna ucrainiene","other":"hryvna ucrainiene"},"symbolNarrow":"₴"},"UAK":{"name":"carboavă ucraineană","pluralName":{"one":"carboavă ucraineană","few":"carboave ucrainiene","other":"carboave ucrainiene"}},"UGS":{"name":"șiling ugandez (1966–1987)","pluralName":{"one":"șiling ugandez (1966–1987)","few":"șilingi ugandezi (1966–1987)","other":"șilingi ugandezi (1966–1987)"}},"UGX":{"name":"șiling ugandez","pluralName":{"one":"șiling ugandez","few":"șilingi ugandezi","other":"șilingi ugandezi"}},"USD":{"name":"dolar american","pluralName":{"one":"dolar american","few":"dolari americani","other":"dolari americani"},"symbolNarrow":"$"},"USN":{"name":"dolar american (ziua următoare)","pluralName":{"one":"dolar american (ziua următoare)","few":"dolari americani (ziua următoare)","other":"dolari americani (ziua următoare)"}},"USS":{"name":"dolar american (aceeași zi)","pluralName":{"one":"dolar american (aceeași zi)","few":"dolari americani (aceeași zi)","other":"dolari americani (aceeași zi)"}},"UYI":{"name":"UYI"},"UYP":{"name":"peso Uruguay (1975–1993)","pluralName":{"one":"peso Uruguay (1975–1993)","few":"pesos Uruguay (1975–1993)","other":"pesos Uruguay (1975–1993)"}},"UYU":{"name":"peso uruguayan","pluralName":{"one":"peso uruguayan","few":"pesos uruguayeni","other":"pesos uruguayeni"},"symbolNarrow":"$"},"UZS":{"name":"sum Uzbekistan","pluralName":{"one":"sum Uzbekistan","few":"sum Uzbekistan","other":"sum Uzbekistan"}},"VEB":{"name":"bolivar Venezuela (1871–2008)","pluralName":{"one":"bolivar Venezuela (1871–2008)","few":"bolivari Venezuela (1871–2008)","other":"bolivari Venezuela (1871–2008)"}},"VEF":{"name":"bolivar venezuelean","pluralName":{"one":"bolivar venezuelean","few":"bolivari venezueleni","other":"bolivari venezueleni"},"symbolNarrow":"Bs"},"VND":{"name":"dong vietnamez","pluralName":{"one":"dong vietnamez","few":"dongi vietnamezi","other":"dongi vietnamezi"},"symbolNarrow":"₫"},"VNN":{"name":"VNN"},"VUV":{"name":"vatu din Vanuatu","pluralName":{"one":"vatu din Vanuatu","few":"vatu din Vanuatu","other":"vatu din Vanuatu"}},"WST":{"name":"tala samoană","pluralName":{"one":"tala samoană","few":"tala samoane","other":"tala samoană"}},"XAF":{"symbol":"FCFA","name":"franc CFA BEAC","pluralName":{"one":"franc CFA BEAC","few":"franci CFA BEAC","other":"franci Comunitatea Financiară"}},"XAG":{"name":"argint"},"XAU":{"name":"aur"},"XBA":{"name":"unitate compusă europeană"},"XBB":{"name":"unitate monetară europeană"},"XBC":{"name":"unitate de cont europeană (XBC)"},"XBD":{"name":"unitate de cont europeană (XBD)"},"XCD":{"name":"dolar din Caraibele de Est","pluralName":{"one":"dolar din Caraibele de Est","few":"dolari din Caraibele de Est","other":"dolari din Caraibele de Est"},"symbolNarrow":"$"},"XDR":{"name":"drepturi speciale de tragere"},"XEU":{"name":"unitate de monedă europeană"},"XFO":{"name":"franc francez de aur","pluralName":{"one":"franc francez de aur","few":"franci francezi de aur","other":"franci francezi de aur"}},"XFU":{"name":"franc UIC francez"},"XOF":{"symbol":"CFA","name":"franc CFA BCEAO","pluralName":{"one":"franc CFA BCEAO","few":"franci CFA BCEAO","other":"franci CFA BCEAO"}},"XPD":{"name":"paladiu"},"XPF":{"symbol":"CFPF","name":"franc CFP","pluralName":{"one":"franc CFP","few":"franci CFP","other":"franci CFP"}},"XPT":{"name":"platină"},"XRE":{"name":"XRE"},"XSU":{"name":"XSU"},"XTS":{"name":"cod monetar de test"},"XUA":{"name":"XUA"},"XXX":{"name":"monedă necunoscută","pluralName":{"one":"(unitate monetară necunoscută)","few":"(monedă necunoscută)","other":"(monedă necunoscută)"}},"YDD":{"name":"dinar Yemen","pluralName":{"one":"dinar Yemen","few":"dinari Yemen","other":"dinari Yemen"}},"YER":{"name":"rial yemenit","pluralName":{"one":"rial yemenit","few":"riali yemeniți","other":"riali yemeniți"}},"YUD":{"name":"dinar iugoslav greu","pluralName":{"one":"dinar iugoslav greu","few":"dinari iugoslavi grei","other":"dinari iugoslavi grei"}},"YUM":{"name":"dinar iugoslav nou","pluralName":{"one":"dinar iugoslav nou","few":"dinari iugoslavi noi","other":"dinari iugoslavi noi"}},"YUN":{"name":"dinar iugoslav convertibil","pluralName":{"one":"dinar iugoslav convertibil","few":"dinari iugoslavi convertibili","other":"dinari iugoslavi convertibili"}},"YUR":{"name":"YUR"},"ZAL":{"name":"rand sud-african (financiar)"},"ZAR":{"name":"rand sud-african","pluralName":{"one":"rand sud-african","few":"ranzi sud-africani","other":"ranzi sud-africani"},"symbolNarrow":"R"},"ZMK":{"name":"kwacha zambian (1968–2012)","pluralName":{"one":"kwacha zambiană (1968–2012)","few":"kwache zambiene (1968–2012)","other":"kwache zambiene (1968–2012)"}},"ZMW":{"name":"kwacha zambian","pluralName":{"one":"kwacha zambian","few":"kwache zambiene","other":"kwache zambiene"},"symbolNarrow":"ZK"},"ZRN":{"name":"zair nou","pluralName":{"one":"zair nou","few":"zairi noi","other":"zairi noi"}},"ZRZ":{"name":"ZRZ"},"ZWD":{"name":"dolar Zimbabwe (1980–2008)","pluralName":{"one":"dolar Zimbabwe (1980–2008)","few":"dolari Zimbabwe (1980–2008)","other":"dolari Zimbabwe (1980–2008)"}},"ZWL":{"name":"dolar Zimbabwe (2009)"},"ZWR":{"name":"dolar Zimbabwe (2008)"},"ALK":{"name":"Albanian Lek (1946–1965)","pluralName":{"one":"Albanian lek (1946–1965)","other":"Albanian lekë (1946–1965)"}},"CNX":{"name":"Chinese People’s Bank Dollar","pluralName":{"one":"Chinese People’s Bank dollar","other":"Chinese People’s Bank dollars"}},"ILR":{"name":"Israeli Sheqel (1980–1985)","pluralName":{"one":"Israeli sheqel (1980–1985)","other":"Israeli sheqels (1980–1985)"}},"ISJ":{"name":"Icelandic Króna (1918–1981)","pluralName":{"one":"Icelandic króna (1918–1981)","other":"Icelandic krónur (1918–1981)"}},"MVP":{"name":"Maldivian Rupee (1947–1981)","pluralName":{"one":"Maldivian rupee (1947–1981)","other":"Maldivian rupees (1947–1981)"}}}