{"aa":"afar","ab":"abhază","ace":"aceh","ach":"acoli","ada":"adangme","ady":"adyghe","ae":"avestană","aeb":"aeb","af":"afrikaans","afh":"afrihili","agq":"aghem","ain":"ainu","ak":"akan","akk":"akkadiană","akz":"akz","ale":"aleută","aln":"aln","alt":"altaică meridională","am":"amharică","an":"aragoneză","ang":"engleză veche","anp":"angika","ar":"arabă","ar-001":"arabă standard modernă","arc":"aramaică","arn":"araucaniană","aro":"aro","arp":"arapaho","arq":"arq","arw":"arawak","ary":"ary","arz":"arz","as":"asameză","asa":"asu","ase":"ase","ast":"asturiană","av":"avară","avk":"avk","awa":"awadhi","ay":"aymara","az":"azeră","az-alt-short":"azeră","azb":"azb","ba":"bașkiră","bal":"baluchi","ban":"balineză","bar":"bar","bas":"basaa","bax":"bamun","bbc":"bbc","bbj":"ghomala","be":"bielorusă","bej":"beja","bem":"bemba","bew":"bew","bez":"bena","bfd":"bafut","bfq":"bfq","bg":"bulgară","bho":"bhojpuri","bi":"bislama","bik":"bikol","bin":"bini","bjn":"bjn","bkm":"kom","bla":"siksika","bm":"bambara","bn":"bengaleză","bo":"tibetană","bpy":"bpy","bqi":"bqi","br":"bretonă","bra":"braj","brh":"brh","brx":"bodo","bs":"bosniacă","bss":"akoose","bua":"buriat","bug":"bugineză","bum":"bulu","byn":"blin","byv":"medumba","ca":"catalană","cad":"caddo","car":"carib","cay":"cayuga","cch":"atsam","ce":"cecenă","ceb":"cebuano","cgg":"chiga","ch":"chamorro","chb":"chibcha","chg":"chagatai","chk":"chuukese","chm":"mari","chn":"jargon chinook","cho":"choctaw","chp":"chipewyan","chr":"cherokee","chy":"cheyenne","ckb":"kurdă sorani","co":"corsicană","cop":"coptă","cps":"cps","cr":"cree","crh":"turcă crimeeană","cs":"cehă","csb":"cașubiană","cu":"slavonă","cv":"ciuvașă","cy":"galeză","da":"daneză","dak":"dakota","dar":"dargwa","dav":"taita","de":"germană","de-AT":"germană austriacă","de-CH":"germană standard elvețiană","del":"delaware","den":"slave","dgr":"dogrib","din":"dinka","dje":"zarma","doi":"dogri","dsb":"sorabă de jos","dtp":"dtp","dua":"duala","dum":"olandeză mijlocie","dv":"divehi","dyo":"jola-fonyi","dyu":"dyula","dz":"dzongkha","dzg":"dazaga","ebu":"embu","ee":"ewe","efi":"efik","egl":"egl","egy":"egipteană veche","eka":"ekajuk","el":"greacă","elx":"elamită","en":"engleză","en-AU":"engleză australiană","en-CA":"engleză canadiană","en-GB":"engleză britanică","en-GB-alt-short":"engleză britanică","en-US":"engleză americană","en-US-alt-short":"engleză (S.U.A)","enm":"engleză mijlocie","eo":"esperanto","es":"spaniolă","es-419":"spaniolă latino-americană","es-ES":"spaniolă europeană","es-MX":"spaniolă mexicană","esu":"esu","et":"estoniană","eu":"bască","ewo":"ewondo","ext":"ext","fa":"persană","fan":"fang","fat":"fanti","ff":"fulah","fi":"finlandeză","fil":"filipineză","fit":"fit","fj":"fijiană","fo":"faroeză","fon":"fon","fr":"franceză","fr-CA":"franceză canadiană","fr-CH":"franceză elvețiană","frc":"frc","frm":"franceză mijlocie","fro":"franceză veche","frp":"frp","frr":"frizonă nordică","frs":"frizonă orientală","fur":"friulană","fy":"frizonă occidentală","ga":"irlandeză","gaa":"ga","gag":"găgăuză","gan":"gan","gay":"gayo","gba":"gbaya","gbz":"gbz","gd":"gaelică scoțiană","gez":"geez","gil":"gilbertină","gl":"galiciană","glk":"glk","gmh":"germană mijlocie înaltă","gn":"guarani","goh":"germană veche înaltă","gom":"gom","gon":"gondi","gor":"gorontalo","got":"gotică","grb":"grebo","grc":"greacă veche","gsw":"germană elvețiană","gu":"gujarati","guc":"guc","gur":"gur","guz":"gusii","gv":"manx","gwi":"gwichʼin","ha":"hausa","hai":"haida","hak":"hak","haw":"hawaiiană","he":"ebraică","hi":"hindi","hif":"hif","hil":"hiligaynon","hit":"hitită","hmn":"hmong","ho":"hiri motu","hr":"croată","hsb":"sorabă de sus","hsn":"hsn","ht":"haitiană","hu":"maghiară","hup":"hupa","hy":"armeană","hz":"herero","ia":"interlingua","iba":"iban","ibb":"ibibio","id":"indoneziană","ie":"interlingue","ig":"igbo","ii":"sichuan yi","ik":"inupiak","ilo":"iloko","inh":"ingușă","io":"ido","is":"islandeză","it":"italiană","iu":"inuktitut","izh":"izh","ja":"japoneză","jam":"jam","jbo":"lojban","jgo":"ngomba","jmc":"machame","jpr":"iudeo-persană","jrb":"iudeo-arabă","jut":"jut","jv":"javaneză","ka":"georgiană","kaa":"karakalpak","kab":"kabyle","kac":"kachin","kaj":"jju","kam":"kamba","kaw":"kawi","kbd":"kabardian","kbl":"kanembu","kcg":"tyap","kde":"makonde","kea":"kabuverdianu","ken":"ken","kfo":"koro","kg":"congoleză","kgp":"kgp","kha":"khasi","kho":"limbp khotaneză","khq":"koyra chiini","khw":"khw","ki":"kikuyu","kiu":"kiu","kj":"kuanyama","kk":"kazahă","kkj":"kako","kl":"kalaallisut","kln":"kalenjin","km":"khmeră","kmb":"kimbundu","kn":"kannada","ko":"coreeană","koi":"komi-permiak","kok":"konkani","kos":"kosrae","kpe":"kpelle","kr":"kanuri","krc":"karaceai-balkar","kri":"kri","krj":"krj","krl":"kareliană","kru":"kurukh","ks":"cașmiră","ksb":"shambala","ksf":"bafia","ksh":"kölsch","ku":"kurdă","kum":"kumyk","kut":"kutenai","kv":"komi","kw":"cornică","ky":"kârgâză","la":"latină","lad":"ladino","lag":"langi","lah":"lahnda","lam":"lamba","lb":"luxemburgheză","lez":"lezghian","lfn":"lfn","lg":"ganda","li":"limburgheză","lij":"lij","liv":"liv","lkt":"lakota","lmo":"lmo","ln":"lingala","lo":"laoțiană","lol":"mongo","loz":"lozi","lt":"lituaniană","ltg":"ltg","lu":"luba-katanga","lua":"luba-lulua","lui":"luiseno","lun":"lunda","luo":"luo","lus":"lusahi","luy":"luyia","lv":"letonă","lzh":"lzh","lzz":"lzz","mad":"madureză","maf":"mafa","mag":"magahi","mai":"maithili","mak":"makasar","man":"mandingo","mas":"masai","mde":"maba","mdf":"moksha","mdr":"mandar","men":"mende","mer":"meru","mfe":"morisyen","mg":"malgașă","mga":"irlandeză mijlocie","mgh":"makhuwa-meetto","mgo":"meta’","mh":"marshalleză","mi":"maori","mic":"micmac","min":"minangkabau","mk":"macedoneană","ml":"malayalam","mn":"mongolă","mnc":"manciuriană","mni":"manipur","moh":"mohawk","mos":"mossi","mr":"marathi","mrj":"mrj","ms":"malaeză","mt":"malteză","mua":"mundang","mul":"limbi multiple","mus":"creek","mwl":"mirandeză","mwr":"marwari","mwv":"mwv","my":"birmaneză","mye":"myene","myv":"erzya","mzn":"mzn","na":"nauru","nan":"nan","nap":"napolitană","naq":"nama","nb":"norvegiană bokmål","nd":"ndebele de nord","nds":"germana de jos","ne":"nepaleză","new":"newari","ng":"ndonga","nia":"nias","niu":"niueană","njo":"njo","nl":"olandeză","nl-BE":"flamandă","nmg":"kwasio","nn":"norvegiană nynorsk","nnh":"ngiemboon","no":"norvegiană","nog":"nogai","non":"nordică veche","nov":"nov","nqo":"n’ko","nr":"ndebele de sud","nso":"sotho de nord","nus":"nuer","nv":"navajo","nwc":"newari clasică","ny":"nyanja","nym":"nyamwezi","nyn":"nyankole","nyo":"nyoro","nzi":"nzima","oc":"occitană","oj":"ojibwa","om":"oromo","or":"oriya","os":"osetă","osa":"osage","ota":"turcă otomană","pa":"punjabi","pag":"pangasinan","pal":"pahlavi","pam":"pampanga","pap":"papiamento","pau":"palauană","pcd":"pcd","pdc":"pdc","pdt":"pdt","peo":"persană veche","pfl":"pfl","phn":"feniciană","pi":"pali","pl":"poloneză","pms":"pms","pnt":"pnt","pon":"pohnpeiană","prg":"prg","pro":"provensală veche","ps":"paștună","ps-alt-variant":"pushto","pt":"portugheză","pt-BR":"portugheză braziliană","pt-PT":"portugheză europeană","qu":"quechua","quc":"kʼicheʼ","qug":"qug","raj":"rajasthani","rap":"rapanui","rar":"rarotongan","rgn":"rgn","rif":"rif","rm":"romanșă","rn":"kirundi","ro":"română","ro-MD":"moldovenească","rof":"rombo","rom":"romani","root":"root","rtm":"rtm","ru":"rusă","rue":"rue","rug":"rug","rup":"aromână","rw":"kinyarwanda","rwk":"rwa","sa":"sanscrită","sad":"sandawe","sah":"sakha","sam":"aramaică samariteană","saq":"samburu","sas":"sasak","sat":"santali","saz":"saz","sba":"ngambay","sbp":"sangu","sc":"sardiniană","scn":"siciliană","sco":"scots","sd":"sindhi","sdc":"sdc","se":"sami de nord","see":"seneca","seh":"sena","sei":"sei","sel":"selkup","ses":"koyraboro Senni","sg":"sango","sga":"irlandeză veche","sgs":"sgs","sh":"sârbo-croată","shi":"tachelhit","shn":"shan","shu":"arabă ciadiană","si":"singhaleză","sid":"sidamo","sk":"slovacă","sl":"slovenă","sli":"sli","sly":"sly","sm":"samoană","sma":"sami de sud","smj":"lule sami","smn":"inari sami","sms":"skolt sami","sn":"shona","snk":"soninke","so":"somaleză","sog":"sogdien","sq":"albaneză","sr":"sârbă","srn":"sranan tongo","srr":"serer","ss":"swati","ssy":"saho","st":"sesotho","stq":"stq","su":"sundaneză","suk":"sukuma","sus":"susu","sux":"sumeriană","sv":"suedeză","sw":"swahili","swb":"comoreză","swc":"swahili Congo","syc":"siriacă clasică","syr":"siriacă","szl":"szl","ta":"tamilă","tcy":"tcy","te":"telugu","tem":"timne","teo":"teso","ter":"tereno","tet":"tetum","tg":"tadjică","th":"thailandeză","ti":"tigrină","tig":"tigre","tiv":"tiv","tk":"turkmenă","tkl":"tokelau","tkr":"tkr","tl":"tagalog","tlh":"klingoniană","tli":"tlingit","tly":"tly","tmh":"tamashek","tn":"setswana","to":"tonga","tog":"nyasa tonga","tpi":"tok pisin","tr":"turcă","tru":"tru","trv":"taroko","ts":"tsonga","tsd":"tsd","tsi":"tsimshian","tt":"tătară","ttt":"ttt","tum":"tumbuka","tvl":"tuvalu","tw":"twi","twq":"tasawaq","ty":"tahitiană","tyv":"tuvană","tzm":"tamazight central marocană","udm":"udmurt","ug":"uigură","uga":"ugaritică","uk":"ucraineană","umb":"umbundu","und":"limbă necunoscută","ur":"urdu","uz":"uzbecă","vai":"vai","ve":"venda","vec":"vec","vep":"vep","vi":"vietnameză","vls":"vls","vmf":"vmf","vo":"volapuk","vot":"votic","vro":"vro","vun":"vunjo","wa":"valonă","wae":"walser","wal":"walamo","war":"waray","was":"washo","wo":"wolof","wuu":"wuu","xal":"calmucă","xh":"xhosa","xmf":"xmf","xog":"soga","yao":"yao","yap":"yapeză","yav":"yangben","ybb":"yemba","yi":"idiș","yo":"yoruba","yrl":"yrl","yue":"cantoneză","za":"zhuang","zap":"zapotecă","zbl":"simboluri Bilss","zea":"zea","zen":"zenaga","zgh":"tamazight standard marocană","zh":"chineză","zh-Hans":"chineză simplificată","zh-Hant":"chineză tradițională","zu":"zulu","zun":"zuni","zxx":"fară conținut lingvistic","zza":"zaza"}