{"localeDisplayPattern":{"localePattern":"%1$s (%2$s)","localeSeparator":"%1$s, %2$s","localeKeyTypePattern":"%1$s: %2$s"},"keys":{"calendar":"calendar","colAlternate":"Ordonare cu simbolurile ignorate","colBackwards":"Ordonare inversă după accent","colCaseFirst":"Ordonare după majuscule/minuscule","colCaseLevel":"Ordonare care ține seama de majuscule/minuscule","colHiraganaQuaternary":"Ordonare după kana","colNormalization":"Ordonare normalizată","colNumeric":"Ordonare numerică","colStrength":"Puterea ordonării","collation":"ordine de sortare","currency":"monedă","numbers":"numere","timezone":"Fusul orar","va":"Varianta locală","variableTop":"Ordonați ca simboluri","x":"Utilizare privată"},"types":{"calendar":{"buddhist":"calendar budist","chinese":"calendar chinezesc","coptic":"calendar copt","dangi":"calendar dangi","ethiopic":"calendar etiopian","ethiopic-amete-alem":"Calendarul etiopian amete alem","gregorian":"calendar gregorian","hebrew":"calendar ebraic","indian":"calendar național indian","islamic":"calendar islamic","islamic-civil":"calendar islamic civil","islamic-rgsa":"islamic-rgsa","islamic-tbla":"islamic-tbla","islamic-umalqura":"islamic-umalqura","iso8601":"calendar ISO-8601","japanese":"calendar japonez","persian":"calendar persan","roc":"calendarul Republicii Chineze"},"colAlternate":{"non-ignorable":"Ordonați simbolurile","shifted":"Ordonați ignorând simbolurile"},"colBackwards":{"no":"Ordonați accentele în mod normal","yes":"Ordonați după accente în ordine inversă"},"colCaseFirst":{"lower":"Ordonați întâi minusculele","no":"Ordonați după dimensiunea normală a literei","upper":"Ordonați mai întâi majusculele"},"colCaseLevel":{"no":"Ordonați neținând seama de diferența dintre majuscule/minuscule","yes":"Ordonați ținând seama de diferența dintre majuscule/minuscule"},"colHiraganaQuaternary":{"no":"Ordonați caracterele kana separat","yes":"Ordonați kana diferențiat"},"colNormalization":{"no":"Ordonați fără normalizare","yes":"Ordonați caracterele unicode normalizat"},"colNumeric":{"no":"Ordonați cifrele individual","yes":"Ordonați cifrele în ordine numerică"},"colStrength":{"identical":"Ordonați-le pe toate","primary":"Ordonați numai literele de bază","quaternary":"Ordonați după accente/dimensiunea literei/lățime/kana","secondary":"Ordonați după accent","tertiary":"Ordonați după accente/dimensiunea literei/lățime"},"collation":{"big5han":"sortare pentru chineza tradițională - Big5","dictionary":"Ordine de sortare a dicționarului","ducet":"ordine de sortare Unicode implicită","eor":"regulile europene de sortare","gb2312han":"sortare pentru chineza simplificată - GB2312","phonebook":"sortare după cartea de telefon","phonetic":"Tip de ordonare fonetică","pinyin":"sortare pinyin","reformed":"Ordine de sortare reformată","search":"căutare cu scop general","searchjl":"Căutați în funcție de consoana inițială hangul","standard":"ordine de sortare standard","stroke":"ordine de sortare după trasare","traditional":"sortare tradițională","unihan":"Ordine de sortare a liniilor ideogramelor","zhuyin":"zhuyin"},"numbers":{"arab":"cifre indo-arabe","arabext":"cifre indo-arabe extinse","armn":"numerale armenești","armnlow":"numerale armenești cu minuscule","bali":"bali","beng":"cifre bengaleze","brah":"brah","cakm":"cakm","cham":"cham","deva":"cifre devanagari","ethi":"numerale etiopiene","finance":"Sistemul numeric financiar","fullwide":"cifre cu lățimea întreagă","geor":"numerale georgiene","grek":"numerale grecești","greklow":"numerale grecești cu minuscule","gujr":"cifre gujarati","guru":"cifre gurmukhi","hanidec":"numerale zecimale chinezești","hans":"numerale chinezești simplificate","hansfin":"numerale financiare chinezești simplificate","hant":"numerale chinezești tradiționale","hantfin":"numerale financiare chinezești tradiționale","hebr":"numerale ebraice","java":"java","jpan":"numerale japoneze","jpanfin":"numerale financiare japoneze","kali":"kali","khmr":"cifre khmere","knda":"cifre kannada","lana":"lana","lanatham":"lanatham","laoo":"cifre laoțiene","latn":"cifre occidentale","lepc":"lepc","limb":"limb","mlym":"cifre malayalam","mong":"Cifre mongole","mtei":"mtei","mymr":"cifre birmaneze","mymrshan":"mymrshan","native":"Cifre native","nkoo":"nkoo","olck":"olck","orya":"cifre oriya","osma":"osma","roman":"numerale romane","romanlow":"numerale romane cu minuscule","saur":"saur","shrd":"shrd","sora":"sora","sund":"sund","takr":"takr","talu":"talu","taml":"numerale tradiționale tamilă","tamldec":"cifre tamile","telu":"cifre telugu","thai":"cifre thailandeze","tibt":"cifre tibetane","traditional":"Numere tradiționale","vaii":"Cifre Vai"}},"codePatterns":{"language":"Limbă: %1$s","script":"Scriere: %1$s","territory":"Regiune: %1$s"}}