{"long":{"_compoundPattern":"%1$s pe %2$s","acceleration":{"g-force":{"_name":"forță g","one":"%1$s forță g","few":"%1$s forță g","other":"%1$s forță g"},"meter-per-second-squared":{"_name":"metri pe secundă la pătrat","one":"%1$s metru pe secundă la pătrat","few":"%1$s metri pe secundă la pătrat","other":"%1$s de metri pe secundă la pătrat"}},"angle":{"arc-minute":{"_name":"minute de arc","one":"%1$s minut","few":"%1$s minute","other":"%1$s de minute"},"arc-second":{"_name":"secunde de arc","one":"%1$s secundă","few":"%1$s secunde","other":"%1$s de secunde"},"degree":{"_name":"grade","one":"%1$s grad","few":"%1$s grade","other":"%1$s de grade"},"radian":{"_name":"radiani","one":"%1$s radian","few":"%1$s radiani","other":"%1$s de radiani"}},"area":{"acre":{"_name":"acri","one":"%1$s acru","few":"%1$s acri","other":"%1$s de acri"},"hectare":{"_name":"hectare","one":"%1$s hectar","few":"%1$s hectare","other":"%1$s de hectare"},"square-centimeter":{"_name":"centimetri pătrați","one":"%1$s centimetru pătrat","few":"%1$s centimetri pătrați","other":"%1$s de centimetri pătrați"},"square-foot":{"_name":"picioare pătrate","one":"%1$s picior pătrat","few":"%1$s picioare pătrate","other":"%1$s picioare pătrate"},"square-inch":{"_name":"inchi pătrați","one":"%1$s inch pătrat","few":"%1$s inchi pătrați","other":"%1$s de inchi pătrați"},"square-kilometer":{"_name":"kilometri pătrați","one":"%1$s kilometru pătrat","few":"%1$s kilometri pătrați","other":"%1$s de kilometri pătrați"},"square-meter":{"_name":"metri pătrați","one":"%1$s metru pătrat","few":"%1$s metri pătrați","other":"%1$s de metri pătrați"},"square-mile":{"_name":"mile pătrate","one":"%1$s milă pătrată","few":"%1$s mile pătrate","other":"%1$s de mile pătrate"},"square-yard":{"_name":"iarzi pătrați","one":"%1$s iard pătrat","few":"%1$s iarzi pătrați","other":"%1$s de iarzi pătrați"}},"consumption":{"liter-per-kilometer":{"_name":"litri pe kilometru","one":"%1$s litru pe kilometru","few":"%1$s litri pe kilometru","other":"%1$s de litri pe kilometru"},"mile-per-gallon":{"_name":"mile pe galon","one":"%1$s milă pe galon","few":"%1$s mile pe galon","other":"%1$s de mile pe galon"}},"digital":{"bit":{"_name":"biți","one":"%1$s bit","few":"%1$s biți","other":"%1$s de biți"},"byte":{"_name":"byți","one":"%1$s byte","few":"%1$s byți","other":"%1$s de byți"},"gigabit":{"_name":"gigabiți","one":"%1$s gigabit","few":"%1$s gigabiți","other":"%1$s de gigabiți"},"gigabyte":{"_name":"gigabyți","one":"%1$s gigabyte","few":"%1$s gigabyți","other":"%1$s de gigabyți"},"kilobit":{"_name":"kilobiți","one":"%1$s kilobit","few":"%1$s kilobiți","other":"%1$s de kilobiți"},"kilobyte":{"_name":"kilobyți","one":"%1$s kilobyte","few":"%1$s kilobyți","other":"%1$s de kilobyți"},"megabit":{"_name":"megabiți","one":"%1$s megabit","few":"%1$s megabiți","other":"%1$s de megabiți"},"megabyte":{"_name":"megabyți","one":"%1$s megabyte","few":"%1$s megabyți","other":"%1$s de megabyți"},"terabit":{"_name":"terabiți","one":"%1$s terabit","few":"%1$s terabiți","other":"%1$s de terabiți"},"terabyte":{"_name":"terabyți","one":"%1$s terabyte","few":"%1$s terabyți","other":"%1$s de terabyți"}},"duration":{"day":{"_name":"zile","one":"%1$s zi","few":"%1$s zile","other":"%1$s de zile"},"hour":{"_name":"ore","one":"%1$s oră","few":"%1$s ore","other":"%1$s de ore","_per":"%1$s pe oră"},"microsecond":{"_name":"microsecunde","one":"%1$s microsecundă","few":"%1$s microsecunde","other":"%1$s de microsecunde"},"millisecond":{"_name":"milisecunde","one":"%1$s milisecundă","few":"%1$s milisecunde","other":"%1$s de milisecunde"},"minute":{"_name":"minute","one":"%1$s minut","few":"%1$s minute","other":"%1$s de minute"},"month":{"_name":"luni","one":"%1$s lună","few":"%1$s luni","other":"%1$s de luni"},"nanosecond":{"_name":"nanosecunde","one":"%1$s nanosecundă","few":"%1$s nanosecunde","other":"%1$s de nanosecunde"},"second":{"_name":"secunde","one":"%1$s secundă","few":"%1$s secunde","other":"%1$s de secunde","_per":"%1$s pe secundă"},"week":{"_name":"săptămâni","one":"%1$s săptămână","few":"%1$s săptămâni","other":"%1$s de săptămâni"},"year":{"_name":"ani","one":"%1$s an","few":"%1$s ani","other":"%1$s de ani"}},"electric":{"ampere":{"_name":"amperi","one":"%1$s amper","few":"%1$s amperi","other":"%1$s de amperi"},"milliampere":{"_name":"miliamperi","one":"%1$s miliamper","few":"%1$s miliamperi","other":"%1$s de miliamperi"},"ohm":{"_name":"ohmi","one":"%1$s ohm","few":"%1$s ohmi","other":"%1$s de ohmi"},"volt":{"_name":"volți","one":"%1$s volt","few":"%1$s volți","other":"%1$s de volți"}},"energy":{"calorie":{"_name":"calorii","one":"%1$s calorie","few":"%1$s calorii","other":"%1$s de calorii"},"foodcalorie":{"_name":"kilocalorii","one":"%1$s kilocalorie","few":"%1$s kilocalorii","other":"%1$s de kilocalorii"},"joule":{"_name":"jouli","one":"%1$s joule","few":"%1$s jouli","other":"%1$s de jouli"},"kilocalorie":{"_name":"kilocalorii","one":"%1$s kilocalorie","few":"%1$s kilocalorii","other":"%1$s de kilocalorii"},"kilojoule":{"_name":"kilojouli","one":"%1$s kilojoule","few":"%1$s kilojouli","other":"%1$s de kilojouli"},"kilowatt-hour":{"_name":"kilowați-oră","one":"kilowatt-oră","few":"%1$s kilowați-oră","other":"%1$s de kilowați-oră"}},"frequency":{"gigahertz":{"_name":"gigahertz","one":"%1$s gigahertz","few":"%1$s gigahertzi","other":"%1$s de gigahertzi"},"hertz":{"_name":"hertz","one":"%1$s hertz","few":"%1$s hertzi","other":"%1$s de hertzi"},"kilohertz":{"_name":"kilohertz","one":"%1$s kilohertz","few":"%1$s kilohertzi","other":"%1$s de kilohertzi"},"megahertz":{"_name":"megahertz","one":"%1$s megahertz","few":"%1$s megahertzi","other":"%1$s de megahertzi"}},"length":{"astronomical-unit":{"_name":"unități astronomice","one":"%1$s unitate astronomică","few":"%1$s unități astronomice","other":"%1$s de unități astronomice"},"centimeter":{"_name":"centimetri","one":"%1$s centimetru","few":"%1$s centimetri","other":"%1$s de centimetri"},"decimeter":{"_name":"decimetri","one":"%1$s decimetru","few":"%1$s decimetri","other":"%1$s de decimetri"},"fathom":{"_name":"fm","other":"%1$s fm"},"foot":{"_name":"picioare","one":"%1$s picior","few":"%1$s picioare","other":"%1$s de picioare"},"furlong":{"_name":"fur","other":"%1$s fur"},"inch":{"_name":"inchi","one":"%1$s inch","few":"%1$s inchi","other":"%1$s de inchi"},"kilometer":{"_name":"kilometri","one":"%1$s kilometru","few":"%1$s kilometri","other":"%1$s de kilometri"},"light-year":{"_name":"ani lumină","one":"%1$s an lumină","few":"%1$s ani lumină","other":"%1$s de ani lumină"},"meter":{"_name":"metri","one":"%1$s metru","few":"%1$s metri","other":"%1$s de metri"},"micrometer":{"_name":"micrometri","one":"%1$s micrometru","few":"%1$s micrometri","other":"%1$s de micrometri"},"mile":{"_name":"mile","one":"%1$s milă","few":"%1$s mile","other":"%1$s de mile"},"millimeter":{"_name":"milimetri","one":"%1$s milimetru","few":"%1$s milimetri","other":"%1$s de milimetri"},"nanometer":{"_name":"nanometri","one":"%1$s nanometru","few":"%1$s nanometri","other":"%1$s de nanometri"},"nautical-mile":{"_name":"mile nautice","one":"%1$s milă nautică","few":"%1$s mile nautice","other":"%1$s de mile nautice"},"parsec":{"_name":"parseci","one":"%1$s parsec","few":"%1$s parseci","other":"%1$s de parseci"},"picometer":{"_name":"picometri","one":"%1$s picometru","few":"%1$s picometri","other":"%1$s de picometri"},"yard":{"_name":"iarzi","one":"%1$s iard","few":"%1$s iarzi","other":"%1$s de iarzi"}},"light":{"lux":{"_name":"lucși","one":"%1$s lux","few":"%1$s lucși","other":"%1$s de lucși"}},"mass":{"carat":{"_name":"carate","one":"%1$s carat","few":"%1$s carate","other":"%1$s de carate"},"gram":{"_name":"grame","one":"%1$s gram","few":"%1$s grame","other":"%1$s de grame"},"kilogram":{"_name":"kilograme","one":"%1$s kilogram","few":"%1$s kilograme","other":"%1$s de kilograme"},"metric-ton":{"_name":"tone","one":"%1$s tonă","few":"%1$s tone","other":"%1$s de tone"},"microgram":{"_name":"micrograme","one":"%1$s microgram","few":"%1$s micrograme","other":"%1$s de micrograme"},"milligram":{"_name":"miligrame","one":"%1$s miligram","few":"%1$s miligrame","other":"%1$s de miligrame"},"ounce":{"_name":"uncii","one":"%1$s uncie","few":"%1$s uncii","other":"%1$s de uncii"},"ounce-troy":{"_name":"uncii monetare","one":"%1$s uncie monetară","few":"%1$s uncii monetare","other":"%1$s de uncii monetare"},"pound":{"_name":"livre","one":"%1$s livră","few":"%1$s livre","other":"%1$s de livre"},"stone":{"_name":"st","other":"%1$s st"},"ton":{"_name":"tone scurte","one":"%1$s tonă scurtă","few":"%1$s tone scurte","other":"%1$s de tone scurte"}},"power":{"gigawatt":{"_name":"gigawați","one":"%1$s gigawatt","few":"%1$s gigawați","other":"%1$s de gigawați"},"horsepower":{"_name":"cai putere","one":"%1$s cal putere","few":"%1$s cai putere","other":"%1$s de cai putere"},"kilowatt":{"_name":"kilowați","one":"%1$s kilowatt","few":"%1$s kilowați","other":"%1$s de kilowați"},"megawatt":{"_name":"megawați","one":"%1$s megawatt","few":"%1$s megawați","other":"%1$s de megawați"},"milliwatt":{"_name":"miliwați","one":"%1$s miliwatt","few":"%1$s miliwați","other":"%1$s de miliwați"},"watt":{"_name":"wați","one":"%1$s watt","few":"%1$s wați","other":"%1$s de wați"}},"pressure":{"hectopascal":{"_name":"hectopascali","one":"%1$s hectopascal","few":"%1$s hectopascali","other":"%1$s de hectopascali"},"inch-hg":{"_name":"inchi coloană de mercur","one":"%1$s inch coloană de mercur","few":"%1$s inchi coloană de mercur","other":"%1$s de inchi coloană de mercur"},"millibar":{"_name":"milibari","one":"%1$s milibar","few":"%1$s milibari","other":"%1$s de milibari"},"millimeter-of-mercury":{"_name":"milimetri coloană de mercur","one":"%1$s milimetru coloană de mercur","few":"%1$s milimetri coloană de mercur","other":"%1$s de milimetri coloană de mercur"},"pound-per-square-inch":{"_name":"livre pe inch pătrat","one":"%1$s livră pe inch pătrat","few":"%1$s livre pe inch pătrat","other":"%1$s de livre pe inch pătrat"}},"proportion":{"karat":{"_name":"karate","one":"%1$s karată","few":"%1$s karate","other":"%1$s de karate"}},"speed":{"kilometer-per-hour":{"_name":"kilometri pe oră","one":"%1$s kilometru pe oră","few":"%1$s kilometri pe oră","other":"%1$s de kilometri pe oră"},"meter-per-second":{"_name":"metri pe secundă","one":"%1$s metru pe secundă","few":"%1$s metri pe secundă","other":"%1$s de metri pe secundă"},"mile-per-hour":{"_name":"mile pe oră","one":"%1$s milă pe oră","few":"%1$s mile pe oră","other":"%1$s de mile pe oră"}},"temperature":{"celsius":{"_name":"grade Celsius","one":"%1$s grad Celsius","few":"%1$s grade Celsius","other":"%1$s de grade Celsius"},"fahrenheit":{"_name":"grade Fahrenheit","one":"%1$s grad Fahrenheit","few":"%1$s grade Fahrenheit","other":"%1$s de grade Fahrenheit"},"generic":{"_name":"°","other":"%1$s°"},"kelvin":{"_name":"kelvini","one":"%1$s kelvin","few":"%1$s kelvini","other":"%1$s de kelvini"}},"volume":{"acre-foot":{"_name":"acru-picioare","one":"%1$s acru-picior","few":"%1$s acru-picioare","other":"%1$s de acru-picioare"},"bushel":{"_name":"bu","other":"%1$s bu"},"centiliter":{"_name":"centilitri","one":"%1$s centilitru","few":"%1$s centilitri","other":"%1$s de centilitri"},"cubic-centimeter":{"_name":"centimetri cubi","one":"%1$s centimetru cub","few":"%1$s centimetri cubi","other":"%1$s de centimetri cubi"},"cubic-foot":{"_name":"picioare cubice","one":"%1$s picior cubic","few":"%1$s picioare cubice","other":"%1$s de picioare cubice"},"cubic-inch":{"_name":"inchi cubici","one":"%1$s inch cubic","few":"%1$s inchi cubici","other":"%1$s de inchi cubici"},"cubic-kilometer":{"_name":"kilometri cubi","one":"%1$s kilometru cub","few":"%1$s kilometri cubi","other":"%1$s de kilometri cubi"},"cubic-meter":{"_name":"metri cubi","one":"%1$s metru cub","few":"%1$s metri cubi","other":"%1$s de metri cubi"},"cubic-mile":{"_name":"mile cubice","one":"%1$s milă cubică","few":"%1$s mile cubice","other":"%1$s de mile cubice"},"cubic-yard":{"_name":"iarzi cubici","one":"%1$s iard cubic","few":"%1$s iarzi cubici","other":"%1$s de iarzi cubici"},"cup":{"_name":"căni","one":"%1$s cană","few":"%1$s căni","other":"%1$s de căni"},"deciliter":{"_name":"decilitri","one":"%1$s decilitru","few":"%1$s decilitri","other":"%1$s de decilitri"},"fluid-ounce":{"_name":"uncii lichide","one":"%1$s uncie lichidă","few":"%1$s uncii lichide","other":"%1$s de uncii lichide"},"gallon":{"_name":"galoane","one":"%1$s galon","few":"%1$s galoane","other":"%1$s de galoane"},"hectoliter":{"_name":"hectolitri","one":"%1$s hectolitru","few":"%1$s hectolitri","other":"%1$s de hectolitri"},"liter":{"_name":"litri","one":"%1$s litru","few":"%1$s litri","other":"%1$s de litri"},"megaliter":{"_name":"megalitri","one":"%1$s megalitru","few":"%1$s megalitri","other":"%1$s megalitri"},"milliliter":{"_name":"mililitri","one":"%1$s mililitru","few":"%1$s mililitri","other":"%1$s de mililitri"},"pint":{"_name":"pinte","one":"%1$s pintă","few":"%1$s pinte","other":"%1$s de pinte"},"quart":{"_name":"quarte","one":"%1$s quart","few":"%1$s quarte","other":"%1$s de quarte"},"tablespoon":{"_name":"linguri","one":"%1$s lingură","few":"%1$s linguri","other":"%1$s de linguri"},"teaspoon":{"_name":"lingurițe","one":"%1$s linguriță","few":"%1$s lingurițe","other":"%1$s de lingurițe"}}},"short":{"_compoundPattern":"%1$s/%2$s","acceleration":{"g-force":{"_name":"forță g","one":"%1$s G","few":"%1$s G","other":"%1$s G"},"meter-per-second-squared":{"_name":"m/s²","one":"%1$s m/s²","few":"%1$s m/s²","other":"%1$s m/s²"}},"angle":{"arc-minute":{"_name":"arcmin","one":"%1$s arcmin","few":"%1$s arcmin","other":"%1$s arcmin"},"arc-second":{"_name":"arcsec","one":"%1$s sec.","few":"%1$s sec.","other":"%1$s sec."},"degree":{"_name":"grade","one":"%1$s°","few":"%1$s°","other":"%1$s°"},"radian":{"_name":"rad","one":"%1$s rad","few":"%1$s rad","other":"%1$s rad"}},"area":{"acre":{"_name":"acri","one":"%1$s ac.","few":"%1$s ac.","other":"%1$s ac."},"hectare":{"_name":"ha","one":"%1$s ha","few":"%1$s ha","other":"%1$s ha"},"square-centimeter":{"_name":"cm²","one":"%1$s cm²","few":"%1$s cm²","other":"%1$s cm²"},"square-foot":{"_name":"ft²","one":"%1$s ft²","few":"%1$s ft²","other":"%1$s ft²"},"square-inch":{"_name":"in²","one":"%1$s in²","few":"%1$s in²","other":"%1$s in²"},"square-kilometer":{"_name":"km²","one":"%1$s km²","few":"%1$s km²","other":"%1$s km²"},"square-meter":{"_name":"m²","one":"%1$s m²","few":"%1$s m²","other":"%1$s m²"},"square-mile":{"_name":"mi²","one":"%1$s mi²","few":"%1$s mi²","other":"%1$s mi²"},"square-yard":{"_name":"yd²","one":"%1$s yd²","few":"%1$s yd²","other":"%1$s yd²"}},"consumption":{"liter-per-kilometer":{"_name":"l/km","one":"%1$s l/km","few":"%1$s l/km","other":"%1$s l/km"},"mile-per-gallon":{"_name":"mile/gal.","one":"%1$s milă/gal.","few":"%1$s mile/gal.","other":"%1$s mile/gal."}},"digital":{"bit":{"_name":"b","one":"%1$s b","few":"%1$s b","other":"%1$s b"},"byte":{"_name":"B","one":"%1$s B","few":"%1$s B","other":"%1$s B"},"gigabit":{"_name":"Gb","one":"%1$s Gb","few":"%1$s Gb","other":"%1$s Gb"},"gigabyte":{"_name":"GB","one":"%1$s GB","few":"%1$s GB","other":"%1$s GB"},"kilobit":{"_name":"kb","one":"%1$s kb","few":"%1$s kb","other":"%1$s kb"},"kilobyte":{"_name":"kB","one":"%1$s kB","few":"%1$s kB","other":"%1$s kB"},"megabit":{"_name":"Mb","one":"%1$s Mb","few":"%1$s Mb","other":"%1$s Mb"},"megabyte":{"_name":"MB","one":"%1$s MB","few":"%1$s MB","other":"%1$s MB"},"terabit":{"_name":"Tb","one":"%1$s Tb","few":"%1$s Tb","other":"%1$s Tb"},"terabyte":{"_name":"TB","one":"%1$s TB","few":"%1$s TB","other":"%1$s TB"}},"duration":{"day":{"_name":"zile","one":"%1$s zi","few":"%1$s zile","other":"%1$s zile"},"hour":{"_name":"ore","one":"%1$s oră","few":"%1$s ore","other":"%1$s ore","_per":"%1$s/h"},"microsecond":{"_name":"μs","one":"%1$s μs","few":"%1$s μs","other":"%1$s μs"},"millisecond":{"_name":"ms","one":"%1$s ms","few":"%1$s ms","other":"%1$s ms"},"minute":{"_name":"min.","one":"%1$s min.","few":"%1$s min.","other":"%1$s min."},"month":{"_name":"luni","one":"%1$s lună","few":"%1$s luni","other":"%1$s luni"},"nanosecond":{"_name":"ns","one":"%1$s ns","few":"%1$s ns","other":"%1$s ns"},"second":{"_name":"sec.","one":"%1$s sec.","few":"%1$s sec.","other":"%1$s sec.","_per":"%1$s/s"},"week":{"_name":"săptămâni","one":"%1$s săpt.","few":"%1$s săpt.","other":"%1$s săpt."},"year":{"_name":"ani","one":"%1$s an","few":"%1$s ani","other":"%1$s ani"}},"electric":{"ampere":{"_name":"A","one":"%1$s A","few":"%1$s A","other":"%1$s A"},"milliampere":{"_name":"mA","one":"%1$s mA","few":"%1$s mA","other":"%1$s mA"},"ohm":{"_name":"Ω","one":"%1$s Ω","few":"%1$s Ω","other":"%1$s Ω"},"volt":{"_name":"V","one":"%1$s V","few":"%1$s V","other":"%1$s V"}},"energy":{"calorie":{"_name":"cal","one":"%1$s cal","few":"%1$s cal","other":"%1$s cal"},"foodcalorie":{"_name":"kcal","one":"%1$s kcal","few":"%1$s kcal","other":"%1$s kcal"},"joule":{"_name":"J","one":"%1$s J","few":"%1$s J","other":"%1$s J"},"kilocalorie":{"_name":"kcal","one":"%1$s kcal","few":"%1$s kcal","other":"%1$s kcal"},"kilojoule":{"_name":"kJ","one":"%1$s kJ","few":"%1$s kJ","other":"%1$s kJ"},"kilowatt-hour":{"_name":"kWh","one":"%1$s kWh","few":"%1$s kWh","other":"%1$s kWh"}},"frequency":{"gigahertz":{"_name":"GHz","one":"%1$s GHz","few":"%1$s GHz","other":"%1$s GHz"},"hertz":{"_name":"Hz","one":"%1$s Hz","few":"%1$s Hz","other":"%1$s Hz"},"kilohertz":{"_name":"kHz","one":"%1$s kHz","few":"%1$s kHz","other":"%1$s kHz"},"megahertz":{"_name":"MHz","one":"%1$s MHz","few":"%1$s MHz","other":"%1$s MHz"}},"length":{"astronomical-unit":{"_name":"ua","one":"%1$s ua","few":"%1$s ua","other":"%1$s ua"},"centimeter":{"_name":"cm","one":"%1$s cm","few":"%1$s cm","other":"%1$s cm"},"decimeter":{"_name":"dm","one":"%1$s dm","few":"%1$s dm","other":"%1$s dm"},"fathom":{"_name":"fm","other":"%1$s fm"},"foot":{"_name":"ft","one":"%1$s ft","few":"%1$s ft","other":"%1$s ft"},"furlong":{"_name":"fur","other":"%1$s fur"},"inch":{"_name":"in","one":"%1$s in","few":"%1$s in","other":"%1$s in"},"kilometer":{"_name":"km","one":"%1$s km","few":"%1$s km","other":"%1$s km"},"light-year":{"_name":"a.l.","one":"%1$s a.l.","few":"%1$s a.l.","other":"%1$s a.l."},"meter":{"_name":"metri","one":"%1$s m","few":"%1$s m","other":"%1$s m"},"micrometer":{"_name":"µm","one":"%1$s µm","few":"%1$s µm","other":"%1$s µm"},"mile":{"_name":"mi","one":"%1$s mi","few":"%1$s mi","other":"%1$s mi"},"millimeter":{"_name":"mm","one":"%1$s mm","few":"%1$s mm","other":"%1$s mm"},"nanometer":{"_name":"nm","one":"%1$s nm","few":"%1$s nm","other":"%1$s nm"},"nautical-mile":{"_name":"mn","one":"%1$s mn","few":"%1$s mn","other":"%1$s mn"},"parsec":{"_name":"pc","one":"%1$s pc","few":"%1$s pc","other":"%1$s pc"},"picometer":{"_name":"pm","one":"%1$s pm","few":"%1$s pm","other":"%1$s pm"},"yard":{"_name":"yd","one":"%1$s yd","few":"%1$s yd","other":"%1$s yd"}},"light":{"lux":{"_name":"lx","one":"%1$s lx","few":"%1$s lx","other":"%1$s lx"}},"mass":{"carat":{"_name":"carate","one":"%1$s ct","few":"%1$s ct","other":"%1$s ct"},"gram":{"_name":"grame","one":"%1$s g","few":"%1$s g","other":"%1$s g"},"kilogram":{"_name":"kg","one":"%1$s kg","few":"%1$s kg","other":"%1$s kg"},"metric-ton":{"_name":"t","one":"%1$s t","few":"%1$s t","other":"%1$s t"},"microgram":{"_name":"µg","one":"%1$s µg","few":"%1$s µg","other":"%1$s µg"},"milligram":{"_name":"mg","one":"%1$s mg","few":"%1$s mg","other":"%1$s mg"},"ounce":{"_name":"oz","one":"%1$s oz","few":"%1$s oz","other":"%1$s oz"},"ounce-troy":{"_name":"oz t","one":"%1$s oz t","few":"%1$s oz t","other":"%1$s oz t"},"pound":{"_name":"lb","one":"%1$s lb","few":"%1$s lb","other":"%1$s lb"},"stone":{"_name":"st","other":"%1$s st"},"ton":{"_name":"t.s.","one":"%1$s t.s.","few":"%1$s t.s.","other":"%1$s t.s."}},"power":{"gigawatt":{"_name":"GW","one":"%1$s GW","few":"%1$s GW","other":"%1$s GW"},"horsepower":{"_name":"CP","one":"%1$s CP","few":"%1$s CP","other":"%1$s CP"},"kilowatt":{"_name":"kW","one":"%1$s kW","few":"%1$s kW","other":"%1$s kW"},"megawatt":{"_name":"MW","one":"%1$s MW","few":"%1$s MW","other":"%1$s MW"},"milliwatt":{"_name":"mW","one":"%1$s mW","few":"%1$s mW","other":"%1$s mW"},"watt":{"_name":"W","one":"%1$s W","few":"%1$s W","other":"%1$s W"}},"pressure":{"hectopascal":{"_name":"hPa","one":"%1$s hPa","few":"%1$s hPa","other":"%1$s hPa"},"inch-hg":{"_name":"in Hg","one":"%1$s in Hg","few":"%1$s in Hg","other":"%1$s in Hg"},"millibar":{"_name":"mbar","one":"%1$s mbar","few":"%1$s mbar","other":"%1$s mbar"},"millimeter-of-mercury":{"_name":"mm Hg","one":"%1$s mm Hg","few":"%1$s mm Hg","other":"%1$s mm Hg"},"pound-per-square-inch":{"_name":"psi","one":"%1$s psi","few":"%1$s psi","other":"%1$s psi"}},"proportion":{"karat":{"_name":"kt","one":"%1$s kt","few":"%1$s kt","other":"%1$s kt"}},"speed":{"kilometer-per-hour":{"_name":"km/h","one":"%1$s km/h","few":"%1$s km/h","other":"%1$s km/h"},"meter-per-second":{"_name":"m/s","one":"%1$s m/s","few":"%1$s m/s","other":"%1$s m/s"},"mile-per-hour":{"_name":"mi/h","one":"%1$s mi/h","few":"%1$s mi/h","other":"%1$s mi/h"}},"temperature":{"celsius":{"_name":"°C","one":"%1$s °C","few":"%1$s °C","other":"%1$s °C"},"fahrenheit":{"_name":"°F","one":"%1$s °F","few":"%1$s °F","other":"%1$s °F"},"generic":{"_name":"°","other":"%1$s°"},"kelvin":{"_name":"K","one":"%1$s K","few":"%1$s K","other":"%1$s K"}},"volume":{"acre-foot":{"_name":"ac ft","one":"%1$s ac ft","few":"%1$s ac ft","other":"%1$s ac ft"},"bushel":{"_name":"bu","other":"%1$s bu"},"centiliter":{"_name":"cl","one":"%1$s cl","few":"%1$s cl","other":"%1$s cl"},"cubic-centimeter":{"_name":"cm³","one":"%1$s cm³","few":"%1$s cm³","other":"%1$s cm³"},"cubic-foot":{"_name":"ft³","one":"%1$s ft³","few":"%1$s ft³","other":"%1$s ft³"},"cubic-inch":{"_name":"in³","one":"%1$s in³","few":"%1$s in³","other":"%1$s in³"},"cubic-kilometer":{"_name":"km³","one":"%1$s km³","few":"%1$s km³","other":"%1$s km³"},"cubic-meter":{"_name":"m³","one":"%1$s m³","few":"%1$s m³","other":"%1$s m³"},"cubic-mile":{"_name":"mi³","one":"%1$s mi³","few":"%1$s mi³","other":"%1$s mi³"},"cubic-yard":{"_name":"yd³","one":"%1$s yd³","few":"%1$s yd³","other":"%1$s yd³"},"cup":{"_name":"căni","one":"%1$s c","few":"%1$s c","other":"%1$s c"},"deciliter":{"_name":"dl","one":"%1$s dl","few":"%1$s dl","other":"%1$s dl"},"fluid-ounce":{"_name":"fl oz","one":"%1$s fl oz","few":"%1$s fl oz","other":"%1$s fl oz"},"gallon":{"_name":"gal","one":"%1$s gal","few":"%1$s gal","other":"%1$s gal"},"hectoliter":{"_name":"hl","one":"%1$s hl","few":"%1$s hl","other":"%1$s hl"},"liter":{"_name":"litri","one":"%1$s l","few":"%1$s l","other":"%1$s l"},"megaliter":{"_name":"Ml","one":"%1$s Ml","few":"%1$s Ml","other":"%1$s Ml"},"milliliter":{"_name":"ml","one":"%1$s ml","few":"%1$s ml","other":"%1$s ml"},"pint":{"_name":"pinte","one":"%1$s pt","few":"%1$s pt","other":"%1$s pt"},"quart":{"_name":"qt","one":"%1$s qt","few":"%1$s qt","other":"%1$s qt"},"tablespoon":{"_name":"tbsp","one":"%1$s tbsp","few":"%1$s tbsp","other":"%1$s tbsp"},"teaspoon":{"_name":"tsp","one":"%1$s tsp","few":"%1$s tsp","other":"%1$s tsp"}}},"narrow":{"_compoundPattern":"%1$s/%2$s","acceleration":{"g-force":{"_name":"forță g","one":"%1$s G","few":"%1$s G","other":"%1$s G"},"meter-per-second-squared":{"_name":"m/s²","one":"%1$s m/s²","few":"%1$s m/s²","other":"%1$s m/s²"}},"angle":{"arc-minute":{"_name":"arcmin","one":"%1$s′","few":"%1$s′","other":"%1$s′"},"arc-second":{"_name":"arcsec","one":"%1$s″","few":"%1$s″","other":"%1$s″"},"degree":{"_name":"grade","one":"%1$s°","few":"%1$s°","other":"%1$s°"},"radian":{"_name":"rad","one":"%1$s rad","few":"%1$s rad","other":"%1$s rad"}},"area":{"acre":{"_name":"acri","one":"%1$s ac.","few":"%1$s ac.","other":"%1$s ac."},"hectare":{"_name":"ha","one":"%1$s ha","few":"%1$s ha","other":"%1$s ha"},"square-centimeter":{"_name":"cm²","one":"%1$s cm²","few":"%1$s cm²","other":"%1$s cm²"},"square-foot":{"_name":"ft²","one":"%1$s ft²","few":"%1$s ft²","other":"%1$s ft²"},"square-inch":{"_name":"in²","one":"%1$s in²","few":"%1$s in²","other":"%1$s in²"},"square-kilometer":{"_name":"km²","one":"%1$s km²","few":"%1$s km²","other":"%1$s km²"},"square-meter":{"_name":"m²","one":"%1$s m²","few":"%1$s m²","other":"%1$s m²"},"square-mile":{"_name":"mi²","one":"%1$s mi²","few":"%1$s mi²","other":"%1$s mi²"},"square-yard":{"_name":"yd²","one":"%1$s yd²","few":"%1$s yd²","other":"%1$s yd²"}},"consumption":{"liter-per-kilometer":{"_name":"l/km","one":"%1$s l/km","few":"%1$s l/km","other":"%1$s l/km"},"mile-per-gallon":{"_name":"mile/gal.","one":"%1$s mile/gal.","few":"%1$s mile/gal.","other":"%1$s mile/gal."}},"digital":{"bit":{"_name":"b","one":"%1$s b","few":"%1$s b","other":"%1$s b"},"byte":{"_name":"B","one":"%1$s B","few":"%1$s B","other":"%1$s B"},"gigabit":{"_name":"Gb","one":"%1$s Gb","few":"%1$s Gb","other":"%1$s Gb"},"gigabyte":{"_name":"GB","one":"%1$s GB","few":"%1$s GB","other":"%1$s GB"},"kilobit":{"_name":"kb","one":"%1$s kb","few":"%1$s kb","other":"%1$s kb"},"kilobyte":{"_name":"kB","one":"%1$s kB","few":"%1$s kB","other":"%1$s kB"},"megabit":{"_name":"Mb","one":"%1$s Mb","few":"%1$s Mb","other":"%1$s Mb"},"megabyte":{"_name":"MB","one":"%1$s MB","few":"%1$s MB","other":"%1$s MB"},"terabit":{"_name":"Tb","one":"%1$s Tb","few":"%1$s Tb","other":"%1$s Tb"},"terabyte":{"_name":"TB","one":"%1$s TB","few":"%1$s TB","other":"%1$s TB"}},"duration":{"day":{"_name":"zi","one":"%1$s z","few":"%1$s z","other":"%1$s z"},"hour":{"_name":"oră","one":"%1$s h","few":"%1$s h","other":"%1$s h","_per":"%1$s/h"},"microsecond":{"_name":"μs","one":"%1$s μs","few":"%1$s μs","other":"%1$s μs"},"millisecond":{"_name":"ms","one":"%1$s ms","few":"%1$s ms","other":"%1$s ms"},"minute":{"_name":"m","one":"%1$s m","few":"%1$s m","other":"%1$s m"},"month":{"_name":"l","one":"%1$s l","few":"%1$s l","other":"%1$s l"},"nanosecond":{"_name":"ns","one":"%1$s ns","few":"%1$s ns","other":"%1$s ns"},"second":{"_name":"s","one":"%1$s s","few":"%1$s s","other":"%1$s s","_per":"%1$s/s"},"week":{"_name":"săpt.","one":"%1$s săpt.","few":"%1$s săpt.","other":"%1$s săpt."},"year":{"_name":"a","one":"%1$s a","few":"%1$s a","other":"%1$s a"}},"electric":{"ampere":{"_name":"A","one":"%1$s A","few":"%1$s A","other":"%1$s A"},"milliampere":{"_name":"mA","one":"%1$s mA","few":"%1$s mA","other":"%1$s mA"},"ohm":{"_name":"Ω","one":"%1$s Ω","few":"%1$s Ω","other":"%1$s Ω"},"volt":{"_name":"V","one":"%1$s V","few":"%1$s V","other":"%1$s V"}},"energy":{"calorie":{"_name":"cal","one":"%1$s cal","few":"%1$s cal","other":"%1$s cal"},"foodcalorie":{"_name":"kcal","one":"%1$s kcal","few":"%1$s kcal","other":"%1$s kcal"},"joule":{"_name":"J","one":"%1$s J","few":"%1$s J","other":"%1$s J"},"kilocalorie":{"_name":"kcal","one":"%1$s kcal","few":"%1$s kcal","other":"%1$s kcal"},"kilojoule":{"_name":"kJ","one":"%1$s kJ","few":"%1$s kJ","other":"%1$s kJ"},"kilowatt-hour":{"_name":"kWh","one":"%1$s kWh","few":"%1$s kWh","other":"%1$s kWh"}},"frequency":{"gigahertz":{"_name":"GHz","one":"%1$s GHz","few":"%1$s GHz","other":"%1$s GHz"},"hertz":{"_name":"Hz","one":"%1$s Hz","few":"%1$s Hz","other":"%1$s Hz"},"kilohertz":{"_name":"kHz","one":"%1$s kHz","few":"%1$s kHz","other":"%1$s kHz"},"megahertz":{"_name":"MHz","one":"%1$s MHz","few":"%1$s MHz","other":"%1$s MHz"}},"length":{"astronomical-unit":{"_name":"ua","one":"%1$s ua","few":"%1$s ua","other":"%1$s ua"},"centimeter":{"_name":"cm","one":"%1$s cm","few":"%1$s cm","other":"%1$s cm"},"decimeter":{"_name":"dm","one":"%1$s dm","few":"%1$s dm","other":"%1$s dm"},"fathom":{"_name":"fm","other":"%1$s fm"},"foot":{"_name":"ft","one":"%1$s ft","few":"%1$s ft","other":"%1$s ft"},"furlong":{"_name":"fur","other":"%1$s fur"},"inch":{"_name":"in","one":"%1$s in","few":"%1$s in","other":"%1$s in"},"kilometer":{"_name":"km","one":"%1$s km","few":"%1$s km","other":"%1$s km"},"light-year":{"_name":"a.l.","one":"%1$s a.l.","few":"%1$s a.l.","other":"%1$s a.l."},"meter":{"_name":"m","one":"%1$s m","few":"%1$s m","other":"%1$s m"},"micrometer":{"_name":"µm","one":"%1$s µm","few":"%1$s µm","other":"%1$s µm"},"mile":{"_name":"mi","one":"%1$s mi","few":"%1$s mi","other":"%1$s mi"},"millimeter":{"_name":"mm","one":"%1$s mm","few":"%1$s mm","other":"%1$s mm"},"nanometer":{"_name":"nm","one":"%1$s nm","few":"%1$s nm","other":"%1$s nm"},"nautical-mile":{"_name":"mn","one":"%1$s mn","few":"%1$s mn","other":"%1$s mn"},"parsec":{"_name":"pc","one":"%1$s pc","few":"%1$s pc","other":"%1$s pc"},"picometer":{"_name":"pm","one":"%1$s pm","few":"%1$s pm","other":"%1$s pm"},"yard":{"_name":"yd","one":"%1$s yd","few":"%1$s yd","other":"%1$s yd"}},"light":{"lux":{"_name":"lx","one":"%1$s lx","few":"%1$s lx","other":"%1$s lx"}},"mass":{"carat":{"_name":"carate","one":"%1$s ct","few":"%1$s ct","other":"%1$s ct"},"gram":{"_name":"g","one":"%1$s g","few":"%1$s g","other":"%1$s g"},"kilogram":{"_name":"kg","one":"%1$s kg","few":"%1$s kg","other":"%1$s kg"},"metric-ton":{"_name":"t","one":"%1$s t","few":"%1$s t","other":"%1$s t"},"microgram":{"_name":"µg","one":"%1$s µg","few":"%1$s µg","other":"%1$s µg"},"milligram":{"_name":"mg","one":"%1$s mg","few":"%1$s mg","other":"%1$s mg"},"ounce":{"_name":"oz","one":"%1$s oz","few":"%1$s oz","other":"%1$s oz"},"ounce-troy":{"_name":"oz t","one":"%1$s oz t","few":"%1$s oz t","other":"%1$s oz t"},"pound":{"_name":"lb","one":"%1$s lb","few":"%1$s lb","other":"%1$s lb"},"stone":{"_name":"st","other":"%1$s st"},"ton":{"_name":"t.s.","one":"%1$s t.s.","few":"%1$s t.s.","other":"%1$s t.s."}},"power":{"gigawatt":{"_name":"GW","one":"%1$s GW","few":"%1$s GW","other":"%1$s GW"},"horsepower":{"_name":"CP","one":"%1$s CP","few":"%1$s CP","other":"%1$s CP"},"kilowatt":{"_name":"kW","one":"%1$s kW","few":"%1$s kW","other":"%1$s kW"},"megawatt":{"_name":"MW","one":"%1$s MW","few":"%1$s MW","other":"%1$s MW"},"milliwatt":{"_name":"mW","one":"%1$s mW","few":"%1$s mW","other":"%1$s mW"},"watt":{"_name":"W","one":"%1$s W","few":"%1$s W","other":"%1$s W"}},"pressure":{"hectopascal":{"_name":"hPa","one":"%1$s hPa","few":"%1$s hPa","other":"%1$s hPa"},"inch-hg":{"_name":"in Hg","one":"%1$s inHg","few":"%1$s inHg","other":"%1$s inHg"},"millibar":{"_name":"mbar","one":"%1$s mb","few":"%1$s mb","other":"%1$s mb"},"millimeter-of-mercury":{"_name":"mm Hg","one":"%1$s mm Hg","few":"%1$s mm Hg","other":"%1$s mm Hg"},"pound-per-square-inch":{"_name":"psi","one":"%1$s psi","few":"%1$s psi","other":"%1$s psi"}},"proportion":{"karat":{"_name":"kt","one":"%1$s kt","few":"%1$s kt","other":"%1$s kt"}},"speed":{"kilometer-per-hour":{"_name":"km/h","one":"%1$s km/h","few":"%1$s km/h","other":"%1$s km/h"},"meter-per-second":{"_name":"m/s","one":"%1$s m/s","few":"%1$s m/s","other":"%1$s m/s"},"mile-per-hour":{"_name":"mi/h","one":"%1$s mi/h","few":"%1$s mi/h","other":"%1$s mi/h"}},"temperature":{"celsius":{"_name":"°C","one":"%1$s °C","few":"%1$s °C","other":"%1$s °C"},"fahrenheit":{"_name":"°F","one":"%1$s°F","few":"%1$s°F","other":"%1$s°F"},"generic":{"_name":"°","other":"%1$s°"},"kelvin":{"_name":"K","one":"%1$s K","few":"%1$s K","other":"%1$s K"}},"volume":{"acre-foot":{"_name":"ac ft","one":"%1$s ac ft","few":"%1$s ac ft","other":"%1$s ac ft"},"bushel":{"_name":"bu","other":"%1$s bu"},"centiliter":{"_name":"cl","one":"%1$s cl","few":"%1$s cl","other":"%1$s cl"},"cubic-centimeter":{"_name":"cm³","one":"%1$s cm³","few":"%1$s cm³","other":"%1$s cm³"},"cubic-foot":{"_name":"ft³","one":"%1$s ft³","few":"%1$s ft³","other":"%1$s ft³"},"cubic-inch":{"_name":"in³","one":"%1$s in³","few":"%1$s in³","other":"%1$s in³"},"cubic-kilometer":{"_name":"km³","one":"%1$s km³","few":"%1$s km³","other":"%1$s km³"},"cubic-meter":{"_name":"m³","one":"%1$s m³","few":"%1$s m³","other":"%1$s m³"},"cubic-mile":{"_name":"mi³","one":"%1$s mi³","few":"%1$s mi³","other":"%1$s mi³"},"cubic-yard":{"_name":"yd³","one":"%1$s yd³","few":"%1$s yd³","other":"%1$s yd³"},"cup":{"_name":"căni","one":"%1$s c","few":"%1$s c","other":"%1$s c"},"deciliter":{"_name":"dl","one":"%1$s dl","few":"%1$s dl","other":"%1$s dl"},"fluid-ounce":{"_name":"fl oz","one":"%1$s fl oz","few":"%1$s fl oz","other":"%1$s fl oz"},"gallon":{"_name":"gal","one":"%1$s gal","few":"%1$s gal","other":"%1$s gal"},"hectoliter":{"_name":"hl","one":"%1$s hl","few":"%1$s hl","other":"%1$s hl"},"liter":{"_name":"l","one":"%1$s l","few":"%1$s l","other":"%1$s l"},"megaliter":{"_name":"Ml","one":"%1$s Ml","few":"%1$s Ml","other":"%1$s Ml"},"milliliter":{"_name":"ml","one":"%1$s ml","few":"%1$s ml","other":"%1$s ml"},"pint":{"_name":"pinte","one":"%1$s pt","few":"%1$s pt","other":"%1$s pt"},"quart":{"_name":"qt","one":"%1$s qt","few":"%1$s qt","other":"%1$s qt"},"tablespoon":{"_name":"tbsp","one":"%1$s tbsp","few":"%1$s tbsp","other":"%1$s tbsp"},"teaspoon":{"_name":"tsp","one":"%1$s tsp","few":"%1$s tsp","other":"%1$s tsp"}}},"_durationPattern":{"hm":"h:mm","hms":"h:mm:ss","ms":"m:ss"}}