{"ADP":{"name":"Đồng Peseta của Andora"},"AED":{"name":"Dirham UAE","pluralName":{"other":"dirham UAE"}},"AFA":{"name":"Đồng Afghani của Afghanistan (1927–2002)"},"AFN":{"name":"Afghani Afghanistan","pluralName":{"other":"afghani Afghanistan"}},"ALL":{"name":"Lek Albania","pluralName":{"other":"lek Albania"}},"AMD":{"name":"Dram Armenia","pluralName":{"other":"dram Armenia"}},"ANG":{"name":"Guilder Tây Ấn Hà Lan","pluralName":{"other":"guilder Tây Ấn Hà Lan"}},"AOA":{"name":"Kwanza Angola","pluralName":{"other":"kwanza Angola"},"symbolNarrow":"Kz"},"AOK":{"name":"Đồng Kwanza của Angola (1977–1991)"},"AON":{"name":"Đồng Kwanza Mới của Angola (1990–2000)"},"AOR":{"name":"Đồng Kwanza Điều chỉnh lại của Angola (1995–1999)"},"ARA":{"name":"Đồng Austral của Argentina"},"ARL":{"name":"Đồng Peso Ley của Argentina (1970–1983)"},"ARM":{"name":"Đồng Peso Argentina (1881–1970)"},"ARP":{"name":"Đồng Peso Argentina (1983–1985)"},"ARS":{"name":"Peso Argentina","pluralName":{"other":"peso Argentina"},"symbolNarrow":"$"},"ATS":{"name":"Đồng Schiling Áo"},"AUD":{"symbol":"AU$","name":"Đô la Australia","pluralName":{"other":"đô la Australia"},"symbolNarrow":"$"},"AWG":{"name":"Florin Aruba","pluralName":{"other":"florin Aruba"}},"AZM":{"name":"Đồng Manat của Azerbaijan (1993–2006)"},"AZN":{"name":"Manat Azerbaijan","pluralName":{"other":"manat Azerbaijan"}},"BAD":{"name":"Đồng Dinar của Bosnia-Herzegovina (1992–1994)"},"BAM":{"name":"Mark Bosnia-Herzegovina có thể chuyển đổi","pluralName":{"other":"mark Bosnia-Herzegovina có thể chuyển đổi"},"symbolNarrow":"KM"},"BAN":{"name":"Đồng Dinar Mới của Bosnia-Herzegovina (1994–1997)"},"BBD":{"name":"Đô la Barbados","pluralName":{"other":"đô la Barbados"},"symbolNarrow":"$"},"BDT":{"name":"Taka Bangladesh","pluralName":{"other":"taka Bangladesh"},"symbolNarrow":"৳"},"BEC":{"name":"Đồng Franc Bỉ (có thể chuyển đổi)"},"BEF":{"name":"Đồng Franc Bỉ"},"BEL":{"name":"Đồng Franc Bỉ (tài chính)"},"BGL":{"name":"Đồng Lev Xu của Bun-ga-ri"},"BGM":{"name":"Đồng Lev Xã hội chủ nghĩa của Bun-ga-ri"},"BGN":{"name":"Lev Bulgaria","pluralName":{"other":"lev Bulgaria"}},"BGO":{"name":"Đồng Lev của Bun-ga-ri (1879–1952)"},"BHD":{"name":"Dinar Bahrain","pluralName":{"other":"dinar Bahrain"}},"BIF":{"name":"Franc Burundi","pluralName":{"other":"franc Burundi"}},"BMD":{"name":"Đô la Bermuda","pluralName":{"other":"đô la Bermuda"},"symbolNarrow":"$"},"BND":{"name":"Đô la Brunei","pluralName":{"other":"đô la Brunei"},"symbolNarrow":"$"},"BOB":{"name":"Boliviano Bolivia","pluralName":{"other":"boliviano Bolivia"},"symbolNarrow":"Bs"},"BOL":{"name":"Đồng Boliviano của Bolivia (1863–1963)"},"BOP":{"name":"Đồng Peso Bolivia"},"BOV":{"name":"Đồng Mvdol Bolivia"},"BRB":{"name":"Đồng Cruzerio Mới của Braxin (1967–1986)"},"BRC":{"name":"Đồng Cruzado của Braxin (1986–1989)"},"BRE":{"name":"Đồng Cruzerio của Braxin (1990–1993)"},"BRL":{"symbol":"R$","name":"Real Braxin","pluralName":{"other":"real Braxin"},"symbolNarrow":"R$"},"BRN":{"name":"Đồng Cruzado Mới của Braxin (1989–1990)"},"BRR":{"name":"Đồng Cruzeiro của Braxin (1993–1994)"},"BRZ":{"name":"Đồng Cruzeiro của Braxin (1942–1967)"},"BSD":{"name":"Đô la Bahamas","pluralName":{"other":"đô la Bahamas"},"symbolNarrow":"$"},"BTN":{"name":"Ngultrum Bhutan","pluralName":{"other":"ngultrum Bhutan"}},"BUK":{"name":"Đồng Kyat Miến Điện"},"BWP":{"name":"Pula Botswana","pluralName":{"other":"pula Botswana"},"symbolNarrow":"P"},"BYB":{"name":"Đồng Rúp Mới của Belarus (1994–1999)"},"BYR":{"name":"Rúp Belarus","pluralName":{"other":"rúp Belarus"},"symbolNarrow":"р."},"BZD":{"name":"Đô la Belize","pluralName":{"other":"đô la Belize"},"symbolNarrow":"$"},"CAD":{"symbol":"CA$","name":"Đô la Canada","pluralName":{"other":"đô la Canada"},"symbolNarrow":"$"},"CDF":{"name":"Franc Congo","pluralName":{"other":"franc Congo"}},"CHE":{"name":"Đồng Euro WIR"},"CHF":{"name":"Franc Thụy sĩ","pluralName":{"other":"franc Thụy sĩ"}},"CHW":{"name":"Đồng France WIR"},"CLE":{"name":"Đồng Escudo của Chile"},"CLF":{"name":"Đơn vị Kế toán của Chile (UF)"},"CLP":{"name":"Peso Chile","pluralName":{"other":"peso Chile"},"symbolNarrow":"$"},"CNY":{"symbol":"CN¥","name":"Nhân dân tệ","pluralName":{"other":"nhân dân tệ"},"symbolNarrow":"¥"},"COP":{"name":"Peso Colombia","pluralName":{"other":"peso Colombia"},"symbolNarrow":"$"},"COU":{"name":"Đơn vị Giá trị Thực của Colombia"},"CRC":{"name":"Colón Costa Rica","pluralName":{"other":"colón Costa Rica"},"symbolNarrow":"₡"},"CSD":{"name":"Đồng Dinar của Serbia (2002–2006)"},"CSK":{"name":"Đồng Koruna Xu của Czechoslovakia"},"CUC":{"name":"Peso Cuba có thể chuyển đổi","pluralName":{"other":"peso Cuba có thể chuyển đổi"},"symbolNarrow":"$"},"CUP":{"name":"Peso Cuba","pluralName":{"other":"peso Cuba"},"symbolNarrow":"$"},"CVE":{"name":"Escudo Cape Verde","pluralName":{"other":"escudo Cape Verde"}},"CYP":{"name":"Đồng Bảng Síp"},"CZK":{"name":"Koruna Cộng hòa Séc","pluralName":{"other":"koruna Cộng hòa Séc"},"symbolNarrow":"Kč"},"DDM":{"name":"Đồng Mark Đông Đức"},"DEM":{"name":"Đồng Mark Đức"},"DJF":{"name":"Franc Djibouti","pluralName":{"other":"franc Djibouti"}},"DKK":{"name":"Krone Đan Mạch","pluralName":{"other":"krone Đan Mạch"},"symbolNarrow":"kr"},"DOP":{"name":"Peso Dominica","pluralName":{"other":"peso Dominica"},"symbolNarrow":"$"},"DZD":{"name":"Dinar Algeria","pluralName":{"other":"dinar Algeria"}},"ECS":{"name":"Đồng Scure Ecuador"},"ECV":{"name":"Đơn vị Giá trị Không đổi của Ecuador"},"EEK":{"name":"Crun Extônia"},"EGP":{"name":"Bảng Ai Cập","pluralName":{"other":"bảng Ai Cập"},"symbolNarrow":"E£"},"ERN":{"name":"Nakfa Eritrea","pluralName":{"other":"nakfa Eritrea"}},"ESA":{"name":"Đồng Peseta Tây Ban Nha (Tài khoản)"},"ESB":{"name":"Đồng Peseta Tây Ban Nha (tài khoản có thể chuyển đổi)"},"ESP":{"name":"Đồng Peseta Tây Ban Nha","symbolNarrow":"₧"},"ETB":{"name":"Birr Ethiopia","pluralName":{"other":"birr Ethiopia"}},"EUR":{"symbol":"€","name":"Euro","pluralName":{"other":"euro"},"symbolNarrow":"€"},"FIM":{"name":"Đồng Markka Phần Lan"},"FJD":{"name":"Đô la Fiji","pluralName":{"other":"đô la Fiji"},"symbolNarrow":"$"},"FKP":{"name":"Bảng Quần đảo Falkland","pluralName":{"other":"bảng Quần đảo Falkland"},"symbolNarrow":"£"},"FRF":{"name":"Franc Pháp"},"GBP":{"symbol":"£","name":"Bảng Anh","pluralName":{"other":"bảng Anh"},"symbolNarrow":"£"},"GEK":{"name":"Đồng Kupon Larit của Georgia"},"GEL":{"name":"Lari Gruzia"},"GHC":{"name":"Cedi Ghana (1979–2007)"},"GHS":{"name":"Cedi Ghana","pluralName":{"other":"cedi Ghana"}},"GIP":{"name":"Bảng Gibraltar","pluralName":{"other":"bảng Gibraltar"},"symbolNarrow":"£"},"GMD":{"name":"Dalasi Gambia","pluralName":{"other":"dalasi Gambia"}},"GNF":{"name":"Franc Guinea","pluralName":{"other":"franc Guinea"},"symbolNarrow":"FG"},"GNS":{"name":"Syli Guinea"},"GQE":{"name":"Đồng Ekwele của Guinea Xích Đạo"},"GRD":{"name":"Drachma Hy Lạp"},"GTQ":{"name":"Quetzal Guatemala","pluralName":{"other":"quetzal Guatemala"},"symbolNarrow":"Q"},"GWE":{"name":"Đồng Guinea Escudo Bồ Đào Nha"},"GWP":{"name":"Peso Guinea-Bissau"},"GYD":{"name":"Đô la Guyana","pluralName":{"other":"đô la Guyana"},"symbolNarrow":"$"},"HKD":{"symbol":"HK$","name":"Đô la Hồng Kông","pluralName":{"other":"đô la Hồng Kông"},"symbolNarrow":"$"},"HNL":{"name":"Lempira Honduras","pluralName":{"other":"lempira Honduras"},"symbolNarrow":"L"},"HRD":{"name":"Đồng Dinar Croatia"},"HRK":{"name":"Kuna Croatia","pluralName":{"other":"kuna Croatia"},"symbolNarrow":"kn"},"HTG":{"name":"Gourde Haiti","pluralName":{"other":"gourde Haiti"}},"HUF":{"name":"Forint Hungaria","pluralName":{"other":"forint Hungary"},"symbolNarrow":"Ft"},"IDR":{"name":"Rupiah Indonesia","pluralName":{"other":"rupiah Indonesia"},"symbolNarrow":"Rp"},"IEP":{"name":"Pao Ai-len"},"ILP":{"name":"Pao Ixraen"},"ILS":{"symbol":"₪","name":"Sheqel Israel mới","pluralName":{"other":"sheqel Israel mới"},"symbolNarrow":"₪"},"INR":{"symbol":"₹","name":"Rupee Ấn Độ","pluralName":{"other":"rupee Ấn Độ"},"symbolNarrow":"₹"},"IQD":{"name":"Dinar I-rắc","pluralName":{"other":"dinar I-rắc"}},"IRR":{"name":"Rial Iran","pluralName":{"other":"rial Iran"}},"ISK":{"name":"Króna Iceland","pluralName":{"other":"króna Iceland"},"symbolNarrow":"kr"},"ITL":{"name":"Lia Ý"},"JMD":{"name":"Đô la Jamaica","pluralName":{"other":"đô la Jamaica"},"symbolNarrow":"$"},"JOD":{"name":"Dinar Jordan","pluralName":{"other":"dinar Jordan"}},"JPY":{"symbol":"JP¥","name":"Yên Nhật","pluralName":{"other":"yên Nhật"},"symbolNarrow":"¥"},"KES":{"name":"Shilling Kenya","pluralName":{"other":"shilling Kenya"}},"KGS":{"name":"Som Kyrgyzstan","pluralName":{"other":"som Kyrgyzstan"}},"KHR":{"name":"Riel Campuchia","pluralName":{"other":"riel Campuchia"},"symbolNarrow":"៛"},"KMF":{"name":"Franc Comoros","pluralName":{"other":"franc Comoros"},"symbolNarrow":"CF"},"KPW":{"name":"Won Triều Tiên","pluralName":{"other":"won Triều Tiên"},"symbolNarrow":"₩"},"KRH":{"name":"Đồng Hwan Hàn Quốc (1953–1962)"},"KRO":{"name":"Đồng Won Hàn Quốc (1945–1953)"},"KRW":{"symbol":"₩","name":"Won Hàn Quốc","pluralName":{"other":"won Hàn Quốc"},"symbolNarrow":"₩"},"KWD":{"name":"Dinar Kuwait","pluralName":{"other":"dinar Kuwait"}},"KYD":{"name":"Đô la Quần đảo Cayman","pluralName":{"other":"đô la Quần đảo Cayman"},"symbolNarrow":"$"},"KZT":{"name":"Tenge Kazakhstan","pluralName":{"other":"tenge Kazakhstan"},"symbolNarrow":"₸"},"LAK":{"name":"Kip Lào","pluralName":{"other":"kip Lào"},"symbolNarrow":"₭"},"LBP":{"name":"Bảng Li-băng","pluralName":{"other":"bảng Li-băng"},"symbolNarrow":"L£"},"LKR":{"name":"Rupee Sri Lanka","pluralName":{"other":"rupee Sri Lanka"},"symbolNarrow":"Rs"},"LRD":{"name":"Đô la Liberia","pluralName":{"other":"đô la Liberia"},"symbolNarrow":"$"},"LSL":{"name":"Ioti Lesotho"},"LTL":{"name":"Litas Lít-va","pluralName":{"other":"litas Lít-va"},"symbolNarrow":"Lt"},"LTT":{"name":"Đồng Talonas Litva"},"LUC":{"name":"Đồng Franc Luxembourg có thể chuyển đổi"},"LUF":{"name":"Đồng Franc Luxembourg"},"LUL":{"name":"Đồng Franc Luxembourg tài chính"},"LVL":{"name":"Lats Latvia","pluralName":{"other":"lats Lativia"},"symbolNarrow":"Ls"},"LVR":{"name":"Đồng Rúp Latvia"},"LYD":{"name":"Dinar Libi","pluralName":{"other":"dinar Libi"}},"MAD":{"name":"Dirham Ma-rốc","pluralName":{"other":"dirham Ma-rốc"}},"MAF":{"name":"Đồng Franc Ma-rốc"},"MCF":{"name":"Đồng Franc Monegasque"},"MDC":{"name":"Đồng Cupon Moldova"},"MDL":{"name":"Leu Moldova","pluralName":{"other":"leu Moldova"}},"MGA":{"name":"Ariary Malagasy","pluralName":{"other":"ariary Malagasy"},"symbolNarrow":"Ar"},"MGF":{"name":"Đồng Franc Magalasy"},"MKD":{"name":"Denar Macedonia","pluralName":{"other":"denar Macedonia"}},"MKN":{"name":"Đồng Denar Macedonia (1992–1993)"},"MLF":{"name":"Đồng Franc Mali"},"MMK":{"name":"Kyat Myanma","pluralName":{"other":"kyat Myanma"},"symbolNarrow":"K"},"MNT":{"name":"Tugrik Mông Cổ","pluralName":{"other":"tugrik Mông Cổ"},"symbolNarrow":"₮"},"MOP":{"name":"Pataca Ma Cao","pluralName":{"other":"pataca Ma Cao"}},"MRO":{"name":"Ouguiya Mauritania","pluralName":{"other":"ouguiya Mauritania"}},"MTL":{"name":"Lia xứ Man-tơ"},"MTP":{"name":"Đồng Bảng Malta"},"MUR":{"name":"Rupee Mauritius","pluralName":{"other":"rupee Mauritius"},"symbolNarrow":"Rs"},"MVR":{"name":"Rufiyaa Maldives","pluralName":{"other":"rufiyaa Maldives"}},"MWK":{"name":"Kwacha Malawi","pluralName":{"other":"kwacha Malawi"}},"MXN":{"symbol":"MX$","name":"Peso Mexico","pluralName":{"other":"peso Mexico"},"symbolNarrow":"$"},"MXP":{"name":"Đồng Peso Bạc Mê-hi-cô (1861–1992)"},"MXV":{"name":"Đơn vị Đầu tư Mê-hi-cô"},"MYR":{"name":"Ringgit Malaysia","pluralName":{"other":"ringgit Malaysia"},"symbolNarrow":"RM"},"MZE":{"name":"Escudo Mozambique"},"MZM":{"name":"Đồng Metical Mozambique (1980–2006)"},"MZN":{"name":"Metical Mozambique","pluralName":{"other":"metical Mozambique"}},"NAD":{"name":"Đô la Namibia","pluralName":{"other":"đô la Namibia"},"symbolNarrow":"$"},"NGN":{"name":"Naira Nigeria","pluralName":{"other":"naira Nigeria"},"symbolNarrow":"₦"},"NIC":{"name":"Đồng Córdoba Nicaragua (1988–1991)"},"NIO":{"name":"Córdoba Nicaragua","pluralName":{"other":"córdoba Nicaragua"},"symbolNarrow":"C$"},"NLG":{"name":"Đồng Guilder Hà Lan"},"NOK":{"name":"Krone Na Uy","pluralName":{"other":"krone Na Uy"},"symbolNarrow":"kr"},"NPR":{"name":"Rupee Nepal","pluralName":{"other":"rupee Nepal"},"symbolNarrow":"Rs"},"NZD":{"symbol":"NZ$","name":"Đô la New Zealand","pluralName":{"other":"đô la New Zealand"},"symbolNarrow":"$"},"OMR":{"name":"Rial Oman","pluralName":{"other":"rial Oman"}},"PAB":{"name":"Balboa Panama","pluralName":{"other":"balboa Panama"}},"PEI":{"name":"Đồng Inti Peru"},"PEN":{"name":"Nuevo Sol Peru","pluralName":{"other":"nuevo sol Peru"}},"PES":{"name":"Đồng Sol Peru (1863–1965)"},"PGK":{"name":"Kina Papua New Guinean","pluralName":{"other":"kina Papua New Guinean"}},"PHP":{"name":"Peso Philipin","pluralName":{"other":"peso Philipin"},"symbolNarrow":"₱"},"PKR":{"name":"Rupee Pakistan","pluralName":{"other":"rupee Pakistan"},"symbolNarrow":"Rs"},"PLN":{"name":"Zloty Ba Lan","symbolNarrow":"zł"},"PLZ":{"name":"Đồng Zloty Ba Lan (1950–1995)"},"PTE":{"name":"Đồng Escudo Bồ Đào Nha"},"PYG":{"name":"Guarani Paraguay","pluralName":{"other":"guarani Paraguay"},"symbolNarrow":"₲"},"QAR":{"name":"Rial Qatar","pluralName":{"other":"rial Qatar"}},"RHD":{"name":"Đồng Đô la Rhode"},"ROL":{"name":"Đồng Leu Rumani (1952–2006)"},"RON":{"name":"Leu Romania","pluralName":{"other":"leu Romania"}},"RSD":{"name":"Dinar Serbia","pluralName":{"other":"dinar Serbia"}},"RUB":{"name":"Rúp Nga","symbolAlt":"₽"},"RUR":{"name":"Đồng Rúp Nga (1991–1998)","symbolNarrow":"р."},"RWF":{"name":"Franc Rwanda","pluralName":{"other":"franc Rwanda"},"symbolNarrow":"RF"},"SAR":{"name":"Riyal Ả Rập Xê-út","pluralName":{"other":"riyal Ả Rập Xê-út"}},"SBD":{"name":"Đô la quần đảo Solomon","pluralName":{"other":"đô la quần đảo Solomon"},"symbolNarrow":"$"},"SCR":{"name":"Rupee Seychelles","pluralName":{"other":"rupee Seychelles"}},"SDD":{"name":"Đồng Dinar Sudan (1992–2007)"},"SDG":{"name":"Bảng Sudan","pluralName":{"other":"bảng Sudan"}},"SDP":{"name":"Đồng Bảng Sudan (1957–1998)"},"SEK":{"name":"Krona Thụy Điển","pluralName":{"other":"krona Thụy Điển"},"symbolNarrow":"kr"},"SGD":{"name":"Đô la Singapore","pluralName":{"other":"đô la Singapore"},"symbolNarrow":"$"},"SHP":{"name":"Bảng Saint Helena","pluralName":{"other":"bảng Saint Helena"},"symbolNarrow":"£"},"SIT":{"name":"Tôla Xlôvênia"},"SKK":{"name":"Cuaron Xlôvác"},"SLL":{"name":"Leone Sierra Leone","pluralName":{"other":"leone Sierra Leone"}},"SOS":{"name":"Schilling Somali","pluralName":{"other":"schilling Somali"}},"SRD":{"name":"Đô la Suriname","pluralName":{"other":"đô la Suriname"},"symbolNarrow":"$"},"SRG":{"name":"Đồng Guilder Surinam"},"SSP":{"name":"Bảng Nam Sudan","pluralName":{"other":"bảng Nam Sudan"},"symbolNarrow":"£"},"STD":{"name":"Dobra São Tomé và Príncipe","pluralName":{"other":"dobra São Tomé và Príncipe"},"symbolNarrow":"Db"},"SUR":{"name":"Đồng Rúp Sô viết"},"SVC":{"name":"Colón El Salvador"},"SYP":{"name":"Bảng Syria","pluralName":{"other":"bảng Syria"},"symbolNarrow":"£"},"SZL":{"name":"Lilangeni Swaziland","pluralName":{"other":"emalangeni Swaziland"}},"THB":{"symbol":"฿","name":"Bạt Thái Lan","pluralName":{"other":"bạt Thái Lan"},"symbolNarrow":"฿"},"TJR":{"name":"Đồng Rúp Tajikistan"},"TJS":{"name":"Somoni Tajikistan","pluralName":{"other":"somoni Tajikistan"}},"TMM":{"name":"Đồng Manat Turkmenistan (1993–2009)"},"TMT":{"name":"Manat Turkmenistan","pluralName":{"other":"manat Turkmenistan"}},"TND":{"name":"Dinar Tunisia","pluralName":{"other":"dinar Tunisia"}},"TOP":{"name":"Paʻanga Tonga","pluralName":{"other":"paʻanga Tonga"},"symbolNarrow":"T$"},"TPE":{"name":"Đồng Escudo Timor"},"TRL":{"name":"Lia Thổ Nhĩ Kỳ (1922–2005)","pluralName":{"other":"lia Thổ Nhĩ Kỳ (1922–2005)"}},"TRY":{"name":"Lia Thổ Nhĩ Kỳ","pluralName":{"other":"lia Thổ Nhĩ Kỳ"},"symbolNarrow":"₺","symbolAlt":"TL"},"TTD":{"name":"Đô la Trinidad và Tobago","pluralName":{"other":"đô la Trinidad và Tobago"},"symbolNarrow":"$"},"TWD":{"symbol":"NT$","name":"Đô la Đài Loan mới","pluralName":{"other":"đô la Đài Loan mới"},"symbolNarrow":"NT$"},"TZS":{"name":"Shilling Tanzania","pluralName":{"other":"shilling Tanzania"}},"UAH":{"name":"Hryvnia Ucraina","pluralName":{"other":"hryvnia Ucraina"},"symbolNarrow":"₴"},"UAK":{"name":"Đồng Karbovanets Ucraina"},"UGS":{"name":"Đồng Shilling Uganda (1966–1987)"},"UGX":{"name":"Shilling Uganda","pluralName":{"other":"shilling Uganda"}},"USD":{"symbol":"US$","name":"Đô la Mỹ","pluralName":{"other":"đô la Mỹ"},"symbolNarrow":"$"},"USN":{"name":"Đô la Mỹ (Ngày tiếp theo)"},"USS":{"name":"Đô la Mỹ (Cùng ngày)"},"UYI":{"name":"Đồng Peso Uruguay (Đơn vị Theo chỉ số)"},"UYP":{"name":"Đồng Peso Uruguay (1975–1993)"},"UYU":{"name":"Peso Uruguay","pluralName":{"other":"peso Uruguay"},"symbolNarrow":"$"},"UZS":{"name":"Som Uzbekistan","pluralName":{"other":"som Uzbekistan"}},"VEB":{"name":"Đồng bolívar của Venezuela (1871–2008)"},"VEF":{"name":"Bolívar Venezuela","pluralName":{"other":"bolívar Venezuela"},"symbolNarrow":"Bs"},"VND":{"symbol":"₫","name":"Đồng Việt Nam","pluralName":{"other":"đồng Việt Nam"},"symbolNarrow":"₫"},"VNN":{"name":"Đồng Việt Nam (1978–1985)"},"VUV":{"name":"Vatu Vanuatu","pluralName":{"other":"vatu Vanuatu"}},"WST":{"name":"Tala Samoa","pluralName":{"other":"tala Samoa"}},"XAF":{"symbol":"FCFA","name":"CFA Franc BEAC"},"XAG":{"name":"Bạc"},"XAU":{"name":"Vàng"},"XBA":{"name":"Đơn vị Tổng hợp Châu Âu"},"XBB":{"name":"Đơn vị Tiền tệ Châu Âu"},"XBC":{"name":"Đơn vị Kế toán Châu Âu (XBC)"},"XBD":{"name":"Đơn vị Kế toán Châu Âu (XBD)"},"XCD":{"symbol":"EC$","name":"Đô la Đông Caribê","pluralName":{"other":"đô la Đông Caribê"},"symbolNarrow":"$"},"XDR":{"name":"Quyền Rút vốn Đặc biệt"},"XEU":{"name":"Đơn vị Tiền Châu Âu"},"XFO":{"name":"Đồng France Pháp Vàng"},"XFU":{"name":"Đồng UIC-Franc Pháp"},"XOF":{"symbol":"CFA","name":"Franc CFA BCEAO","pluralName":{"other":"franc CFA BCEAO"}},"XPD":{"name":"Paladi"},"XPF":{"symbol":"CFPF","name":"Franc CFP","pluralName":{"other":"franc CFP"}},"XPT":{"name":"Bạch kim"},"XRE":{"name":"Quỹ RINET"},"XSU":{"name":"XSU"},"XTS":{"name":"Mã Tiền tệ Kiểm tra"},"XUA":{"name":"XUA"},"XXX":{"name":"Tiền tệ chưa biết","pluralName":{"other":"(tiền tệ chưa biết)"}},"YDD":{"name":"Đồng Dinar Yemen"},"YER":{"name":"Rial Yemen","pluralName":{"other":"rial Yemen"}},"YUD":{"name":"Đồng Dinar Nam Tư Xu (1966–1990)"},"YUM":{"name":"Đồng Dinar Nam Tư Mới (1994–2002)"},"YUN":{"name":"Đồng Dinar Nam Tư Có thể chuyển đổi (1990–1992)"},"YUR":{"name":"Đồng Dinar Nam Tư Tái cơ cấu (1992–1993)"},"ZAL":{"name":"Đồng Rand Nam Phi (tài chính)"},"ZAR":{"name":"Rand Nam Phi","pluralName":{"other":"rand Nam Phi"},"symbolNarrow":"R"},"ZMK":{"name":"Đồng kwacha của Zambia (1968–2012)"},"ZMW":{"name":"Kwacha Zambia","pluralName":{"other":"kwacha Zambia"},"symbolNarrow":"ZK"},"ZRN":{"name":"Đồng Zaire Mới (1993–1998)"},"ZRZ":{"name":"Đồng Zaire (1971–1993)"},"ZWD":{"name":"Đồng Đô la Zimbabwe (1980–2008)"},"ZWL":{"name":"Đồng Đô la Zimbabwe (2009)"},"ZWR":{"name":"Đồng Đô la Zimbabwe (2008)"},"ALK":{"name":"Albanian Lek (1946–1965)","pluralName":{"one":"Albanian lek (1946–1965)","other":"Albanian lekë (1946–1965)"}},"CNX":{"name":"Chinese People’s Bank Dollar","pluralName":{"one":"Chinese People’s Bank dollar","other":"Chinese People’s Bank dollars"}},"ILR":{"name":"Israeli Sheqel (1980–1985)","pluralName":{"one":"Israeli sheqel (1980–1985)","other":"Israeli sheqels (1980–1985)"}},"ISJ":{"name":"Icelandic Króna (1918–1981)","pluralName":{"one":"Icelandic króna (1918–1981)","other":"Icelandic krónur (1918–1981)"}},"MVP":{"name":"Maldivian Rupee (1947–1981)","pluralName":{"one":"Maldivian rupee (1947–1981)","other":"Maldivian rupees (1947–1981)"}}}