{"hourFormat":"+HH:mm;-HH:mm","gmtFormat":"GMT%1$s","gmtZeroFormat":"GMT","regionFormat":"Giờ %1$s","regionFormat-type-standard":"Giờ chuẩn %1$s","regionFormat-type-daylight":"Giờ ban ngày %1$s","fallbackFormat":"%2$s (%1$s)","zone":{"America":{"Adak":{"exemplarCity":"Adak"},"Anchorage":{"exemplarCity":"Anchorage"},"Anguilla":{"exemplarCity":"Anguilla"},"Antigua":{"exemplarCity":"Antigua"},"Araguaina":{"exemplarCity":"Araguaina"},"Argentina":{"La_Rioja":{"exemplarCity":"La Rioja"},"Rio_Gallegos":{"exemplarCity":"Rio Gallegos"},"Salta":{"exemplarCity":"Salta"},"San_Juan":{"exemplarCity":"San Juan"},"San_Luis":{"exemplarCity":"San Luis"},"Tucuman":{"exemplarCity":"Tucuman"},"Ushuaia":{"exemplarCity":"Ushuaia"}},"Aruba":{"exemplarCity":"Aruba"},"Asuncion":{"exemplarCity":"Asuncion"},"Bahia":{"exemplarCity":"Bahia"},"Bahia_Banderas":{"exemplarCity":"Bahia Banderas"},"Barbados":{"exemplarCity":"Barbados"},"Belem":{"exemplarCity":"Belem"},"Belize":{"exemplarCity":"Belize"},"Blanc-Sablon":{"exemplarCity":"Blanc-Sablon"},"Boa_Vista":{"exemplarCity":"Boa Vista"},"Bogota":{"exemplarCity":"Bogota"},"Boise":{"exemplarCity":"Boise"},"Buenos_Aires":{"exemplarCity":"Buenos Aires"},"Cambridge_Bay":{"exemplarCity":"Cambridge Bay"},"Campo_Grande":{"exemplarCity":"Campo Grande"},"Cancun":{"exemplarCity":"Cancun"},"Caracas":{"exemplarCity":"Caracas"},"Catamarca":{"exemplarCity":"Catamarca"},"Cayenne":{"exemplarCity":"Cayenne"},"Cayman":{"exemplarCity":"Cayman"},"Chicago":{"exemplarCity":"Chicago"},"Chihuahua":{"exemplarCity":"Chihuahua"},"Coral_Harbour":{"exemplarCity":"Atikokan"},"Cordoba":{"exemplarCity":"Cordoba"},"Costa_Rica":{"exemplarCity":"Costa Rica"},"Creston":{"exemplarCity":"Creston"},"Cuiaba":{"exemplarCity":"Cuiaba"},"Curacao":{"exemplarCity":"Curaçao"},"Danmarkshavn":{"exemplarCity":"Danmarkshavn"},"Dawson":{"exemplarCity":"Dawson"},"Dawson_Creek":{"exemplarCity":"Dawson Creek"},"Denver":{"exemplarCity":"Denver"},"Detroit":{"exemplarCity":"Detroit"},"Dominica":{"exemplarCity":"Dominica"},"Edmonton":{"exemplarCity":"Edmonton"},"Eirunepe":{"exemplarCity":"Eirunepe"},"El_Salvador":{"exemplarCity":"El Salvador"},"Fortaleza":{"exemplarCity":"Fortaleza"},"Glace_Bay":{"exemplarCity":"Glace Bay"},"Godthab":{"exemplarCity":"Nuuk"},"Goose_Bay":{"exemplarCity":"Goose Bay"},"Grand_Turk":{"exemplarCity":"Grand Turk"},"Grenada":{"exemplarCity":"Grenada"},"Guadeloupe":{"exemplarCity":"Guadeloupe"},"Guatemala":{"exemplarCity":"Guatemala"},"Guayaquil":{"exemplarCity":"Guayaquil"},"Guyana":{"exemplarCity":"Guyana"},"Halifax":{"exemplarCity":"Halifax"},"Havana":{"exemplarCity":"Havana"},"Hermosillo":{"exemplarCity":"Hermosillo"},"Indiana":{"Knox":{"exemplarCity":"Knox, Indiana"},"Marengo":{"exemplarCity":"Marengo, Indiana"},"Petersburg":{"exemplarCity":"Petersburg, Indiana"},"Tell_City":{"exemplarCity":"Tell City, Indiana"},"Vevay":{"exemplarCity":"Vevay, Indiana"},"Vincennes":{"exemplarCity":"Vincennes, Indiana"},"Winamac":{"exemplarCity":"Winamac, Indiana"}},"Indianapolis":{"exemplarCity":"Indianapolis"},"Inuvik":{"exemplarCity":"Inuvik"},"Iqaluit":{"exemplarCity":"Iqaluit"},"Jamaica":{"exemplarCity":"Jamaica"},"Jujuy":{"exemplarCity":"Jujuy"},"Juneau":{"exemplarCity":"Juneau"},"Kentucky":{"Monticello":{"exemplarCity":"Monticello, Kentucky"}},"Kralendijk":{"exemplarCity":"Kralendijk"},"La_Paz":{"exemplarCity":"La Paz"},"Lima":{"exemplarCity":"Lima"},"Los_Angeles":{"exemplarCity":"Los Angeles"},"Louisville":{"exemplarCity":"Louisville"},"Lower_Princes":{"exemplarCity":"Lower Prince’s Quarter"},"Maceio":{"exemplarCity":"Maceio"},"Managua":{"exemplarCity":"Managua"},"Manaus":{"exemplarCity":"Manaus"},"Marigot":{"exemplarCity":"Marigot"},"Martinique":{"exemplarCity":"Martinique"},"Matamoros":{"exemplarCity":"Matamoros"},"Mazatlan":{"exemplarCity":"Mazatlan"},"Mendoza":{"exemplarCity":"Mendoza"},"Menominee":{"exemplarCity":"Menominee"},"Merida":{"exemplarCity":"Merida"},"Metlakatla":{"exemplarCity":"Metlakatla"},"Mexico_City":{"exemplarCity":"Mexico City"},"Miquelon":{"exemplarCity":"Miquelon"},"Moncton":{"exemplarCity":"Moncton"},"Monterrey":{"exemplarCity":"Monterrey"},"Montevideo":{"exemplarCity":"Montevideo"},"Montserrat":{"exemplarCity":"Montserrat"},"Nassau":{"exemplarCity":"Nassau"},"New_York":{"exemplarCity":"New York"},"Nipigon":{"exemplarCity":"Nipigon"},"Nome":{"exemplarCity":"Nome"},"Noronha":{"exemplarCity":"Noronha"},"North_Dakota":{"Beulah":{"exemplarCity":"Beulah, Bắc Dakota"},"Center":{"exemplarCity":"Center, Bắc Dakota"},"New_Salem":{"exemplarCity":"New Salem, Bắc Dakota"}},"Ojinaga":{"exemplarCity":"Ojinaga"},"Panama":{"exemplarCity":"Panama"},"Pangnirtung":{"exemplarCity":"Pangnirtung"},"Paramaribo":{"exemplarCity":"Paramaribo"},"Phoenix":{"exemplarCity":"Phoenix"},"Port-au-Prince":{"exemplarCity":"Port-au-Prince"},"Port_of_Spain":{"exemplarCity":"Port of Spain"},"Porto_Velho":{"exemplarCity":"Porto Velho"},"Puerto_Rico":{"exemplarCity":"Puerto Rico"},"Rainy_River":{"exemplarCity":"Rainy River"},"Rankin_Inlet":{"exemplarCity":"Rankin Inlet"},"Recife":{"exemplarCity":"Recife"},"Regina":{"exemplarCity":"Regina"},"Resolute":{"exemplarCity":"Resolute"},"Rio_Branco":{"exemplarCity":"Rio Branco"},"Santa_Isabel":{"exemplarCity":"Santa Isabel"},"Santarem":{"exemplarCity":"Santarem"},"Santiago":{"exemplarCity":"Santiago"},"Santo_Domingo":{"exemplarCity":"Santo Domingo"},"Sao_Paulo":{"exemplarCity":"Sao Paulo"},"Scoresbysund":{"exemplarCity":"Ittoqqortoormiit"},"Sitka":{"exemplarCity":"Sitka"},"St_Barthelemy":{"exemplarCity":"Saint Barthélemy"},"St_Johns":{"exemplarCity":"St. John’s"},"St_Kitts":{"exemplarCity":"St. Kitts"},"St_Lucia":{"exemplarCity":"St. Lucia"},"St_Thomas":{"exemplarCity":"St. Thomas"},"St_Vincent":{"exemplarCity":"St. Vincent"},"Swift_Current":{"exemplarCity":"Swift Current"},"Tegucigalpa":{"exemplarCity":"Tegucigalpa"},"Thule":{"exemplarCity":"Thule"},"Thunder_Bay":{"exemplarCity":"Thunder Bay"},"Tijuana":{"exemplarCity":"Tijuana"},"Toronto":{"exemplarCity":"Toronto"},"Tortola":{"exemplarCity":"Tortola"},"Vancouver":{"exemplarCity":"Vancouver"},"Whitehorse":{"exemplarCity":"Whitehorse"},"Winnipeg":{"exemplarCity":"Winnipeg"},"Yakutat":{"exemplarCity":"Yakutat"},"Yellowknife":{"exemplarCity":"Yellowknife"}},"Atlantic":{"Azores":{"exemplarCity":"Azores"},"Bermuda":{"exemplarCity":"Bermuda"},"Canary":{"exemplarCity":"Canary"},"Cape_Verde":{"exemplarCity":"Cape Verde"},"Faeroe":{"exemplarCity":"Faroe"},"Madeira":{"exemplarCity":"Madeira"},"Reykjavik":{"exemplarCity":"Reykjavik"},"South_Georgia":{"exemplarCity":"Nam Georgia"},"St_Helena":{"exemplarCity":"St. Helena"},"Stanley":{"exemplarCity":"Stanley"}},"Europe":{"Amsterdam":{"exemplarCity":"Amsterdam"},"Andorra":{"exemplarCity":"Andorra"},"Athens":{"exemplarCity":"Athens"},"Belgrade":{"exemplarCity":"Belgrade"},"Berlin":{"exemplarCity":"Berlin"},"Bratislava":{"exemplarCity":"Bratislava"},"Brussels":{"exemplarCity":"Brussels"},"Bucharest":{"exemplarCity":"Bucharest"},"Budapest":{"exemplarCity":"Budapest"},"Busingen":{"exemplarCity":"Busingen"},"Chisinau":{"exemplarCity":"Chisinau"},"Copenhagen":{"exemplarCity":"Copenhagen"},"Dublin":{"long":{"daylight":"Giờ chuẩn Ai-len"},"exemplarCity":"Dublin"},"Gibraltar":{"exemplarCity":"Gibraltar"},"Guernsey":{"exemplarCity":"Guernsey"},"Helsinki":{"exemplarCity":"Helsinki"},"Isle_of_Man":{"exemplarCity":"Đảo Man"},"Istanbul":{"exemplarCity":"Istanbul"},"Jersey":{"exemplarCity":"Jersey"},"Kaliningrad":{"exemplarCity":"Kaliningrad"},"Kiev":{"exemplarCity":"Kiev"},"Lisbon":{"exemplarCity":"Lisbon"},"Ljubljana":{"exemplarCity":"Ljubljana"},"London":{"long":{"daylight":"Giờ Mùa Hè Anh"},"exemplarCity":"London"},"Luxembourg":{"exemplarCity":"Luxembourg"},"Madrid":{"exemplarCity":"Madrid"},"Malta":{"exemplarCity":"Malta"},"Mariehamn":{"exemplarCity":"Mariehamn"},"Minsk":{"exemplarCity":"Minsk"},"Monaco":{"exemplarCity":"Monaco"},"Moscow":{"exemplarCity":"Mát-xcơ-va"},"Oslo":{"exemplarCity":"Oslo"},"Paris":{"exemplarCity":"Paris"},"Podgorica":{"exemplarCity":"Podgorica"},"Prague":{"exemplarCity":"Praha"},"Riga":{"exemplarCity":"Riga"},"Rome":{"exemplarCity":"Rome"},"Samara":{"exemplarCity":"Samara"},"San_Marino":{"exemplarCity":"San Marino"},"Sarajevo":{"exemplarCity":"Sarajevo"},"Simferopol":{"exemplarCity":"Simferopol"},"Skopje":{"exemplarCity":"Skopje"},"Sofia":{"exemplarCity":"Sofia"},"Stockholm":{"exemplarCity":"Stockholm"},"Tallinn":{"exemplarCity":"Tallinn"},"Tirane":{"exemplarCity":"Tirane"},"Uzhgorod":{"exemplarCity":"Uzhgorod"},"Vaduz":{"exemplarCity":"Vaduz"},"Vatican":{"exemplarCity":"Vatican"},"Vienna":{"exemplarCity":"Viên"},"Vilnius":{"exemplarCity":"Vilnius"},"Volgograd":{"exemplarCity":"Volgograd"},"Warsaw":{"exemplarCity":"Warsaw"},"Zagreb":{"exemplarCity":"Zagreb"},"Zaporozhye":{"exemplarCity":"Zaporozhye"},"Zurich":{"exemplarCity":"Zurich"}},"Africa":{"Abidjan":{"exemplarCity":"Abidjan"},"Accra":{"exemplarCity":"Accra"},"Addis_Ababa":{"exemplarCity":"Addis Ababa"},"Algiers":{"exemplarCity":"Algiers"},"Asmera":{"exemplarCity":"Asmara"},"Bamako":{"exemplarCity":"Bamako"},"Bangui":{"exemplarCity":"Bangui"},"Banjul":{"exemplarCity":"Banjul"},"Bissau":{"exemplarCity":"Bissau"},"Blantyre":{"exemplarCity":"Blantyre"},"Brazzaville":{"exemplarCity":"Brazzaville"},"Bujumbura":{"exemplarCity":"Bujumbura"},"Cairo":{"exemplarCity":"Cairo"},"Casablanca":{"exemplarCity":"Casablanca"},"Ceuta":{"exemplarCity":"Ceuta"},"Conakry":{"exemplarCity":"Conakry"},"Dakar":{"exemplarCity":"Dakar"},"Dar_es_Salaam":{"exemplarCity":"Dar es Salaam"},"Djibouti":{"exemplarCity":"Djibouti"},"Douala":{"exemplarCity":"Douala"},"El_Aaiun":{"exemplarCity":"El Aaiun"},"Freetown":{"exemplarCity":"Freetown"},"Gaborone":{"exemplarCity":"Gaborone"},"Harare":{"exemplarCity":"Harare"},"Johannesburg":{"exemplarCity":"Johannesburg"},"Juba":{"exemplarCity":"Juba"},"Kampala":{"exemplarCity":"Kampala"},"Khartoum":{"exemplarCity":"Khartoum"},"Kigali":{"exemplarCity":"Kigali"},"Kinshasa":{"exemplarCity":"Kinshasa"},"Lagos":{"exemplarCity":"Lagos"},"Libreville":{"exemplarCity":"Libreville"},"Lome":{"exemplarCity":"Lome"},"Luanda":{"exemplarCity":"Luanda"},"Lubumbashi":{"exemplarCity":"Lubumbashi"},"Lusaka":{"exemplarCity":"Lusaka"},"Malabo":{"exemplarCity":"Malabo"},"Maputo":{"exemplarCity":"Maputo"},"Maseru":{"exemplarCity":"Maseru"},"Mbabane":{"exemplarCity":"Mbabane"},"Mogadishu":{"exemplarCity":"Mogadishu"},"Monrovia":{"exemplarCity":"Monrovia"},"Nairobi":{"exemplarCity":"Nairobi"},"Ndjamena":{"exemplarCity":"Ndjamena"},"Niamey":{"exemplarCity":"Niamey"},"Nouakchott":{"exemplarCity":"Nouakchott"},"Ouagadougou":{"exemplarCity":"Ouagadougou"},"Porto-Novo":{"exemplarCity":"Porto-Novo"},"Sao_Tome":{"exemplarCity":"São Tomé"},"Tripoli":{"exemplarCity":"Tripoli"},"Tunis":{"exemplarCity":"Tunis"},"Windhoek":{"exemplarCity":"Windhoek"}},"Asia":{"Aden":{"exemplarCity":"Aden"},"Almaty":{"exemplarCity":"Almaty"},"Amman":{"exemplarCity":"Amman"},"Anadyr":{"exemplarCity":"Anadyr"},"Aqtau":{"exemplarCity":"Aqtau"},"Aqtobe":{"exemplarCity":"Aqtobe"},"Ashgabat":{"exemplarCity":"Ashgabat"},"Baghdad":{"exemplarCity":"Baghdad"},"Bahrain":{"exemplarCity":"Bahrain"},"Baku":{"exemplarCity":"Baku"},"Bangkok":{"exemplarCity":"Bangkok"},"Beirut":{"exemplarCity":"Beirut"},"Bishkek":{"exemplarCity":"Bishkek"},"Brunei":{"exemplarCity":"Brunei"},"Calcutta":{"exemplarCity":"Kolkata"},"Chita":{"exemplarCity":"Chita"},"Choibalsan":{"exemplarCity":"Choibalsan"},"Colombo":{"exemplarCity":"Colombo"},"Damascus":{"exemplarCity":"Damascus"},"Dhaka":{"exemplarCity":"Dhaka"},"Dili":{"exemplarCity":"Dili"},"Dubai":{"exemplarCity":"Dubai"},"Dushanbe":{"exemplarCity":"Dushanbe"},"Gaza":{"exemplarCity":"Gaza"},"Hebron":{"exemplarCity":"Hebron"},"Hong_Kong":{"exemplarCity":"Hồng Kông"},"Hovd":{"exemplarCity":"Hovd"},"Irkutsk":{"exemplarCity":"Irkutsk"},"Jakarta":{"exemplarCity":"Jakarta"},"Jayapura":{"exemplarCity":"Jayapura"},"Jerusalem":{"exemplarCity":"Jerusalem"},"Kabul":{"exemplarCity":"Kabul"},"Kamchatka":{"exemplarCity":"Kamchatka"},"Karachi":{"exemplarCity":"Karachi"},"Katmandu":{"exemplarCity":"Kathmandu"},"Khandyga":{"exemplarCity":"Khandyga"},"Krasnoyarsk":{"exemplarCity":"Krasnoyarsk"},"Kuala_Lumpur":{"exemplarCity":"Kuala Lumpur"},"Kuching":{"exemplarCity":"Kuching"},"Kuwait":{"exemplarCity":"Kuwait"},"Macau":{"exemplarCity":"Ma Cao"},"Magadan":{"exemplarCity":"Magadan"},"Makassar":{"exemplarCity":"Makassar"},"Manila":{"exemplarCity":"Manila"},"Muscat":{"exemplarCity":"Muscat"},"Nicosia":{"exemplarCity":"Nicosia"},"Novokuznetsk":{"exemplarCity":"Novokuznetsk"},"Novosibirsk":{"exemplarCity":"Novosibirsk"},"Omsk":{"exemplarCity":"Omsk"},"Oral":{"exemplarCity":"Oral"},"Phnom_Penh":{"exemplarCity":"Phnom Penh"},"Pontianak":{"exemplarCity":"Pontianak"},"Pyongyang":{"exemplarCity":"Bình Nhưỡng"},"Qatar":{"exemplarCity":"Qatar"},"Qyzylorda":{"exemplarCity":"Qyzylorda"},"Rangoon":{"exemplarCity":"Rangoon"},"Riyadh":{"exemplarCity":"Riyadh"},"Saigon":{"exemplarCity":"TP Hồ Chí Minh"},"Sakhalin":{"exemplarCity":"Sakhalin"},"Samarkand":{"exemplarCity":"Samarkand"},"Seoul":{"exemplarCity":"Seoul"},"Shanghai":{"exemplarCity":"Thượng Hải"},"Singapore":{"exemplarCity":"Singapore"},"Srednekolymsk":{"exemplarCity":"Srednekolymsk"},"Taipei":{"exemplarCity":"Đài Bắc"},"Tashkent":{"exemplarCity":"Tashkent"},"Tbilisi":{"exemplarCity":"Tbilisi"},"Tehran":{"exemplarCity":"Tehran"},"Thimphu":{"exemplarCity":"Thimphu"},"Tokyo":{"exemplarCity":"Tokyo"},"Ulaanbaatar":{"exemplarCity":"Ulaanbaatar"},"Urumqi":{"exemplarCity":"Ô Lỗ Mộc Tề"},"Ust-Nera":{"exemplarCity":"Ust-Nera"},"Vientiane":{"exemplarCity":"Viêng Chăn"},"Vladivostok":{"exemplarCity":"Vladivostok"},"Yakutsk":{"exemplarCity":"Yakutsk"},"Yekaterinburg":{"exemplarCity":"Yekaterinburg"},"Yerevan":{"exemplarCity":"Yerevan"}},"Indian":{"Antananarivo":{"exemplarCity":"Antananarivo"},"Chagos":{"exemplarCity":"Chagos"},"Christmas":{"exemplarCity":"Christmas"},"Cocos":{"exemplarCity":"Cocos"},"Comoro":{"exemplarCity":"Comoro"},"Kerguelen":{"exemplarCity":"Kerguelen"},"Mahe":{"exemplarCity":"Mahe"},"Maldives":{"exemplarCity":"Maldives"},"Mauritius":{"exemplarCity":"Mauritius"},"Mayotte":{"exemplarCity":"Mayotte"},"Reunion":{"exemplarCity":"Reunion"}},"Australia":{"Adelaide":{"exemplarCity":"Adelaide"},"Brisbane":{"exemplarCity":"Brisbane"},"Broken_Hill":{"exemplarCity":"Broken Hill"},"Currie":{"exemplarCity":"Currie"},"Darwin":{"exemplarCity":"Darwin"},"Eucla":{"exemplarCity":"Eucla"},"Hobart":{"exemplarCity":"Hobart"},"Lindeman":{"exemplarCity":"Lindeman"},"Lord_Howe":{"exemplarCity":"Lord Howe"},"Melbourne":{"exemplarCity":"Melbourne"},"Perth":{"exemplarCity":"Perth"},"Sydney":{"exemplarCity":"Sydney"}},"Pacific":{"Apia":{"exemplarCity":"Apia"},"Auckland":{"exemplarCity":"Auckland"},"Bougainville":{"exemplarCity":"Bougainville"},"Chatham":{"exemplarCity":"Chatham"},"Easter":{"exemplarCity":"Easter"},"Efate":{"exemplarCity":"Efate"},"Enderbury":{"exemplarCity":"Enderbury"},"Fakaofo":{"exemplarCity":"Fakaofo"},"Fiji":{"exemplarCity":"Fiji"},"Funafuti":{"exemplarCity":"Funafuti"},"Galapagos":{"exemplarCity":"Galapagos"},"Gambier":{"exemplarCity":"Gambier"},"Guadalcanal":{"exemplarCity":"Guadalcanal"},"Guam":{"exemplarCity":"Guam"},"Honolulu":{"exemplarCity":"Honolulu"},"Johnston":{"exemplarCity":"Johnston"},"Kiritimati":{"exemplarCity":"Kiritimati"},"Kosrae":{"exemplarCity":"Kosrae"},"Kwajalein":{"exemplarCity":"Kwajalein"},"Majuro":{"exemplarCity":"Majuro"},"Marquesas":{"exemplarCity":"Marquesas"},"Midway":{"exemplarCity":"Midway"},"Nauru":{"exemplarCity":"Nauru"},"Niue":{"exemplarCity":"Niue"},"Norfolk":{"exemplarCity":"Norfolk"},"Noumea":{"exemplarCity":"Noumea"},"Pago_Pago":{"exemplarCity":"Pago Pago"},"Palau":{"exemplarCity":"Palau"},"Pitcairn":{"exemplarCity":"Pitcairn"},"Ponape":{"exemplarCity":"Pohnpei"},"Port_Moresby":{"exemplarCity":"Port Moresby"},"Rarotonga":{"exemplarCity":"Rarotonga"},"Saipan":{"exemplarCity":"Saipan"},"Tahiti":{"exemplarCity":"Tahiti"},"Tarawa":{"exemplarCity":"Tarawa"},"Tongatapu":{"exemplarCity":"Tongatapu"},"Truk":{"exemplarCity":"Chuuk"},"Wake":{"exemplarCity":"Wake"},"Wallis":{"exemplarCity":"Wallis"}},"Arctic":{"Longyearbyen":{"exemplarCity":"Longyearbyen"}},"Antarctica":{"Casey":{"exemplarCity":"Casey"},"Davis":{"exemplarCity":"Davis"},"DumontDUrville":{"exemplarCity":"Dumont d’Urville"},"Macquarie":{"exemplarCity":"Macquarie"},"Mawson":{"exemplarCity":"Mawson"},"McMurdo":{"exemplarCity":"McMurdo"},"Palmer":{"exemplarCity":"Palmer"},"Rothera":{"exemplarCity":"Rothera"},"Syowa":{"exemplarCity":"Syowa"},"Troll":{"exemplarCity":"Troll"},"Vostok":{"exemplarCity":"Vostok"}},"Etc":{"GMT":{"exemplarCity":"GMT"},"GMT1":{"exemplarCity":"GMT+1"},"GMT10":{"exemplarCity":"GMT+10"},"GMT11":{"exemplarCity":"GMT+11"},"GMT12":{"exemplarCity":"GMT+12"},"GMT2":{"exemplarCity":"GMT+2"},"GMT3":{"exemplarCity":"GMT+3"},"GMT4":{"exemplarCity":"GMT+4"},"GMT5":{"exemplarCity":"GMT+5"},"GMT6":{"exemplarCity":"GMT+6"},"GMT7":{"exemplarCity":"GMT+7"},"GMT8":{"exemplarCity":"GMT+8"},"GMT9":{"exemplarCity":"GMT+9"},"GMT-1":{"exemplarCity":"GMT-1"},"GMT-10":{"exemplarCity":"GMT-10"},"GMT-11":{"exemplarCity":"GMT-11"},"GMT-12":{"exemplarCity":"GMT-12"},"GMT-13":{"exemplarCity":"GMT-13"},"GMT-14":{"exemplarCity":"GMT-14"},"GMT-2":{"exemplarCity":"GMT-2"},"GMT-3":{"exemplarCity":"GMT-3"},"GMT-4":{"exemplarCity":"GMT-4"},"GMT-5":{"exemplarCity":"GMT-5"},"GMT-6":{"exemplarCity":"GMT-6"},"GMT-7":{"exemplarCity":"GMT-7"},"GMT-8":{"exemplarCity":"GMT-8"},"GMT-9":{"exemplarCity":"GMT-9"},"Unknown":{"exemplarCity":"Thành phố Không xác định"}}},"metazone":{"Acre":{"long":{"generic":"Giờ Acre","standard":"Giờ Chuẩn Acre","daylight":"Giờ Mùa Hè Acre"}},"Afghanistan":{"long":{"standard":"Giờ Afghanistan"}},"Africa_Central":{"long":{"standard":"Giờ Trung Phi"}},"Africa_Eastern":{"long":{"standard":"Giờ Đông Phi"}},"Africa_Southern":{"long":{"standard":"Giờ Chuẩn Nam Phi"}},"Africa_Western":{"long":{"generic":"Giờ Tây Phi","standard":"Giờ Chuẩn Tây Phi","daylight":"Giờ Mùa Hè Tây Phi"}},"Alaska":{"long":{"generic":"Giờ Alaska","standard":"Giờ Chuẩn Alaska","daylight":"Giờ Mùa Hè Alaska"}},"Almaty":{"long":{"generic":"Giờ Almaty","standard":"Giờ Chuẩn Almaty","daylight":"Giờ Mùa Hè Almaty"}},"Amazon":{"long":{"generic":"Giờ Amazon","standard":"Giờ Chuẩn Amazon","daylight":"Giờ Mùa Hè Amazon"}},"America_Central":{"long":{"generic":"Giờ miền trung","standard":"Giờ chuẩn miền trung","daylight":"Giờ ban ngày miền trung"}},"America_Eastern":{"long":{"generic":"Giờ miền đông","standard":"Giờ chuẩn miền đông","daylight":"Giờ ban ngày miền đông"}},"America_Mountain":{"long":{"generic":"Giờ miền núi","standard":"Giờ chuẩn miền núi","daylight":"Giờ ban ngày miền núi"}},"America_Pacific":{"long":{"generic":"Giờ Thái Bình Dương","standard":"Giờ chuẩn Thái Bình Dương","daylight":"Giờ ban ngày Thái Bình Dương"}},"Anadyr":{"long":{"generic":"Giờ Anadyr","standard":"Giờ Chuẩn Anadyr","daylight":"Giờ mùa hè Anadyr"}},"Apia":{"long":{"generic":"Giờ Apia","standard":"Giờ Chuẩn Apia","daylight":"Giờ Ban ngày Apia"}},"Aqtau":{"long":{"generic":"Giờ Aqtau","standard":"Giờ Chuẩn Aqtau","daylight":"Giờ Mùa Hè Aqtau"}},"Aqtobe":{"long":{"generic":"Giờ Aqtobe","standard":"Giờ Chuẩn Aqtobe","daylight":"Giờ Mùa Hè Aqtobe"}},"Arabian":{"long":{"generic":"Giờ Ả Rập","standard":"Giờ chuẩn Ả Rập","daylight":"Giờ Mùa Hè Ả Rập"}},"Argentina":{"long":{"generic":"Giờ Argentina","standard":"Giờ Chuẩn Argentina","daylight":"Giờ Mùa Hè Argentina"}},"Argentina_Western":{"long":{"generic":"Giờ miền tây Argentina","standard":"Giờ chuẩn miền mây Argentina","daylight":"Giờ mùa hè miền tây Argentina"}},"Armenia":{"long":{"generic":"Giờ Armenia","standard":"Giờ Chuẩn Armenia","daylight":"Giờ Mùa Hè Armenia"}},"Atlantic":{"long":{"generic":"Giờ Đại Tây Dương","standard":"Giờ Chuẩn Đại Tây Dương","daylight":"Giờ Mùa hè Đại Tây Dương"}},"Australia_Central":{"long":{"generic":"Giờ Miền Trung Nước Úc","standard":"Giờ Chuẩn Miền Trung Nước Úc","daylight":"Giờ Mùa Hè Miền Trung Nước Úc"}},"Australia_CentralWestern":{"long":{"generic":"Giờ Miền Trung Tây Nước Úc","standard":"Giờ Chuẩn Miền Trung Tây Nước Úc","daylight":"Giờ Mùa Hè Miền Trung Tây Nước Úc"}},"Australia_Eastern":{"long":{"generic":"Giờ Miền Đông Nước Úc","standard":"Giờ Chuẩn Miền Đông Nước Úc","daylight":"Giờ Mùa Hè Miền Đông Nước Úc"}},"Australia_Western":{"long":{"generic":"Giờ Miền Tây Nước Úc","standard":"Giờ Chuẩn Miền Tây Nước Úc","daylight":"Giờ Mùa Hè Miền Tây Nước Úc"}},"Azerbaijan":{"long":{"generic":"Giờ Azerbaijan","standard":"Giờ Chuẩn Azerbaijan","daylight":"Giờ Mùa Hè Azerbaijan"}},"Azores":{"long":{"generic":"Giờ Azores","standard":"Giờ Chuẩn Azores","daylight":"Giờ Mùa Hè Azores"}},"Bangladesh":{"long":{"generic":"Giờ Bangladesh","standard":"Giờ Chuẩn Bangladesh","daylight":"Giờ Mùa Hè Bangladesh"}},"Bhutan":{"long":{"standard":"Giờ Bhutan"}},"Bolivia":{"long":{"standard":"Giờ Bolivia"}},"Brasilia":{"long":{"generic":"Giờ Brasilia","standard":"Giờ Chuẩn Brasilia","daylight":"Giờ Mùa Hè Brasilia"}},"Brunei":{"long":{"standard":"Giờ Brunei Darussalam"}},"Cape_Verde":{"long":{"generic":"Giờ Cape Verde","standard":"Giờ Chuẩn Cape Verde","daylight":"Giờ Mùa Hè Cape Verde"}},"Chamorro":{"long":{"standard":"Giờ Chamorro"}},"Chatham":{"long":{"generic":"Giờ Chatham","standard":"Giờ Chuẩn Chatham","daylight":"Giờ Mùa Hè Chatham"}},"Chile":{"long":{"generic":"Giờ Chile","standard":"Giờ Chuẩn Chile","daylight":"Giờ Mùa Hè Chile"}},"China":{"long":{"generic":"Giờ Trung Quốc","standard":"Giờ Chuẩn Trung Quốc","daylight":"Giờ Mùa Hè Trung Quốc"}},"Choibalsan":{"long":{"generic":"Giờ Choibalsan","standard":"Giờ Chuẩn Choibalsan","daylight":"Giờ Mùa Hè Choibalsan"}},"Christmas":{"long":{"standard":"Giờ Đảo Christmas"}},"Cocos":{"long":{"standard":"Giờ Quần Đảo Cocos"}},"Colombia":{"long":{"generic":"Giờ Colombia","standard":"Giờ Chuẩn Colombia","daylight":"Giờ Mùa Hè Colombia"}},"Cook":{"long":{"generic":"Giờ Quần Đảo Cook","standard":"Giờ Chuẩn Quần Đảo Cook","daylight":"Giờ Nửa Mùa Hè Quần Đảo Cook"}},"Cuba":{"long":{"generic":"Giờ Cuba","standard":"Giờ Chuẩn Cuba","daylight":"Giờ Mùa Hè Cuba"}},"Davis":{"long":{"standard":"Giờ Davis"}},"DumontDUrville":{"long":{"standard":"Giờ Dumont-d’Urville"}},"East_Timor":{"long":{"standard":"Giờ Đông Timor"}},"Easter":{"long":{"generic":"Giờ Đảo Phục Sinh","standard":"Giờ Chuẩn Đảo Phục Sinh","daylight":"Giờ Mùa Hè Đảo Phục Sinh"}},"Ecuador":{"long":{"standard":"Giờ Ecuador"}},"Europe_Central":{"long":{"generic":"Giờ Trung Âu","standard":"Giờ Chuẩn Trung Âu","daylight":"Giờ Mùa Hè Trung Âu"}},"Europe_Eastern":{"long":{"generic":"Giờ Đông Âu","standard":"Giờ Chuẩn Đông Âu","daylight":"Giờ Mùa Hè Đông Âu"}},"Europe_Further_Eastern":{"long":{"standard":"Giờ Châu Âu Viễn Đông"}},"Europe_Western":{"long":{"generic":"Giờ Tây Âu","standard":"Giờ Chuẩn Tây Âu","daylight":"Giờ Mùa hè Tây Âu"}},"Falkland":{"long":{"generic":"Giờ Quần Đảo Falkland","standard":"Giờ Chuẩn Quần Đảo Falkland","daylight":"Giờ Mùa Hè Quần Đảo Falkland"}},"Fiji":{"long":{"generic":"Giờ Fiji","standard":"Giờ Chuẩn Fiji","daylight":"Giờ Mùa Hè Fiji"}},"French_Guiana":{"long":{"standard":"Giờ Guiana thuộc Pháp"}},"French_Southern":{"long":{"standard":"Giờ Nam Cực và Nam Nước Pháp"}},"GMT":{"long":{"standard":"Giờ Trung bình Greenwich"}},"Galapagos":{"long":{"standard":"Giờ Galapagos"}},"Gambier":{"long":{"standard":"Giờ Gambier"}},"Georgia":{"long":{"generic":"Giờ Georgia","standard":"Giờ Chuẩn Georgia","daylight":"Giờ Mùa Hè Georgia"}},"Gilbert_Islands":{"long":{"standard":"Giờ Quần Đảo Gilbert"}},"Greenland_Eastern":{"long":{"generic":"Giờ Miền Đông Greenland","standard":"Giờ Chuẩn Miền Đông Greenland","daylight":"Giờ Mùa Hè Miền Đông Greenland"}},"Greenland_Western":{"long":{"generic":"Giờ Miền Tây Greenland","standard":"Giờ Chuẩn Miền Tây Greenland","daylight":"Giờ Mùa Hè Miền Tây Greenland"}},"Guam":{"long":{"standard":"Giờ Chuẩn Guam"}},"Gulf":{"long":{"standard":"Giờ Chuẩn Vùng Vịnh"}},"Guyana":{"long":{"standard":"Giờ Guyana"}},"Hawaii_Aleutian":{"long":{"generic":"Giờ Hawaii-Aleutian","standard":"Giờ Chuẩn Hawaii-Aleutian","daylight":"Giờ Mùa Hè Hawaii-Aleutian"}},"Hong_Kong":{"long":{"generic":"Giờ Hồng Kông","standard":"Giờ Chuẩn Hồng Kông","daylight":"Giờ Mùa Hè Hồng Kông"}},"Hovd":{"long":{"generic":"Giờ Hovd","standard":"Giờ Chuẩn Hovd","daylight":"Giờ Mùa Hè Hovd"}},"India":{"long":{"standard":"Giờ Chuẩn Ấn Độ"}},"Indian_Ocean":{"long":{"standard":"Giờ Ấn Độ Dương"}},"Indochina":{"long":{"standard":"Giờ Đông Dương"}},"Indonesia_Central":{"long":{"standard":"Giờ Miền Trung Indonesia"}},"Indonesia_Eastern":{"long":{"standard":"Giờ Miền Đông Indonesia"}},"Indonesia_Western":{"long":{"standard":"Giờ Miền Tây Indonesia"}},"Iran":{"long":{"generic":"Giờ Iran","standard":"Giờ Chuẩn Iran","daylight":"Giờ Mùa Hè Iran"}},"Irkutsk":{"long":{"generic":"Giờ Irkutsk","standard":"Giờ Chuẩn Irkutsk","daylight":"Giờ Mùa Hè Irkutsk"}},"Israel":{"long":{"generic":"Giờ Israel","standard":"Giờ Chuẩn Israel","daylight":"Giờ Mùa Hè Israel"}},"Japan":{"long":{"generic":"Giờ Nhật Bản","standard":"Giờ Chuẩn Nhật Bản","daylight":"Giờ Mùa Hè Nhật Bản"}},"Kamchatka":{"long":{"generic":"Giờ Petropavlovsk-Kamchatski","standard":"Giờ chuẩn Petropavlovsk-Kamchatski","daylight":"Giờ mùa hè Petropavlovsk-Kamchatski"}},"Kazakhstan_Eastern":{"long":{"standard":"Giờ Miền Đông Kazakhstan"}},"Kazakhstan_Western":{"long":{"standard":"Giờ Miền Tây Kazakhstan"}},"Korea":{"long":{"generic":"Giờ Hàn Quốc","standard":"Giờ Chuẩn Hàn Quốc","daylight":"Giờ Mùa Hè Hàn Quốc"}},"Kosrae":{"long":{"standard":"Giờ Kosrae"}},"Krasnoyarsk":{"long":{"generic":"Giờ Krasnoyarsk","standard":"Giờ Chuẩn Krasnoyarsk","daylight":"Giờ Mùa Hè Krasnoyarsk"}},"Kyrgystan":{"long":{"standard":"Giờ Kyrgystan"}},"Lanka":{"long":{"standard":"Giờ Lanka"}},"Line_Islands":{"long":{"standard":"Giờ Quần Đảo Line"}},"Lord_Howe":{"long":{"generic":"Giờ Lord Howe","standard":"Giờ Chuẩn Lord Howe","daylight":"Giờ Mùa Hè Lord Howe"}},"Macau":{"long":{"generic":"Giờ Ma Cao","standard":"Giờ Chuẩn Ma Cao","daylight":"Giờ Mùa Hè Ma Cao"}},"Macquarie":{"long":{"standard":"Giờ đảo Macquarie"}},"Magadan":{"long":{"generic":"Giờ Magadan","standard":"Giờ Chuẩn Magadan","daylight":"Giờ mùa hè Magadan"}},"Malaysia":{"long":{"standard":"Giờ Malaysia"}},"Maldives":{"long":{"standard":"Giờ Maldives"}},"Marquesas":{"long":{"standard":"Giờ Marquesas"}},"Marshall_Islands":{"long":{"standard":"Giờ Quần Đảo Marshall"}},"Mauritius":{"long":{"generic":"Giờ Mauritius","standard":"Giờ Chuẩn Mauritius","daylight":"Giờ Mùa Hè Mauritius"}},"Mawson":{"long":{"standard":"Giờ Mawson"}},"Mexico_Northwest":{"long":{"generic":"Giờ Tây Bắc Mexico","standard":"Giờ Chuẩn Tây Bắc Mexico","daylight":"Giờ Mùa Hè Tây Bắc Mexico"}},"Mexico_Pacific":{"long":{"generic":"Giờ Thái Bình Dương Mexico","standard":"Giờ Chuẩn Thái Bình Dương Mexico","daylight":"Giờ Mùa Hè Thái Bình Dương Mexico"}},"Mongolia":{"long":{"generic":"Giờ Ulan Bator","standard":"Giờ chuẩn Ulan Bator","daylight":"Giờ mùa hè Ulan Bator"}},"Moscow":{"long":{"generic":"Giờ Matxcơva","standard":"Giờ Chuẩn Matxcơva","daylight":"Giờ Mùa Hè Matxcơva"}},"Myanmar":{"long":{"standard":"Giờ Myanmar"}},"Nauru":{"long":{"standard":"Giờ Nauru"}},"Nepal":{"long":{"standard":"Giờ Nepal"}},"New_Caledonia":{"long":{"generic":"Giờ New Caledonia","standard":"Giờ Chuẩn New Caledonia","daylight":"Giờ Mùa Hè New Caledonia"}},"New_Zealand":{"long":{"generic":"Giờ New Zealand","standard":"Giờ Chuẩn New Zealand","daylight":"Giờ Mùa Hè New Zealand"}},"Newfoundland":{"long":{"generic":"Giờ Newfoundland","standard":"Giờ Chuẩn Newfoundland","daylight":"Giờ Mùa Hè Newfoundland"}},"Niue":{"long":{"standard":"Giờ Niue"}},"Norfolk":{"long":{"standard":"Giờ đảo Norfolk"}},"Noronha":{"long":{"generic":"Giờ Fernando de Noronha","standard":"Giờ Chuẩn Fernando de Noronha","daylight":"Giờ Mùa Hè Fernando de Noronha"}},"North_Mariana":{"long":{"standard":"Giờ Quần Đảo Bắc Mariana"}},"Novosibirsk":{"long":{"generic":"Giờ Novosibirsk","standard":"Giờ chuẩn Novosibirsk","daylight":"Giờ mùa hè Novosibirsk"}},"Omsk":{"long":{"generic":"Giờ Omsk","standard":"Giờ chuẩn Omsk","daylight":"Giờ mùa hè Omsk"}},"Pakistan":{"long":{"generic":"Giờ Pakistan","standard":"Giờ Chuẩn Pakistan","daylight":"Giờ Mùa Hè Pakistan"}},"Palau":{"long":{"standard":"Giờ Palau"}},"Papua_New_Guinea":{"long":{"standard":"Giờ Papua New Guinea"}},"Paraguay":{"long":{"generic":"Giờ Paraguay","standard":"Giờ Chuẩn Paraguay","daylight":"Giờ Mùa Hè Paraguay"}},"Peru":{"long":{"generic":"Giờ Peru","standard":"Giờ Chuẩn Peru","daylight":"Giờ Mùa Hè Peru"}},"Philippines":{"long":{"generic":"Giờ Philippin","standard":"Giờ Chuẩn Philippin","daylight":"Giờ Mùa Hè Philippin"}},"Phoenix_Islands":{"long":{"standard":"Giờ Quần Đảo Phoenix"}},"Pierre_Miquelon":{"long":{"generic":"Giờ Saint Pierre và Miquelon","standard":"Giờ Chuẩn Saint Pierre và Miquelon","daylight":"Giờ Mùa Hè Saint Pierre và Miquelon"}},"Pitcairn":{"long":{"standard":"Giờ Pitcairn"}},"Ponape":{"long":{"standard":"Giờ Ponape"}},"Qyzylorda":{"long":{"generic":"Giờ Qyzylorda","standard":"Giờ Chuẩn Qyzylorda","daylight":"Giờ Mùa Hè Qyzylorda"}},"Reunion":{"long":{"standard":"Giờ Reunion"}},"Rothera":{"long":{"standard":"Giờ Rothera"}},"Sakhalin":{"long":{"generic":"Giờ Sakhalin","standard":"Giờ Chuẩn Sakhalin","daylight":"Giờ mùa hè Sakhalin"}},"Samara":{"long":{"generic":"Giờ Samara","standard":"Giờ Chuẩn Samara","daylight":"Giờ mùa hè Samara"}},"Samoa":{"long":{"generic":"Giờ Samoa","standard":"Giờ Chuẩn Samoa","daylight":"Giờ ban ngày Samoa"}},"Seychelles":{"long":{"standard":"Giờ Seychelles"}},"Singapore":{"long":{"standard":"Giờ Singapore"}},"Solomon":{"long":{"standard":"Giờ Quần Đảo Solomon"}},"South_Georgia":{"long":{"standard":"Giờ Nam Georgia"}},"Suriname":{"long":{"standard":"Giờ Suriname"}},"Syowa":{"long":{"standard":"Giờ Syowa"}},"Tahiti":{"long":{"standard":"Giờ Tahiti"}},"Taipei":{"long":{"generic":"Giờ Đài Bắc","standard":"Giờ Chuẩn Đài Bắc","daylight":"Giờ Mùa Hè Đài Bắc"}},"Tajikistan":{"long":{"standard":"Giờ Tajikistan"}},"Tokelau":{"long":{"standard":"Giờ Tokelau"}},"Tonga":{"long":{"generic":"Giờ Tonga","standard":"Giờ Chuẩn Tonga","daylight":"Giờ Mùa Hè Tonga"}},"Truk":{"long":{"standard":"Giờ Chuuk"}},"Turkmenistan":{"long":{"generic":"Giờ Turkmenistan","standard":"Giờ Chuẩn Turkmenistan","daylight":"Giờ Mùa Hè Turkmenistan"}},"Tuvalu":{"long":{"standard":"Giờ Tuvalu"}},"Uruguay":{"long":{"generic":"Giờ Uruguay","standard":"Giờ Chuẩn Uruguay","daylight":"Giờ Mùa Hè Uruguay"}},"Uzbekistan":{"long":{"generic":"Giờ Uzbekistan","standard":"Giờ Chuẩn Uzbekistan","daylight":"Giờ Mùa Hè Uzbekistan"}},"Vanuatu":{"long":{"generic":"Giờ Vanuatu","standard":"Giờ Chuẩn Vanuatu","daylight":"Giờ Mùa Hè Vanuatu"}},"Venezuela":{"long":{"standard":"Giờ Venezuela"}},"Vladivostok":{"long":{"generic":"Giờ Vladivostok","standard":"Giờ Chuẩn Vladivostok","daylight":"Giờ mùa hè Vladivostok"}},"Volgograd":{"long":{"generic":"Giờ Volgograd","standard":"Giờ Chuẩn Volgograd","daylight":"Giờ Mùa Hè Volgograd"}},"Vostok":{"long":{"standard":"Giờ Vostok"}},"Wake":{"long":{"standard":"Giờ Đảo Wake"}},"Wallis":{"long":{"standard":"Giờ Wallis và Futuna"}},"Yakutsk":{"long":{"generic":"Giờ Yakutsk","standard":"Giờ Chuẩn Yakutsk","daylight":"Giờ mùa hè Yakutsk"}},"Yekaterinburg":{"long":{"generic":"Giờ Yekaterinburg","standard":"Giờ Chuẩn Yekaterinburg","daylight":"Giờ mùa hè Yekaterinburg"}}}}